[09апр.2026 16:42:38.654] [main/INFO] [cpw.mods.modlauncher.Launcher/MODLAUNCHER]: ModLauncher running: args [--launchTarget, forgeclientdev, --version, 21.1.214, --assetIndex, 17, --assetsDir, C:\\Users\\MrUtcka\\.gradle\\caches\\neoformruntime\\assets, --gameDir, ., --fml.fmlVersion, 4.0.42, --fml.mcVersion, 1.21.1, --fml.neoForgeVersion, 21.1.214, --fml.neoFormVersion, 20240808.144430]
[09апр.2026 16:42:38.661] [main/INFO] [cpw.mods.modlauncher.Launcher/MODLAUNCHER]: JVM identified as Eclipse Adoptium OpenJDK 64-Bit Server VM 21.0.9+10-LTS
[09апр.2026 16:42:38.663] [main/INFO] [cpw.mods.modlauncher.Launcher/MODLAUNCHER]: ModLauncher 11.0.5+main.901c6ea8 starting: java version 21.0.9 by Eclipse Adoptium; OS Windows 10 arch amd64 version 10.0
[09апр.2026 16:42:38.689] [main/DEBUG] [cpw.mods.modlauncher.LaunchServiceHandler/MODLAUNCHER]: Found launch services [minecraft,forgeclient,forgedatauserdev,testharness,forgeserverdev,forgeserveruserdev,forgejunitdev,forgeclientdev,forgeclientuserdev,forgeserver,forgejunituserdev,forgedatadev]
[09апр.2026 16:42:38.708] [main/DEBUG] [cpw.mods.modlauncher.LaunchPluginHandler/MODLAUNCHER]: Found launch plugins: [mixin,slf4jfixer,runtime_enum_extender,accesstransformer,runtimedistcleaner]
[09апр.2026 16:42:38.717] [main/DEBUG] [cpw.mods.modlauncher.TransformationServicesHandler/MODLAUNCHER]: Discovering transformation services
[09апр.2026 16:42:38.722] [main/DEBUG] [net.neoforged.fml.loading.FMLPaths/CORE]: Path GAMEDIR is X:\Lariem\lvluping\run
[09апр.2026 16:42:38.723] [main/DEBUG] [net.neoforged.fml.loading.FMLPaths/CORE]: Path MODSDIR is X:\Lariem\lvluping\run\mods
[09апр.2026 16:42:38.723] [main/DEBUG] [net.neoforged.fml.loading.FMLPaths/CORE]: Path CONFIGDIR is X:\Lariem\lvluping\run\config
[09апр.2026 16:42:38.723] [main/DEBUG] [net.neoforged.fml.loading.FMLPaths/CORE]: Path FMLCONFIG is X:\Lariem\lvluping\run\config\fml.toml
[09апр.2026 16:42:38.776] [main/DEBUG] [net.neoforged.fml.loading.targets.CommonLaunchHandler/CORE]: Got mod coordinates lvluping%%X:\Lariem\lvluping\build\classes\java\main;lvluping%%X:\Lariem\lvluping\build\resources\main from env
[09апр.2026 16:42:38.778] [main/DEBUG] [net.neoforged.fml.loading.targets.CommonLaunchHandler/CORE]: Found supplied mod coordinates [{lvluping=[X:\Lariem\lvluping\build\classes\java\main, X:\Lariem\lvluping\build\resources\main]}]
[09апр.2026 16:42:38.780] [main/DEBUG] [cpw.mods.modlauncher.TransformationServicesHandler/MODLAUNCHER]: Found additional transformation services from discovery services: 
[09апр.2026 16:42:38.790] [main/INFO] [net.neoforged.fml.loading.ImmediateWindowHandler/]: Loading ImmediateWindowProvider fmlearlywindow
[09апр.2026 16:42:38.935] [main/INFO] [EARLYDISPLAY/]: Trying GL version 4.6
[09апр.2026 16:42:39.146] [main/INFO] [EARLYDISPLAY/]: Requested GL version 4.6 got version 4.6
[09апр.2026 16:42:39.213] [main/DEBUG] [cpw.mods.modlauncher.TransformationServicesHandler/MODLAUNCHER]: Found transformer services : [mixin,fml]
[09апр.2026 16:42:39.213] [main/DEBUG] [cpw.mods.modlauncher.TransformationServicesHandler/MODLAUNCHER]: Transformation services loading
[09апр.2026 16:42:39.214] [main/DEBUG] [cpw.mods.modlauncher.TransformationServiceDecorator/MODLAUNCHER]: Loading service mixin
[09апр.2026 16:42:39.216] [main/DEBUG] [cpw.mods.modlauncher.TransformationServiceDecorator/MODLAUNCHER]: Loaded service mixin
[09апр.2026 16:42:39.216] [main/DEBUG] [cpw.mods.modlauncher.TransformationServiceDecorator/MODLAUNCHER]: Loading service fml
[09апр.2026 16:42:39.217] [main/DEBUG] [net.neoforged.fml.loading.FMLLoader/CORE]: FML 4.0.42 loading
[09апр.2026 16:42:39.217] [main/DEBUG] [net.neoforged.fml.loading.FMLLoader/CORE]: FML found ModLauncher version : 11.0.5+main.901c6ea8
[09апр.2026 16:42:39.218] [main/DEBUG] [net.neoforged.fml.loading.FMLLoader/CORE]: FML found AccessTransformer version : 10.0.1+139da711
[09апр.2026 16:42:39.218] [main/DEBUG] [net.neoforged.fml.loading.FMLLoader/CORE]: FML found EventBus version : null
[09апр.2026 16:42:39.219] [main/DEBUG] [net.neoforged.fml.loading.FMLLoader/CORE]: Found Runtime Dist Cleaner
[09апр.2026 16:42:39.219] [main/DEBUG] [cpw.mods.modlauncher.TransformationServiceDecorator/MODLAUNCHER]: Loaded service fml
[09апр.2026 16:42:39.220] [main/DEBUG] [cpw.mods.modlauncher.TransformationServicesHandler/MODLAUNCHER]: Configuring option handling for services
[09апр.2026 16:42:39.236] [main/DEBUG] [net.neoforged.fml.loading.FMLServiceProvider/CORE]: Received command line version data  : VersionInfo[neoForgeVersion=21.1.214, fmlVersion=4.0.42, mcVersion=1.21.1, neoFormVersion=20240808.144430]
[09апр.2026 16:42:39.237] [main/DEBUG] [cpw.mods.modlauncher.TransformationServicesHandler/MODLAUNCHER]: Transformation services initializing
[09апр.2026 16:42:39.237] [main/DEBUG] [cpw.mods.modlauncher.TransformationServiceDecorator/MODLAUNCHER]: Initializing transformation service mixin
[09апр.2026 16:42:39.255] [main/DEBUG] [mixin/]: MixinService [ModLauncher] was successfully booted in cpw.mods.cl.ModuleClassLoader@289d1c02
[09апр.2026 16:42:39.274] [main/INFO] [mixin/]: SpongePowered MIXIN Subsystem Version=0.8.7 Source=union:/C:/Users/MrUtcka/.gradle/caches/modules-2/files-2.1/net.fabricmc/sponge-mixin/0.15.2+mixin.0.8.7/2af2f021d8e02a0220dc27a7a72b4666d66d44ca/sponge-mixin-0.15.2+mixin.0.8.7.jar%23138!/ Service=ModLauncher Env=CLIENT
[09апр.2026 16:42:39.277] [main/DEBUG] [mixin/]: Initialising Mixin Platform Manager
[09апр.2026 16:42:39.278] [main/DEBUG] [mixin/]: Adding mixin platform agents for container ModLauncher Root Container(ModLauncher:4f56a0a2)
[09апр.2026 16:42:39.278] [main/DEBUG] [mixin/]: Instancing new MixinPlatformAgentMinecraftForge for ModLauncher Root Container(ModLauncher:4f56a0a2)
[09апр.2026 16:42:39.279] [main/DEBUG] [mixin/]: MixinPlatformAgentMinecraftForge rejected container ModLauncher Root Container(ModLauncher:4f56a0a2)
[09апр.2026 16:42:39.280] [main/DEBUG] [mixin/]: Instancing new MixinPlatformAgentDefault for ModLauncher Root Container(ModLauncher:4f56a0a2)
[09апр.2026 16:42:39.280] [main/DEBUG] [mixin/]: MixinPlatformAgentDefault accepted container ModLauncher Root Container(ModLauncher:4f56a0a2)
[09апр.2026 16:42:39.282] [main/DEBUG] [cpw.mods.modlauncher.TransformationServiceDecorator/MODLAUNCHER]: Initialized transformation service mixin
[09апр.2026 16:42:39.282] [main/DEBUG] [cpw.mods.modlauncher.TransformationServiceDecorator/MODLAUNCHER]: Initializing transformation service fml
[09апр.2026 16:42:39.283] [main/DEBUG] [net.neoforged.fml.loading.FMLServiceProvider/CORE]: Setting up basic FML game directories
[09апр.2026 16:42:39.283] [main/DEBUG] [net.neoforged.fml.loading.FMLPaths/CORE]: Path GAMEDIR is X:\Lariem\lvluping\run
[09апр.2026 16:42:39.283] [main/DEBUG] [net.neoforged.fml.loading.FMLPaths/CORE]: Path MODSDIR is X:\Lariem\lvluping\run\mods
[09апр.2026 16:42:39.283] [main/DEBUG] [net.neoforged.fml.loading.FMLPaths/CORE]: Path CONFIGDIR is X:\Lariem\lvluping\run\config
[09апр.2026 16:42:39.284] [main/DEBUG] [net.neoforged.fml.loading.FMLPaths/CORE]: Path FMLCONFIG is X:\Lariem\lvluping\run\config\fml.toml
[09апр.2026 16:42:39.284] [main/DEBUG] [net.neoforged.fml.loading.FMLServiceProvider/CORE]: Loading configuration
[09апр.2026 16:42:39.287] [main/DEBUG] [net.neoforged.fml.loading.FMLServiceProvider/CORE]: Preparing launch handler
[09апр.2026 16:42:39.288] [main/DEBUG] [net.neoforged.fml.loading.FMLLoader/CORE]: Using forgeclientdev as launch service
[09апр.2026 16:42:39.291] [main/DEBUG] [cpw.mods.modlauncher.TransformationServiceDecorator/MODLAUNCHER]: Initialized transformation service fml
[09апр.2026 16:42:39.291] [main/DEBUG] [cpw.mods.modlauncher.TransformationServicesHandler/MODLAUNCHER]: Transformation services begin scanning
[09апр.2026 16:42:39.292] [main/DEBUG] [cpw.mods.modlauncher.TransformationServiceDecorator/MODLAUNCHER]: Beginning scan trigger - transformation service mixin
[09апр.2026 16:42:39.292] [main/DEBUG] [cpw.mods.modlauncher.TransformationServiceDecorator/MODLAUNCHER]: End scan trigger - transformation service mixin
[09апр.2026 16:42:39.292] [main/DEBUG] [cpw.mods.modlauncher.TransformationServiceDecorator/MODLAUNCHER]: Beginning scan trigger - transformation service fml
[09апр.2026 16:42:39.292] [main/DEBUG] [net.neoforged.fml.loading.FMLServiceProvider/CORE]: Initiating mod scan
[09апр.2026 16:42:39.293] [main/DEBUG] [net.neoforged.fml.loading.targets.CommonLaunchHandler/CORE]: Got mod coordinates lvluping%%X:\Lariem\lvluping\build\classes\java\main;lvluping%%X:\Lariem\lvluping\build\resources\main from env
[09апр.2026 16:42:39.293] [main/DEBUG] [net.neoforged.fml.loading.targets.CommonLaunchHandler/CORE]: Found supplied mod coordinates [{lvluping=[X:\Lariem\lvluping\build\classes\java\main, X:\Lariem\lvluping\build\resources\main]}]
[09апр.2026 16:42:39.294] [main/DEBUG] [net.neoforged.fml.loading.targets.CommonDevLaunchHandler/]: Launching with NeoForge from X:\Lariem\lvluping\build\moddev\artifacts\neoforge-21.1.214.jar
[09апр.2026 16:42:39.309] [main/DEBUG] [net.neoforged.fml.util.ServiceLoaderUtil/CORE]: Found 4 implementations of IModFileCandidateLocator:
[09апр.2026 16:42:39.310] [main/DEBUG] [net.neoforged.fml.util.ServiceLoaderUtil/CORE]: 	       0 - [built-in] net.neoforged.fml.loading.moddiscovery.locators.NeoForgeDevProvider from loader-4.0.42.jar
[09апр.2026 16:42:39.311] [main/DEBUG] [net.neoforged.fml.util.ServiceLoaderUtil/CORE]: 	       0 - net.neoforged.fml.loading.moddiscovery.locators.ModsFolderLocator from loader-4.0.42.jar
[09апр.2026 16:42:39.311] [main/DEBUG] [net.neoforged.fml.util.ServiceLoaderUtil/CORE]: 	       0 - net.neoforged.fml.loading.moddiscovery.locators.MavenDirectoryLocator from loader-4.0.42.jar
[09апр.2026 16:42:39.312] [main/DEBUG] [net.neoforged.fml.util.ServiceLoaderUtil/CORE]: 	   -1000 - [built-in] net.neoforged.fml.loading.moddiscovery.locators.UserdevLocator from loader-4.0.42.jar
[09апр.2026 16:42:39.314] [main/DEBUG] [net.neoforged.fml.util.ServiceLoaderUtil/CORE]: Found 2 implementations of IModFileReader:
[09апр.2026 16:42:39.314] [main/DEBUG] [net.neoforged.fml.util.ServiceLoaderUtil/CORE]: 	       0 - net.neoforged.fml.loading.moddiscovery.readers.JarModsDotTomlModFileReader from loader-4.0.42.jar
[09апр.2026 16:42:39.314] [main/DEBUG] [net.neoforged.fml.util.ServiceLoaderUtil/CORE]: 	   -1000 - net.neoforged.fml.loading.moddiscovery.readers.NestedLibraryModReader from loader-4.0.42.jar
[09апр.2026 16:42:39.316] [main/DEBUG] [net.neoforged.fml.util.ServiceLoaderUtil/CORE]: Found 1 implementations of IDependencyLocator:
[09апр.2026 16:42:39.316] [main/DEBUG] [net.neoforged.fml.util.ServiceLoaderUtil/CORE]: 	       0 - net.neoforged.fml.loading.moddiscovery.locators.JarInJarDependencyLocator from loader-4.0.42.jar
[09апр.2026 16:42:39.414] [main/DEBUG] [net.neoforged.fml.loading.moddiscovery.ModFileInfo/LOADING]: Found valid mod file neoforge-21.1.214.jar with {minecraft} mods - versions {1.21.1}
[09апр.2026 16:42:39.423] [main/DEBUG] [net.neoforged.fml.loading.moddiscovery.ModFileParser/LOADING]: Considering mod file candidate X:\Lariem\lvluping\build\moddev\artifacts\neoforge-21.1.214.jar
[09апр.2026 16:42:39.440] [main/DEBUG] [net.neoforged.fml.loading.moddiscovery.ModFileInfo/LOADING]: Found valid mod file neoforge-21.1.214.jar with {neoforge} mods - versions {21.1.214}
[09апр.2026 16:42:39.448] [main/DEBUG] [net.neoforged.fml.loading.moddiscovery.ModFileParser/LOADING]: Considering mod file candidate X:\Lariem\lvluping\run\mods\ars_nouveau-1.21.1-5.10.6.jar
[09апр.2026 16:42:39.460] [main/DEBUG] [net.neoforged.fml.loading.moddiscovery.ModFileInfo/LOADING]: Found valid mod file ars_nouveau-1.21.1-5.10.6.jar with {ars_nouveau} mods - versions {5.10.6}
[09апр.2026 16:42:39.463] [main/DEBUG] [net.neoforged.fml.loading.moddiscovery.ModFileParser/LOADING]: Considering mod file candidate X:\Lariem\lvluping\run\mods\curios-neoforge-9.5.1+1.21.1.jar
[09апр.2026 16:42:39.465] [main/DEBUG] [net.neoforged.fml.loading.moddiscovery.ModFileInfo/LOADING]: Found valid mod file curios-neoforge-9.5.1+1.21.1.jar with {curios} mods - versions {9.5.1+1.21.1}
[09апр.2026 16:42:39.467] [main/DEBUG] [net.neoforged.fml.loading.moddiscovery.ModFileParser/LOADING]: Considering mod file candidate X:\Lariem\lvluping\run\mods\geckolib-neoforge-1.21.1-4.8.2.jar
[09апр.2026 16:42:39.469] [main/DEBUG] [net.neoforged.fml.loading.moddiscovery.ModFileInfo/LOADING]: Found valid mod file geckolib-neoforge-1.21.1-4.8.2.jar with {geckolib} mods - versions {4.8.2}
[09апр.2026 16:42:39.471] [main/DEBUG] [net.neoforged.fml.loading.moddiscovery.ModFileParser/LOADING]: Considering mod file candidate X:\Lariem\lvluping\run\mods\health-damage-hud-1.jar
[09апр.2026 16:42:39.472] [main/DEBUG] [net.neoforged.fml.loading.moddiscovery.ModFileInfo/LOADING]: Found valid mod file health-damage-hud-1.jar with {mr_health_damagehud} mods - versions {1}
[09апр.2026 16:42:39.475] [main/DEBUG] [net.neoforged.fml.loading.moddiscovery.ModListHandler/CORE]: Found mod coordinates from lists: []
[09апр.2026 16:42:39.477] [main/DEBUG] [net.neoforged.fml.loading.moddiscovery.ModFileParser/LOADING]: Considering mod file candidate X:\Lariem\lvluping\build\classes\java\main
[09апр.2026 16:42:39.479] [pool-2-thread-1/INFO] [EARLYDISPLAY/]: GL info: NVIDIA GeForce RTX 3050 Laptop GPU/PCIe/SSE2 GL version 4.6.0 NVIDIA 591.59, NVIDIA Corporation
[09апр.2026 16:42:39.481] [main/DEBUG] [net.neoforged.fml.loading.moddiscovery.ModFileInfo/LOADING]: Found valid mod file main with {lvluping} mods - versions {1.0 alpha}
[09апр.2026 16:42:39.489] [main/DEBUG] [net.neoforged.fml.loading.moddiscovery.ModFileParser/LOADING]: Considering mod file candidate X:\Lariem\lvluping\build\moddev\artifacts\neoforge-21.1.214.jar
[09апр.2026 16:42:39.491] [main/DEBUG] [net.neoforged.fml.loading.moddiscovery.ModFileInfo/LOADING]: Found valid mod file neoforge-21.1.214.jar with {neoforge} mods - versions {21.1.214}
[09апр.2026 16:42:39.530] [main/DEBUG] [net.neoforged.fml.loading.moddiscovery.ModDiscoverer/]: Skipping C:\Users\MrUtcka\.gradle\caches\modules-2\files-2.1\net.neoforged.fancymodloader\earlydisplay\4.0.42\46555dbfff14e9e052f1f693aed14d542a74e111\earlydisplay-4.0.42.jar because it was already located earlier
[09апр.2026 16:42:39.530] [main/DEBUG] [net.neoforged.fml.loading.moddiscovery.ModDiscoverer/]: Skipping C:\Users\MrUtcka\.gradle\caches\modules-2\files-2.1\net.neoforged.fancymodloader\loader\4.0.42\76e15f98bf676fb44b36c5e776f52a55581ec43a\loader-4.0.42.jar because it was already located earlier
[09апр.2026 16:42:39.530] [main/DEBUG] [net.neoforged.fml.loading.moddiscovery.ModDiscoverer/]: Skipping C:\Users\MrUtcka\.gradle\caches\modules-2\files-2.1\net.neoforged.accesstransformers\at-modlauncher\10.0.1\5aba50202aceead086bc09fbc2751c9f05cb4890\at-modlauncher-10.0.1.jar because it was already located earlier
[09апр.2026 16:42:39.531] [main/DEBUG] [net.neoforged.fml.loading.moddiscovery.ModDiscoverer/]: Skipping C:\Users\MrUtcka\.gradle\caches\modules-2\files-2.1\net.neoforged\accesstransformers\10.0.1\fd83b5725f76eae9115e9355fa1c456a6a441400\accesstransformers-10.0.1.jar because it was already located earlier
[09апр.2026 16:42:39.531] [main/DEBUG] [net.neoforged.fml.loading.moddiscovery.ModDiscoverer/]: Skipping C:\Users\MrUtcka\.gradle\caches\modules-2\files-2.1\net.neoforged\bus\8.0.5\5b2d33285ab5d1554e9798ad98c40d6ea3868bd5\bus-8.0.5.jar because it was already located earlier
[09апр.2026 16:42:39.531] [main/DEBUG] [net.neoforged.fml.loading.moddiscovery.ModDiscoverer/]: Skipping C:\Users\MrUtcka\.gradle\caches\modules-2\files-2.1\net.neoforged\coremods\7.0.3\9147e6f638b4272b3bd5fc8f92ad37802512c6c\coremods-7.0.3.jar because it was already located earlier
[09апр.2026 16:42:39.531] [main/DEBUG] [net.neoforged.fml.loading.moddiscovery.ModDiscoverer/]: Skipping C:\Users\MrUtcka\.gradle\caches\modules-2\files-2.1\cpw.mods\modlauncher\11.0.5\b8f0d49294f733fdb6173931b263553e943dc950\modlauncher-11.0.5.jar because it was already located earlier
[09апр.2026 16:42:39.531] [main/DEBUG] [net.neoforged.fml.loading.moddiscovery.ModDiscoverer/]: Skipping C:\Users\MrUtcka\.gradle\caches\modules-2\files-2.1\net.neoforged\mergetool\2.0.0\52fe1949be64e3303aabaaa21e315f551db9c9f4\mergetool-2.0.0-api.jar because it was already located earlier
[09апр.2026 16:42:39.532] [main/DEBUG] [net.neoforged.fml.loading.moddiscovery.ModDiscoverer/]: Skipping C:\Users\MrUtcka\.gradle\caches\modules-2\files-2.1\com.electronwill.night-config\toml\3.8.3\90b2fd6efcb4a7d5b9810cf78f9d824994d717f2\toml-3.8.3.jar because it was already located earlier
[09апр.2026 16:42:39.532] [main/DEBUG] [net.neoforged.fml.loading.moddiscovery.ModDiscoverer/]: Skipping C:\Users\MrUtcka\.gradle\caches\modules-2\files-2.1\com.electronwill.night-config\core\3.8.3\b442a95f09e349927f5a945ecb594455870fcf4f\core-3.8.3.jar because it was already located earlier
[09апр.2026 16:42:39.532] [main/DEBUG] [net.neoforged.fml.loading.moddiscovery.ModDiscoverer/]: Skipping C:\Users\MrUtcka\.gradle\caches\modules-2\files-2.1\net.neoforged\JarJarSelector\0.4.1\fb3cc7a58af22ad2880adb98af6d518128c47dae\JarJarSelector-0.4.1.jar because it was already located earlier
[09апр.2026 16:42:39.532] [main/DEBUG] [net.neoforged.fml.loading.moddiscovery.ModDiscoverer/]: Skipping C:\Users\MrUtcka\.gradle\caches\modules-2\files-2.1\net.neoforged\JarJarMetadata\0.4.1\f8da03683dc81694556dc3e177c5e3bb77ae6fcb\JarJarMetadata-0.4.1.jar because it was already located earlier
[09апр.2026 16:42:39.533] [main/DEBUG] [net.neoforged.fml.loading.moddiscovery.ModDiscoverer/]: Skipping C:\Users\MrUtcka\.gradle\caches\modules-2\files-2.1\org.apache.maven\maven-artifact\3.8.5\4433f50c07debefaed0553bd0068f4f48d449313\maven-artifact-3.8.5.jar because it was already located earlier
[09апр.2026 16:42:39.533] [main/DEBUG] [net.neoforged.fml.loading.moddiscovery.ModDiscoverer/]: Skipping C:\Users\MrUtcka\.gradle\caches\modules-2\files-2.1\net.jodah\typetools\0.6.3\a01aaa6ddaea9ec07ec4f209487b7a46a526283a\typetools-0.6.3.jar because it was already located earlier
[09апр.2026 16:42:39.533] [main/DEBUG] [net.neoforged.fml.loading.moddiscovery.ModDiscoverer/]: Skipping C:\Users\MrUtcka\.gradle\caches\modules-2\files-2.1\net.minecrell\terminalconsoleappender\1.3.0\b562e9bb61235c9520e26282cdee71f8f802d1fc\terminalconsoleappender-1.3.0.jar because it was already located earlier
[09апр.2026 16:42:39.533] [main/DEBUG] [net.neoforged.fml.loading.moddiscovery.ModDiscoverer/]: Skipping C:\Users\MrUtcka\.gradle\caches\modules-2\files-2.1\net.fabricmc\sponge-mixin\0.15.2+mixin.0.8.7\2af2f021d8e02a0220dc27a7a72b4666d66d44ca\sponge-mixin-0.15.2+mixin.0.8.7.jar because it was already located earlier
[09апр.2026 16:42:39.533] [main/DEBUG] [net.neoforged.fml.loading.moddiscovery.ModDiscoverer/]: Skipping C:\Users\MrUtcka\.gradle\caches\modules-2\files-2.1\org.openjdk.nashorn\nashorn-core\15.4\f67f5ffaa5f5130cf6fb9b133da00c7df3b532a5\nashorn-core-15.4.jar because it was already located earlier
[09апр.2026 16:42:39.535] [main/DEBUG] [net.neoforged.fml.loading.moddiscovery.ModDiscoverer/]: Skipping C:\Users\MrUtcka\.gradle\caches\modules-2\files-2.1\org.apache.commons\commons-lang3\3.14.0\1ed471194b02f2c6cb734a0cd6f6f107c673afae\commons-lang3-3.14.0.jar because it was already located earlier
[09апр.2026 16:42:39.535] [main/DEBUG] [net.neoforged.fml.loading.moddiscovery.ModDiscoverer/]: Skipping C:\Users\MrUtcka\.gradle\caches\modules-2\files-2.1\net.sf.jopt-simple\jopt-simple\5.0.4\4fdac2fbe92dfad86aa6e9301736f6b4342a3f5c\jopt-simple-5.0.4.jar because it was already located earlier
[09апр.2026 16:42:39.535] [main/DEBUG] [net.neoforged.fml.loading.moddiscovery.ModDiscoverer/]: Skipping C:\Users\MrUtcka\.gradle\caches\modules-2\files-2.1\commons-io\commons-io\2.15.1\f11560da189ab563a5c8e351941415430e9304ea\commons-io-2.15.1.jar because it was already located earlier
[09апр.2026 16:42:39.535] [main/DEBUG] [net.neoforged.fml.loading.moddiscovery.ModDiscoverer/]: Skipping C:\Users\MrUtcka\.gradle\caches\modules-2\files-2.1\com.mojang\logging\1.2.7\24cb95ffb0e3433fd6e844c04e68009e504ca1c0\logging-1.2.7.jar because it was already located earlier
[09апр.2026 16:42:39.535] [main/DEBUG] [net.neoforged.fml.loading.moddiscovery.ModDiscoverer/]: Skipping C:\Users\MrUtcka\.gradle\caches\modules-2\files-2.1\org.apache.logging.log4j\log4j-slf4j2-impl\2.22.1\d7e6693c2606cb7e7335047d7bb96dec52db5665\log4j-slf4j2-impl-2.22.1.jar because it was already located earlier
[09апр.2026 16:42:39.536] [main/DEBUG] [net.neoforged.fml.loading.moddiscovery.ModDiscoverer/]: Skipping C:\Users\MrUtcka\.gradle\caches\modules-2\files-2.1\org.apache.logging.log4j\log4j-core\2.22.1\7183a25510a02ad00cc6a95d3b3d2a7d3c5a8dc4\log4j-core-2.22.1.jar because it was already located earlier
[09апр.2026 16:42:39.536] [main/DEBUG] [net.neoforged.fml.loading.moddiscovery.ModDiscoverer/]: Skipping C:\Users\MrUtcka\.gradle\caches\modules-2\files-2.1\org.apache.logging.log4j\log4j-api\2.22.1\bea6fede6328fabafd7e68363161a7ea6605abd1\log4j-api-2.22.1.jar because it was already located earlier
[09апр.2026 16:42:39.536] [main/DEBUG] [net.neoforged.fml.loading.moddiscovery.ModDiscoverer/]: Skipping C:\Users\MrUtcka\.gradle\caches\modules-2\files-2.1\com.google.guava\guava\32.1.2-jre\5e64ec7e056456bef3a4bc4c6fdaef71e8ab6318\guava-32.1.2-jre.jar because it was already located earlier
[09апр.2026 16:42:39.536] [main/DEBUG] [net.neoforged.fml.loading.moddiscovery.ModDiscoverer/]: Skipping C:\Users\MrUtcka\.gradle\caches\modules-2\files-2.1\com.google.code.gson\gson\2.10.1\b3add478d4382b78ea20b1671390a858002feb6c\gson-2.10.1.jar because it was already located earlier
[09апр.2026 16:42:39.536] [main/DEBUG] [net.neoforged.fml.loading.moddiscovery.ModDiscoverer/]: Skipping C:\Users\MrUtcka\.gradle\caches\modules-2\files-2.1\org.slf4j\slf4j-api\2.0.9\7cf2726fdcfbc8610f9a71fb3ed639871f315340\slf4j-api-2.0.9.jar because it was already located earlier
[09апр.2026 16:42:39.537] [main/DEBUG] [net.neoforged.fml.loading.moddiscovery.ModDiscoverer/]: Skipping C:\Users\MrUtcka\.gradle\caches\modules-2\files-2.1\org.antlr\antlr4-runtime\4.13.1\17125bae1d965624e265ef49552f6465a2bfa307\antlr4-runtime-4.13.1.jar because it was already located earlier
[09апр.2026 16:42:39.537] [main/DEBUG] [net.neoforged.fml.loading.moddiscovery.ModDiscoverer/]: Skipping C:\Users\MrUtcka\.gradle\caches\modules-2\files-2.1\net.minecraftforge\srgutils\0.4.15\ca408b131759478f164e010fae0d73997e125fb5\srgutils-0.4.15.jar because it was already located earlier
[09апр.2026 16:42:39.537] [main/DEBUG] [net.neoforged.fml.loading.moddiscovery.ModDiscoverer/]: Skipping C:\Users\MrUtcka\.gradle\caches\modules-2\files-2.1\org.codehaus.plexus\plexus-utils\3.3.0\cf43b5391de623b36fe066a21127baef82c64022\plexus-utils-3.3.0.jar because it was already located earlier
[09апр.2026 16:42:39.537] [main/DEBUG] [net.neoforged.fml.loading.moddiscovery.ModDiscoverer/]: Skipping C:\Users\MrUtcka\.gradle\caches\modules-2\files-2.1\org.jline\jline-reader\3.20.0\8f15415b022a25b473e8e16c28ae913186ffb9c4\jline-reader-3.20.0.jar because it was already located earlier
[09апр.2026 16:42:39.538] [main/DEBUG] [net.neoforged.fml.loading.moddiscovery.ModDiscoverer/]: Skipping C:\Users\MrUtcka\.gradle\caches\modules-2\files-2.1\com.machinezoo.noexception\noexception\1.7.1\b65330c98e38a1f915fa54a6e5eca496505e3f0a\noexception-1.7.1.jar because it was already located earlier
[09апр.2026 16:42:39.538] [main/DEBUG] [net.neoforged.fml.loading.moddiscovery.ModDiscoverer/]: Skipping C:\Users\MrUtcka\.gradle\caches\modules-2\files-2.1\com.github.oshi\oshi-core\6.4.10\b1d8ab82d11d92fd639b56d639f8f46f739dd5fa\oshi-core-6.4.10.jar because it was already located earlier
[09апр.2026 16:42:39.538] [main/DEBUG] [net.neoforged.fml.loading.moddiscovery.ModDiscoverer/]: Skipping C:\Users\MrUtcka\.gradle\caches\modules-2\files-2.1\com.google.guava\failureaccess\1.0.1\1dcf1de382a0bf95a3d8b0849546c88bac1292c9\failureaccess-1.0.1.jar because it was already located earlier
[09апр.2026 16:42:39.539] [main/DEBUG] [net.neoforged.fml.loading.moddiscovery.ModDiscoverer/]: Skipping C:\Users\MrUtcka\.gradle\caches\modules-2\files-2.1\com.ibm.icu\icu4j\73.2\61ad4ef7f9131fcf6d25c34b817f90d6da06c9e9\icu4j-73.2.jar because it was already located earlier
[09апр.2026 16:42:39.539] [main/DEBUG] [net.neoforged.fml.loading.moddiscovery.ModDiscoverer/]: Skipping C:\Users\MrUtcka\.gradle\caches\modules-2\files-2.1\com.mojang\authlib\6.0.54\de8bc95660e1b2fe8793fd427a7a10dcec5b3ea7\authlib-6.0.54.jar because it was already located earlier
[09апр.2026 16:42:39.539] [main/DEBUG] [net.neoforged.fml.loading.moddiscovery.ModDiscoverer/]: Skipping C:\Users\MrUtcka\.gradle\caches\modules-2\files-2.1\com.mojang\blocklist\1.0.10\5c685c5ffa94c4cd39496c7184c1d122e515ecef\blocklist-1.0.10.jar because it was already located earlier
[09апр.2026 16:42:39.539] [main/DEBUG] [net.neoforged.fml.loading.moddiscovery.ModDiscoverer/]: Skipping C:\Users\MrUtcka\.gradle\caches\modules-2\files-2.1\com.mojang\brigadier\1.3.10\d15b53a14cf20fdcaa98f731af5dda654452c010\brigadier-1.3.10.jar because it was already located earlier
[09апр.2026 16:42:39.540] [main/DEBUG] [net.neoforged.fml.loading.moddiscovery.ModDiscoverer/]: Skipping C:\Users\MrUtcka\.gradle\caches\modules-2\files-2.1\com.mojang\datafixerupper\8.0.16\67d4de6d7f95d89bcf5862995fb854ebaec02a34\datafixerupper-8.0.16.jar because it was already located earlier
[09апр.2026 16:42:39.540] [main/DEBUG] [net.neoforged.fml.loading.moddiscovery.ModDiscoverer/]: Skipping C:\Users\MrUtcka\.gradle\caches\modules-2\files-2.1\com.mojang\patchy\2.2.10\da05971b07cbb379d002cf7eaec6a2048211fefc\patchy-2.2.10.jar because it was already located earlier
[09апр.2026 16:42:39.540] [main/DEBUG] [net.neoforged.fml.loading.moddiscovery.ModDiscoverer/]: Skipping C:\Users\MrUtcka\.gradle\caches\modules-2\files-2.1\com.mojang\text2speech\1.17.9\3cad216e3a7f0c19b4b394388bc9ffc446f13b14\text2speech-1.17.9.jar because it was already located earlier
[09апр.2026 16:42:39.540] [main/DEBUG] [net.neoforged.fml.loading.moddiscovery.ModDiscoverer/]: Skipping C:\Users\MrUtcka\.gradle\caches\modules-2\files-2.1\commons-codec\commons-codec\1.16.0\4e3eb3d79888d76b54e28b350915b5dc3919c9de\commons-codec-1.16.0.jar because it was already located earlier
[09апр.2026 16:42:39.541] [main/DEBUG] [net.neoforged.fml.loading.moddiscovery.ModDiscoverer/]: Skipping C:\Users\MrUtcka\.gradle\caches\modules-2\files-2.1\commons-logging\commons-logging\1.2\4bfc12adfe4842bf07b657f0369c4cb522955686\commons-logging-1.2.jar because it was already located earlier
[09апр.2026 16:42:39.541] [main/DEBUG] [net.neoforged.fml.loading.moddiscovery.ModDiscoverer/]: Skipping C:\Users\MrUtcka\.gradle\caches\modules-2\files-2.1\io.netty\netty-buffer\4.1.97.Final\f8f3d8644afa5e6e1a40a3a6aeb9d9aa970ecb4f\netty-buffer-4.1.97.Final.jar because it was already located earlier
[09апр.2026 16:42:39.541] [main/DEBUG] [net.neoforged.fml.loading.moddiscovery.ModDiscoverer/]: Skipping C:\Users\MrUtcka\.gradle\caches\modules-2\files-2.1\io.netty\netty-codec\4.1.97.Final\384ba4d75670befbedb45c4d3b497a93639c206d\netty-codec-4.1.97.Final.jar because it was already located earlier
[09апр.2026 16:42:39.541] [main/DEBUG] [net.neoforged.fml.loading.moddiscovery.ModDiscoverer/]: Skipping C:\Users\MrUtcka\.gradle\caches\modules-2\files-2.1\io.netty\netty-common\4.1.97.Final\7cceacaf11df8dc63f23d0fb58e9d4640fc88404\netty-common-4.1.97.Final.jar because it was already located earlier
[09апр.2026 16:42:39.542] [main/DEBUG] [net.neoforged.fml.loading.moddiscovery.ModDiscoverer/]: Skipping C:\Users\MrUtcka\.gradle\caches\modules-2\files-2.1\io.netty\netty-handler\4.1.97.Final\abb86c6906bf512bf2b797a41cd7d2e8d3cd7c36\netty-handler-4.1.97.Final.jar because it was already located earlier
[09апр.2026 16:42:39.542] [main/DEBUG] [net.neoforged.fml.loading.moddiscovery.ModDiscoverer/]: Skipping C:\Users\MrUtcka\.gradle\caches\modules-2\files-2.1\io.netty\netty-resolver\4.1.97.Final\cec8348108dc76c47cf87c669d514be52c922144\netty-resolver-4.1.97.Final.jar because it was already located earlier
[09апр.2026 16:42:39.542] [main/DEBUG] [net.neoforged.fml.loading.moddiscovery.ModDiscoverer/]: Skipping C:\Users\MrUtcka\.gradle\caches\modules-2\files-2.1\io.netty\netty-transport-classes-epoll\4.1.97.Final\795da37ded759e862457a82d9d92c4d39ce8ecee\netty-transport-classes-epoll-4.1.97.Final.jar because it was already located earlier
[09апр.2026 16:42:39.542] [main/DEBUG] [net.neoforged.fml.loading.moddiscovery.ModDiscoverer/]: Skipping C:\Users\MrUtcka\.gradle\caches\modules-2\files-2.1\io.netty\netty-transport-native-unix-common\4.1.97.Final\d469d84265ab70095b01b40886cabdd433b6e664\netty-transport-native-unix-common-4.1.97.Final.jar because it was already located earlier
[09апр.2026 16:42:39.542] [main/DEBUG] [net.neoforged.fml.loading.moddiscovery.ModDiscoverer/]: Skipping C:\Users\MrUtcka\.gradle\caches\modules-2\files-2.1\io.netty\netty-transport\4.1.97.Final\f37380d23c9bb079bc702910833b2fd532c9abd0\netty-transport-4.1.97.Final.jar because it was already located earlier
[09апр.2026 16:42:39.542] [main/DEBUG] [net.neoforged.fml.loading.moddiscovery.ModDiscoverer/]: Skipping C:\Users\MrUtcka\.gradle\caches\modules-2\files-2.1\it.unimi.dsi\fastutil\8.5.12\c24946d46824bd528054bface3231d2ecb7e95e8\fastutil-8.5.12.jar because it was already located earlier
[09апр.2026 16:42:39.542] [main/DEBUG] [net.neoforged.fml.loading.moddiscovery.ModDiscoverer/]: Skipping C:\Users\MrUtcka\.gradle\caches\modules-2\files-2.1\net.java.dev.jna\jna-platform\5.14.0\28934d48aed814f11e4c584da55c49fa7032b31b\jna-platform-5.14.0.jar because it was already located earlier
[09апр.2026 16:42:39.542] [main/DEBUG] [net.neoforged.fml.loading.moddiscovery.ModDiscoverer/]: Skipping C:\Users\MrUtcka\.gradle\caches\modules-2\files-2.1\net.java.dev.jna\jna\5.14.0\67bf3eaea4f0718cb376a181a629e5f88fa1c9dd\jna-5.14.0.jar because it was already located earlier
[09апр.2026 16:42:39.543] [main/DEBUG] [net.neoforged.fml.loading.moddiscovery.ModDiscoverer/]: Skipping C:\Users\MrUtcka\.gradle\caches\modules-2\files-2.1\org.apache.commons\commons-compress\1.26.0\659feffdd12280201c8aacb8f7be94f9a883c824\commons-compress-1.26.0.jar because it was already located earlier
[09апр.2026 16:42:39.543] [main/DEBUG] [net.neoforged.fml.loading.moddiscovery.ModDiscoverer/]: Skipping C:\Users\MrUtcka\.gradle\caches\modules-2\files-2.1\org.apache.httpcomponents\httpclient\4.5.13\e5f6cae5ca7ecaac1ec2827a9e2d65ae2869cada\httpclient-4.5.13.jar because it was already located earlier
[09апр.2026 16:42:39.543] [main/DEBUG] [net.neoforged.fml.loading.moddiscovery.ModDiscoverer/]: Skipping C:\Users\MrUtcka\.gradle\caches\modules-2\files-2.1\org.apache.httpcomponents\httpcore\4.4.16\51cf043c87253c9f58b539c9f7e44c8894223850\httpcore-4.4.16.jar because it was already located earlier
[09апр.2026 16:42:39.543] [main/DEBUG] [net.neoforged.fml.loading.moddiscovery.ModDiscoverer/]: Skipping C:\Users\MrUtcka\.gradle\caches\modules-2\files-2.1\org.jcraft\jorbis\0.0.17\8872d22b293e8f5d7d56ff92be966e6dc28ebdc6\jorbis-0.0.17.jar because it was already located earlier
[09апр.2026 16:42:39.543] [main/DEBUG] [net.neoforged.fml.loading.moddiscovery.ModDiscoverer/]: Skipping C:\Users\MrUtcka\.gradle\caches\modules-2\files-2.1\org.joml\joml\1.10.5\22566d58af70ad3d72308bab63b8339906deb649\joml-1.10.5.jar because it was already located earlier
[09апр.2026 16:42:39.543] [main/DEBUG] [net.neoforged.fml.loading.moddiscovery.ModDiscoverer/]: Skipping C:\Users\MrUtcka\.gradle\caches\modules-2\files-2.1\org.lwjgl\lwjgl-freetype\3.3.3\a0db6c84a8becc8ca05f9dbfa985edc348a824c7\lwjgl-freetype-3.3.3.jar because it was already located earlier
[09апр.2026 16:42:39.558] [main/DEBUG] [net.neoforged.fml.loading.moddiscovery.ModDiscoverer/]: Skipping C:\Users\MrUtcka\.gradle\caches\modules-2\files-2.1\org.lwjgl\lwjgl-freetype\3.3.3\15a8c1de7f51d07a92eae7ce1222557073a0c0c3\lwjgl-freetype-3.3.3-natives-windows-x86.jar because it was already located earlier
[09апр.2026 16:42:39.558] [main/DEBUG] [net.neoforged.fml.loading.moddiscovery.ModDiscoverer/]: Skipping C:\Users\MrUtcka\.gradle\caches\modules-2\files-2.1\org.lwjgl\lwjgl-glfw\3.3.3\efa1eb78c5ccd840e9f329717109b5e892d72f8e\lwjgl-glfw-3.3.3.jar because it was already located earlier
[09апр.2026 16:42:39.567] [main/DEBUG] [net.neoforged.fml.loading.moddiscovery.ModDiscoverer/]: Skipping C:\Users\MrUtcka\.gradle\caches\modules-2\files-2.1\org.lwjgl\lwjgl-glfw\3.3.3\32334f3fd5270a59bad9939a93115acb6de36dcf\lwjgl-glfw-3.3.3-natives-windows-x86.jar because it was already located earlier
[09апр.2026 16:42:39.567] [main/DEBUG] [net.neoforged.fml.loading.moddiscovery.ModDiscoverer/]: Skipping C:\Users\MrUtcka\.gradle\caches\modules-2\files-2.1\org.lwjgl\lwjgl-jemalloc\3.3.3\b543467b7ff3c6920539a88ee602d34098628be5\lwjgl-jemalloc-3.3.3.jar because it was already located earlier
[09апр.2026 16:42:39.567] [main/DEBUG] [net.neoforged.fml.loading.moddiscovery.ModDiscoverer/]: Skipping C:\Users\MrUtcka\.gradle\caches\modules-2\files-2.1\org.lwjgl\lwjgl-jemalloc\3.3.3\426222fc027602a5f21b9c0fe79cde6a4c7a011f\lwjgl-jemalloc-3.3.3-natives-windows.jar because it was already located earlier
[09апр.2026 16:42:39.575] [main/DEBUG] [net.neoforged.fml.loading.moddiscovery.ModDiscoverer/]: Skipping C:\Users\MrUtcka\.gradle\caches\modules-2\files-2.1\org.lwjgl\lwjgl-openal\3.3.3\daada81ceb5fc0c291fbfdd4433cb8d9423577f2\lwjgl-openal-3.3.3.jar because it was already located earlier
[09апр.2026 16:42:39.581] [main/DEBUG] [net.neoforged.fml.loading.moddiscovery.ModDiscoverer/]: Skipping C:\Users\MrUtcka\.gradle\caches\modules-2\files-2.1\org.lwjgl\lwjgl-openal\3.3.3\87b8d5050e3adb46bb58fe1cb2669a4a48fce10d\lwjgl-openal-3.3.3-natives-windows-x86.jar because it was already located earlier
[09апр.2026 16:42:39.581] [main/DEBUG] [net.neoforged.fml.loading.moddiscovery.ModDiscoverer/]: Skipping C:\Users\MrUtcka\.gradle\caches\modules-2\files-2.1\org.lwjgl\lwjgl-opengl\3.3.3\2f6b0147078396a58979125a4c947664e98293a\lwjgl-opengl-3.3.3.jar because it was already located earlier
[09апр.2026 16:42:39.584] [main/DEBUG] [net.neoforged.fml.loading.moddiscovery.ModDiscoverer/]: Skipping C:\Users\MrUtcka\.gradle\caches\modules-2\files-2.1\org.lwjgl\lwjgl-opengl\3.3.3\65e956d3735a1abdc82eff4baec1b61174697d4b\lwjgl-opengl-3.3.3-natives-windows-arm64.jar because it was already located earlier
[09апр.2026 16:42:39.591] [main/DEBUG] [net.neoforged.fml.loading.moddiscovery.ModDiscoverer/]: Skipping C:\Users\MrUtcka\.gradle\caches\modules-2\files-2.1\org.lwjgl\lwjgl-stb\3.3.3\25dd6161988d7e65f71d5065c99902402ee32746\lwjgl-stb-3.3.3.jar because it was already located earlier
[09апр.2026 16:42:39.591] [main/DEBUG] [net.neoforged.fml.loading.moddiscovery.ModDiscoverer/]: Skipping C:\Users\MrUtcka\.gradle\caches\modules-2\files-2.1\org.lwjgl\lwjgl-stb\3.3.3\1d9facdf6541de114b0f963be33505b7679c78cb\lwjgl-stb-3.3.3-natives-windows.jar because it was already located earlier
[09апр.2026 16:42:39.600] [main/DEBUG] [net.neoforged.fml.loading.moddiscovery.ModDiscoverer/]: Skipping C:\Users\MrUtcka\.gradle\caches\modules-2\files-2.1\org.lwjgl\lwjgl-tinyfd\3.3.3\82d755ca94b102e9ca77283b9e2dc46d1b15fbe5\lwjgl-tinyfd-3.3.3.jar because it was already located earlier
[09апр.2026 16:42:39.600] [main/DEBUG] [net.neoforged.fml.loading.moddiscovery.ModDiscoverer/]: Skipping C:\Users\MrUtcka\.gradle\caches\modules-2\files-2.1\org.lwjgl\lwjgl-tinyfd\3.3.3\a6697981b0449a5087c1d546fc08b4f73e8f98c9\lwjgl-tinyfd-3.3.3-natives-windows.jar because it was already located earlier
[09апр.2026 16:42:39.609] [main/DEBUG] [net.neoforged.fml.loading.moddiscovery.ModDiscoverer/]: Skipping C:\Users\MrUtcka\.gradle\caches\modules-2\files-2.1\org.lwjgl\lwjgl\3.3.3\29589b5f87ed335a6c7e7ee6a5775f81f97ecb84\lwjgl-3.3.3.jar because it was already located earlier
[09апр.2026 16:42:39.617] [main/DEBUG] [net.neoforged.fml.loading.moddiscovery.ModDiscoverer/]: Skipping C:\Users\MrUtcka\.gradle\caches\modules-2\files-2.1\org.lwjgl\lwjgl\3.3.3\9e670718e050aeaeea0c2d5b907cffb142f2e58f\lwjgl-3.3.3-natives-windows-x86.jar because it was already located earlier
[09апр.2026 16:42:39.617] [main/DEBUG] [net.neoforged.fml.loading.moddiscovery.ModDiscoverer/]: Skipping C:\Users\MrUtcka\.gradle\caches\modules-2\files-2.1\org.lz4\lz4-java\1.8.0\4b986a99445e49ea5fbf5d149c4b63f6ed6c6780\lz4-java-1.8.0.jar because it was already located earlier
[09апр.2026 16:42:39.617] [main/DEBUG] [net.neoforged.fml.loading.moddiscovery.ModDiscoverer/]: Skipping C:\Users\MrUtcka\.gradle\caches\modules-2\files-2.1\org.jline\jline-terminal\3.20.0\d0ddcc708ddf527a3454c941b7b9225cc83a15ff\jline-terminal-3.20.0.jar because it was already located earlier
[09апр.2026 16:42:39.618] [main/DEBUG] [net.neoforged.fml.loading.moddiscovery.ModDiscoverer/]: Skipping C:\Users\MrUtcka\.gradle\caches\modules-2\files-2.1\com.google.guava\listenablefuture\9999.0-empty-to-avoid-conflict-with-guava\b421526c5f297295adef1c886e5246c39d4ac629\listenablefuture-9999.0-empty-to-avoid-conflict-with-guava.jar because it was already located earlier
[09апр.2026 16:42:39.618] [main/DEBUG] [net.neoforged.fml.loading.moddiscovery.ModDiscoverer/]: Skipping C:\Users\MrUtcka\.gradle\caches\modules-2\files-2.1\com.google.code.findbugs\jsr305\3.0.2\25ea2e8b0c338a877313bd4672d3fe056ea78f0d\jsr305-3.0.2.jar because it was already located earlier
[09апр.2026 16:42:39.618] [main/DEBUG] [net.neoforged.fml.loading.moddiscovery.ModDiscoverer/]: Skipping C:\Users\MrUtcka\.gradle\caches\modules-2\files-2.1\org.checkerframework\checker-qual\3.33.0\de2b60b62da487644fc11f734e73c8b0b431238f\checker-qual-3.33.0.jar because it was already located earlier
[09апр.2026 16:42:39.618] [main/DEBUG] [net.neoforged.fml.loading.moddiscovery.ModDiscoverer/]: Skipping C:\Users\MrUtcka\.gradle\caches\modules-2\files-2.1\com.google.errorprone\error_prone_annotations\2.18.0\89b684257096f548fa39a7df9fdaa409d4d4df91\error_prone_annotations-2.18.0.jar because it was already located earlier
[09апр.2026 16:42:39.618] [main/DEBUG] [net.neoforged.fml.loading.moddiscovery.ModDiscoverer/]: Skipping C:\Users\MrUtcka\.gradle\caches\modules-2\files-2.1\com.google.j2objc\j2objc-annotations\2.8\c85270e307e7b822f1086b93689124b89768e273\j2objc-annotations-2.8.jar because it was already located earlier
[09апр.2026 16:42:39.621] [main/DEBUG] [net.neoforged.fml.loading.UniqueModListBuilder/]: Found 2 mods for first modid neoforge, selecting most recent based on version data
[09апр.2026 16:42:39.622] [main/DEBUG] [net.neoforged.fml.loading.UniqueModListBuilder/]: Selected file neoforge-21.1.214.jar for modid neoforge with version 21.1.214
[09апр.2026 16:42:39.737] [main/DEBUG] [net.neoforged.fml.loading.moddiscovery.ModFileParser/LOADING]: Considering mod file candidate 
[09апр.2026 16:42:39.740] [main/DEBUG] [net.neoforged.fml.loading.moddiscovery.ModFileInfo/LOADING]: Found valid mod file nuggets-neoforge-1.21-1.0.10.41.jar with {nuggets} mods - versions {1.0.10.41}
[09апр.2026 16:42:39.745] [main/DEBUG] [net.neoforged.fml.loading.moddiscovery.ModFileParser/LOADING]: Considering mod file candidate 
[09апр.2026 16:42:39.746] [main/DEBUG] [net.neoforged.fml.loading.moddiscovery.ModFileInfo/LOADING]: Found valid mod file lambdynamiclights-api-4.5.1+1.21.1-mojmap.jar with {lambdynlights_api} mods - versions {4.5.1+1.21.1}
[09апр.2026 16:42:39.780] [main/DEBUG] [net.neoforged.fml.loading.moddiscovery.ModFileParser/LOADING]: Considering mod file candidate 
[09апр.2026 16:42:39.782] [main/DEBUG] [net.neoforged.fml.loading.moddiscovery.ModFileInfo/LOADING]: Found valid mod file lambdynamiclights-api-4.5.1+1.21.1-mojmap.jar with {lambdynlights_api} mods - versions {4.5.1+1.21.1}
[09апр.2026 16:42:39.787] [main/DEBUG] [net.neoforged.fml.loading.moddiscovery.ModFileParser/LOADING]: Considering mod file candidate 
[09апр.2026 16:42:39.789] [main/DEBUG] [net.neoforged.fml.loading.moddiscovery.ModFileInfo/LOADING]: Found valid mod file nuggets-neoforge-1.21-1.0.10.41.jar with {nuggets} mods - versions {1.0.10.41}
[09апр.2026 16:42:39.798] [main/INFO] [net.neoforged.fml.loading.moddiscovery.locators.JarInJarDependencyLocator/]: Found 7 dependencies adding them to mods collection
[09апр.2026 16:42:39.800] [main/INFO] [net.neoforged.fml.loading.moddiscovery.ModDiscoverer/]: 
     Mod List:
		Name Version (Mod Id)

		Ars Nouveau 5.10.6 (ars_nouveau)
		Curios API 9.5.1+1.21.1 (curios)
		GeckoLib 4 4.8.2 (geckolib)
		Health & Damage HUD 1 (mr_health_damagehud)
		LambDynamicLights (API) 4.5.1+1.21.1 (lambdynlights_api)
		LVLuping 1.0 alpha (lvluping)
		Minecraft 1.21.1 (minecraft)
		NeoForge 21.1.214 (neoforge)
		Nuggets 1.0.10.41 (nuggets)
[09апр.2026 16:42:39.802] [main/DEBUG] [net.neoforged.fml.loading.moddiscovery.ModFileInfo/LOADING]: Found valid mod file neoforge-21.1.214.jar with {minecraft} mods - versions {1.21.1}
[09апр.2026 16:42:39.806] [main/DEBUG] [net.neoforged.fml.loading.moddiscovery.ModFile/LOADING]: Loading mod file X:\Lariem\lvluping\build\moddev\artifacts\neoforge-21.1.214.jar with languages [LanguageSpec[languageName=minecraft, acceptedVersions=1]]
[09апр.2026 16:42:39.808] [main/DEBUG] [net.neoforged.fml.loading.moddiscovery.ModFileParser/LOADING]: Considering mod file candidate 
[09апр.2026 16:42:39.810] [main/DEBUG] [net.neoforged.fml.loading.moddiscovery.ModFileInfo/LOADING]: Found valid mod file lambdynamiclights-api-4.5.1+1.21.1-mojmap.jar with {lambdynlights_api} mods - versions {4.5.1+1.21.1}
[09апр.2026 16:42:39.810] [main/DEBUG] [net.neoforged.fml.loading.moddiscovery.ModFile/LOADING]: Loading mod file  with languages [LanguageSpec[languageName=javafml, acceptedVersions=[2,)]]
[09апр.2026 16:42:39.810] [main/DEBUG] [net.neoforged.fml.loading.moddiscovery.ModFileParser/LOADING]: Considering mod file candidate X:\Lariem\lvluping\run\mods\geckolib-neoforge-1.21.1-4.8.2.jar
[09апр.2026 16:42:39.812] [main/DEBUG] [net.neoforged.fml.loading.moddiscovery.ModFileInfo/LOADING]: Found valid mod file geckolib-neoforge-1.21.1-4.8.2.jar with {geckolib} mods - versions {4.8.2}
[09апр.2026 16:42:39.812] [main/DEBUG] [net.neoforged.fml.loading.moddiscovery.ModFile/LOADING]: Loading mod file X:\Lariem\lvluping\run\mods\geckolib-neoforge-1.21.1-4.8.2.jar with languages [LanguageSpec[languageName=javafml, acceptedVersions=[4,)]]
[09апр.2026 16:42:39.814] [main/DEBUG] [net.neoforged.fml.loading.moddiscovery.ModFile/LOADING]: Found mixin config MixinConfig[config=geckolib.mixins.json, requiredMods=[]]
[09апр.2026 16:42:39.815] [main/DEBUG] [net.neoforged.fml.loading.moddiscovery.ModFileParser/LOADING]: Considering mod file candidate X:\Lariem\lvluping\build\classes\java\main
[09апр.2026 16:42:39.817] [main/DEBUG] [net.neoforged.fml.loading.moddiscovery.ModFileInfo/LOADING]: Found valid mod file main with {lvluping} mods - versions {1.0 alpha}
[09апр.2026 16:42:39.817] [main/DEBUG] [net.neoforged.fml.loading.moddiscovery.ModFile/LOADING]: Loading mod file X:\Lariem\lvluping\build\classes\java\main with languages [LanguageSpec[languageName=javafml, acceptedVersions=[1,)]]
[09апр.2026 16:42:39.817] [main/DEBUG] [net.neoforged.fml.loading.moddiscovery.ModFile/LOADING]: Found mixin config MixinConfig[config=lvluping.mixins.json, requiredMods=[]]
[09апр.2026 16:42:39.818] [main/DEBUG] [net.neoforged.fml.loading.moddiscovery.ModFileParser/LOADING]: Considering mod file candidate 
[09апр.2026 16:42:39.819] [main/DEBUG] [net.neoforged.fml.loading.moddiscovery.ModFileInfo/LOADING]: Found valid mod file nuggets-neoforge-1.21-1.0.10.41.jar with {nuggets} mods - versions {1.0.10.41}
[09апр.2026 16:42:39.820] [main/DEBUG] [net.neoforged.fml.loading.moddiscovery.ModFile/LOADING]: Loading mod file  with languages [LanguageSpec[languageName=javafml, acceptedVersions=[4,)]]
[09апр.2026 16:42:39.820] [main/DEBUG] [net.neoforged.fml.loading.moddiscovery.ModFile/LOADING]: Found mixin config MixinConfig[config=nuggets.mixins.json, requiredMods=[]]
[09апр.2026 16:42:39.820] [main/DEBUG] [net.neoforged.fml.loading.moddiscovery.ModFile/LOADING]: Found mixin config MixinConfig[config=nuggets.neoforge.mixins.json, requiredMods=[]]
[09апр.2026 16:42:39.820] [main/DEBUG] [net.neoforged.fml.loading.moddiscovery.ModFileParser/LOADING]: Considering mod file candidate X:\Lariem\lvluping\run\mods\ars_nouveau-1.21.1-5.10.6.jar
[09апр.2026 16:42:39.823] [main/DEBUG] [net.neoforged.fml.loading.moddiscovery.ModFileInfo/LOADING]: Found valid mod file ars_nouveau-1.21.1-5.10.6.jar with {ars_nouveau} mods - versions {5.10.6}
[09апр.2026 16:42:39.823] [main/DEBUG] [net.neoforged.fml.loading.moddiscovery.ModFile/LOADING]: Loading mod file X:\Lariem\lvluping\run\mods\ars_nouveau-1.21.1-5.10.6.jar with languages [LanguageSpec[languageName=javafml, acceptedVersions=[4,)]]
[09апр.2026 16:42:39.823] [main/DEBUG] [net.neoforged.fml.loading.moddiscovery.ModFile/LOADING]: Found mixin config MixinConfig[config=ars_nouveau.mixins.json, requiredMods=[]]
[09апр.2026 16:42:39.823] [main/DEBUG] [net.neoforged.fml.loading.moddiscovery.ModFileParser/LOADING]: Considering mod file candidate X:\Lariem\lvluping\run\mods\health-damage-hud-1.jar
[09апр.2026 16:42:39.825] [main/DEBUG] [net.neoforged.fml.loading.moddiscovery.ModFileInfo/LOADING]: Found valid mod file health-damage-hud-1.jar with {mr_health_damagehud} mods - versions {1}
[09апр.2026 16:42:39.825] [main/DEBUG] [net.neoforged.fml.loading.moddiscovery.ModFile/LOADING]: Loading mod file X:\Lariem\lvluping\run\mods\health-damage-hud-1.jar with languages [LanguageSpec[languageName=javafml, acceptedVersions=[1,)]]
[09апр.2026 16:42:39.825] [main/DEBUG] [net.neoforged.fml.loading.moddiscovery.ModFileParser/LOADING]: Considering mod file candidate X:\Lariem\lvluping\run\mods\curios-neoforge-9.5.1+1.21.1.jar
[09апр.2026 16:42:39.826] [main/DEBUG] [net.neoforged.fml.loading.moddiscovery.ModFileInfo/LOADING]: Found valid mod file curios-neoforge-9.5.1+1.21.1.jar with {curios} mods - versions {9.5.1+1.21.1}
[09апр.2026 16:42:39.827] [main/DEBUG] [net.neoforged.fml.loading.moddiscovery.ModFile/LOADING]: Loading mod file X:\Lariem\lvluping\run\mods\curios-neoforge-9.5.1+1.21.1.jar with languages [LanguageSpec[languageName=javafml, acceptedVersions=[1,)]]
[09апр.2026 16:42:39.827] [main/DEBUG] [net.neoforged.fml.loading.moddiscovery.ModFile/LOADING]: Found mixin config MixinConfig[config=curios.neoforge.mixins.json, requiredMods=[]]
[09апр.2026 16:42:39.827] [main/DEBUG] [net.neoforged.fml.loading.moddiscovery.ModFile/LOADING]: Found mixin config MixinConfig[config=curios.mixins.json, requiredMods=[]]
[09апр.2026 16:42:39.827] [main/DEBUG] [net.neoforged.fml.loading.moddiscovery.ModFileParser/LOADING]: Considering mod file candidate X:\Lariem\lvluping\build\moddev\artifacts\neoforge-21.1.214.jar
[09апр.2026 16:42:39.828] [main/DEBUG] [net.neoforged.fml.loading.moddiscovery.ModFileInfo/LOADING]: Found valid mod file neoforge-21.1.214.jar with {neoforge} mods - versions {21.1.214}
[09апр.2026 16:42:39.829] [main/DEBUG] [net.neoforged.fml.loading.moddiscovery.ModFile/LOADING]: Loading mod file X:\Lariem\lvluping\build\moddev\artifacts\neoforge-21.1.214.jar with languages [LanguageSpec[languageName=javafml, acceptedVersions=[3,]]]
[09апр.2026 16:42:39.829] [main/DEBUG] [net.neoforged.fml.loading.moddiscovery.ModFile/LOADING]: Found mixin config MixinConfig[config=neoforge.mixins.json, requiredMods=[]]
[09апр.2026 16:42:39.829] [main/DEBUG] [net.neoforged.fml.loading.moddiscovery.ModFile/LOADING]: Loading mod file  with languages []
[09апр.2026 16:42:39.830] [main/DEBUG] [cpw.mods.modlauncher.TransformationServiceDecorator/MODLAUNCHER]: End scan trigger - transformation service fml
[09апр.2026 16:42:39.846] [main/DEBUG] [net.neoforged.fml.util.ServiceLoaderUtil/CORE]: Found 3 implementations of IModLanguageLoader:
[09апр.2026 16:42:39.846] [main/DEBUG] [net.neoforged.fml.util.ServiceLoaderUtil/CORE]: 	net.neoforged.fml.javafmlmod.FMLJavaModLanguageProvider from loader-4.0.42.jar
[09апр.2026 16:42:39.847] [main/DEBUG] [net.neoforged.fml.util.ServiceLoaderUtil/CORE]: 	net.neoforged.fml.lowcodemod.LowCodeModLanguageProvider from loader-4.0.42.jar
[09апр.2026 16:42:39.847] [main/DEBUG] [net.neoforged.fml.util.ServiceLoaderUtil/CORE]: 	net.neoforged.fml.mclanguageprovider.MinecraftModLanguageProvider from loader-4.0.42.jar
[09апр.2026 16:42:39.847] [main/DEBUG] [net.neoforged.fml.loading.LanguageProviderLoader/CORE]: Found language provider javafml, version 4.0.42
[09апр.2026 16:42:39.848] [main/DEBUG] [net.neoforged.fml.loading.LanguageProviderLoader/CORE]: Found language provider lowcodefml, version 4.0.42
[09апр.2026 16:42:39.848] [main/DEBUG] [net.neoforged.fml.loading.LanguageProviderLoader/CORE]: Found language provider minecraft, version 4.0.42
[09апр.2026 16:42:39.855] [main/DEBUG] [net.neoforged.fml.loading.ModSorter/]: Configured system mods: [minecraft, neoforge]
[09апр.2026 16:42:39.855] [main/DEBUG] [net.neoforged.fml.loading.ModSorter/]: Found system mod: minecraft
[09апр.2026 16:42:39.855] [main/DEBUG] [net.neoforged.fml.loading.ModSorter/]: Found system mod: neoforge
[09апр.2026 16:42:39.857] [main/DEBUG] [net.neoforged.fml.loading.ModSorter/LOADING]: Found 12 mod requirements (12 mandatory, 0 optional)
[09апр.2026 16:42:39.858] [main/DEBUG] [net.neoforged.fml.loading.ModSorter/LOADING]: Found 0 mod requirements missing (0 mandatory, 0 optional)
[09апр.2026 16:42:39.981] [main/DEBUG] [mixin/]: Adding mixin platform agents for container net.neoforged.fml.loading.mixin.FMLMixinContainerHandle@1ad8df52
[09апр.2026 16:42:39.981] [main/DEBUG] [mixin/]: Instancing new MixinPlatformAgentMinecraftForge for net.neoforged.fml.loading.mixin.FMLMixinContainerHandle@1ad8df52
[09апр.2026 16:42:39.981] [main/DEBUG] [mixin/]: MixinPlatformAgentMinecraftForge rejected container net.neoforged.fml.loading.mixin.FMLMixinContainerHandle@1ad8df52
[09апр.2026 16:42:39.981] [main/DEBUG] [mixin/]: Instancing new MixinPlatformAgentDefault for net.neoforged.fml.loading.mixin.FMLMixinContainerHandle@1ad8df52
[09апр.2026 16:42:39.981] [main/DEBUG] [mixin/]: MixinPlatformAgentDefault accepted container net.neoforged.fml.loading.mixin.FMLMixinContainerHandle@1ad8df52
[09апр.2026 16:42:39.982] [main/DEBUG] [mixin/]: Instancing new FMLMixinPlatformAgent for net.neoforged.fml.loading.mixin.FMLMixinContainerHandle@1ad8df52
[09апр.2026 16:42:39.982] [main/DEBUG] [mixin/]: FMLMixinPlatformAgent accepted container net.neoforged.fml.loading.mixin.FMLMixinContainerHandle@1ad8df52
[09апр.2026 16:42:39.992] [main/DEBUG] [cpw.mods.modlauncher.TransformationServicesHandler/MODLAUNCHER]: Transformation services loading transformers
[09апр.2026 16:42:39.993] [main/DEBUG] [cpw.mods.modlauncher.TransformationServiceDecorator/MODLAUNCHER]: Initializing transformers for transformation service mixin
[09апр.2026 16:42:39.994] [main/DEBUG] [cpw.mods.modlauncher.TransformationServiceDecorator/MODLAUNCHER]: Initialized transformers for transformation service mixin
[09апр.2026 16:42:39.994] [main/DEBUG] [cpw.mods.modlauncher.TransformationServiceDecorator/MODLAUNCHER]: Initializing transformers for transformation service fml
[09апр.2026 16:42:39.994] [main/DEBUG] [net.neoforged.fml.loading.FMLServiceProvider/LOADING]: Loading coremod transformers
[09апр.2026 16:42:39.995] [main/DEBUG] [net.neoforged.fml.loading.FMLServiceProvider/CORE]: Not loading coremod script-engine since no mod requested it
[09апр.2026 16:42:39.996] [main/DEBUG] [net.neoforged.fml.util.ServiceLoaderUtil/CORE]: Found 1 implementations of ICoreMod:
[09апр.2026 16:42:39.996] [main/DEBUG] [net.neoforged.fml.util.ServiceLoaderUtil/CORE]: 	net.neoforged.neoforge.coremods.NeoForgeCoreMod from neoforge-21.1.214.jar > net.neoforged.neoforge-coremods-21.1.214.jar
[09апр.2026 16:42:40.008] [main/DEBUG] [net.neoforged.fml.loading.FMLServiceProvider/CORE]: Adding [Target[className=net.minecraft.world.level.biome.Biome, elementName=, elementDescriptor=, targetType=cpw.mods.modlauncher.api.TargetType@13518f37]] transformer from core-mod net.neoforged.neoforge.coremods.NeoForgeCoreMod@7a7d1b47 in neoforge-21.1.214.jar > net.neoforged.neoforge-coremods-21.1.214.jar
[09апр.2026 16:42:40.008] [main/DEBUG] [net.neoforged.fml.loading.FMLServiceProvider/CORE]: Adding [Target[className=net.minecraft.world.level.levelgen.structure.Structure, elementName=, elementDescriptor=, targetType=cpw.mods.modlauncher.api.TargetType@13518f37]] transformer from core-mod net.neoforged.neoforge.coremods.NeoForgeCoreMod@7a7d1b47 in neoforge-21.1.214.jar > net.neoforged.neoforge-coremods-21.1.214.jar
[09апр.2026 16:42:40.009] [main/DEBUG] [net.neoforged.fml.loading.FMLServiceProvider/CORE]: Adding [Target[className=net.minecraft.world.level.block.FlowerPotBlock, elementName=, elementDescriptor=, targetType=cpw.mods.modlauncher.api.TargetType@13518f37]] transformer from core-mod net.neoforged.neoforge.coremods.NeoForgeCoreMod@7a7d1b47 in neoforge-21.1.214.jar > net.neoforged.neoforge-coremods-21.1.214.jar
[09апр.2026 16:42:40.009] [main/DEBUG] [net.neoforged.fml.loading.FMLServiceProvider/CORE]: Adding [Target[className=net/minecraft/server/commands/RaidCommand, elementName=, elementDescriptor=, targetType=cpw.mods.modlauncher.api.TargetType@13518f37], Target[className=net/minecraft/world/entity/monster/ZombieVillager, elementName=, elementDescriptor=, targetType=cpw.mods.modlauncher.api.TargetType@13518f37], Target[className=net/minecraft/world/level/levelgen/PatrolSpawner, elementName=, elementDescriptor=, targetType=cpw.mods.modlauncher.api.TargetType@13518f37], Target[className=net/minecraft/world/entity/monster/Evoker$EvokerSummonSpellGoal, elementName=, elementDescriptor=, targetType=cpw.mods.modlauncher.api.TargetType@13518f37], Target[className=net/minecraft/world/level/levelgen/structure/structures/OceanMonumentPieces$OceanMonumentPiece, elementName=, elementDescriptor=, targetType=cpw.mods.modlauncher.api.TargetType@13518f37], Target[className=net/minecraft/world/entity/animal/horse/SkeletonTrapGoal, elementName=, elementDescriptor=, targetType=cpw.mods.modlauncher.api.TargetType@13518f37], Target[className=net/minecraft/world/entity/monster/Spider, elementName=, elementDescriptor=, targetType=cpw.mods.modlauncher.api.TargetType@13518f37], Target[className=net/minecraft/world/entity/monster/Zombie, elementName=, elementDescriptor=, targetType=cpw.mods.modlauncher.api.TargetType@13518f37], Target[className=net/minecraft/world/entity/raid/Raid, elementName=, elementDescriptor=, targetType=cpw.mods.modlauncher.api.TargetType@13518f37], Target[className=net/minecraft/world/level/NaturalSpawner, elementName=, elementDescriptor=, targetType=cpw.mods.modlauncher.api.TargetType@13518f37], Target[className=net/minecraft/world/entity/npc/CatSpawner, elementName=, elementDescriptor=, targetType=cpw.mods.modlauncher.api.TargetType@13518f37], Target[className=net/minecraft/server/commands/SummonCommand, elementName=, elementDescriptor=, targetType=cpw.mods.modlauncher.api.TargetType@13518f37], Target[className=net/minecraft/world/level/levelgen/PhantomSpawner, elementName=, elementDescriptor=, targetType=cpw.mods.modlauncher.api.TargetType@13518f37], Target[className=net/minecraft/world/level/levelgen/structure/structures/WoodlandMansionPieces$WoodlandMansionPiece, elementName=, elementDescriptor=, targetType=cpw.mods.modlauncher.api.TargetType@13518f37], Target[className=net/minecraft/world/entity/EntityType, elementName=, elementDescriptor=, targetType=cpw.mods.modlauncher.api.TargetType@13518f37], Target[className=net/minecraft/world/entity/monster/Strider, elementName=, elementDescriptor=, targetType=cpw.mods.modlauncher.api.TargetType@13518f37], Target[className=net/minecraft/world/entity/ai/village/VillageSiege, elementName=, elementDescriptor=, targetType=cpw.mods.modlauncher.api.TargetType@13518f37], Target[className=net/minecraft/world/entity/animal/frog/Tadpole, elementName=, elementDescriptor=, targetType=cpw.mods.modlauncher.api.TargetType@13518f37], Target[className=net/minecraft/world/level/levelgen/structure/templatesystem/StructureTemplate, elementName=, elementDescriptor=, targetType=cpw.mods.modlauncher.api.TargetType@13518f37], Target[className=net/minecraft/world/entity/npc/Villager, elementName=, elementDescriptor=, targetType=cpw.mods.modlauncher.api.TargetType@13518f37], Target[className=net/minecraft/world/level/levelgen/structure/structures/OceanRuinPieces$OceanRuinPiece, elementName=, elementDescriptor=, targetType=cpw.mods.modlauncher.api.TargetType@13518f37], Target[className=net/minecraft/world/level/levelgen/structure/structures/SwampHutPiece, elementName=, elementDescriptor=, targetType=cpw.mods.modlauncher.api.TargetType@13518f37]] transformer from core-mod net.neoforged.neoforge.coremods.NeoForgeCoreMod@7a7d1b47 in neoforge-21.1.214.jar > net.neoforged.neoforge-coremods-21.1.214.jar
[09апр.2026 16:42:40.032] [main/DEBUG] [cpw.mods.modlauncher.TransformStore/MODLAUNCHER]: Adding transformer net.neoforged.neoforge.coremods.ReplaceFieldWithGetterAccess@39e67516 to Target : cpw.mods.modlauncher.api.TargetType@13518f37 {Lnet/minecraft/world/level/biome/Biome;} {} {V}
[09апр.2026 16:42:40.035] [main/DEBUG] [cpw.mods.modlauncher.TransformStore/MODLAUNCHER]: Adding transformer net.neoforged.neoforge.coremods.ReplaceFieldWithGetterAccess@2ca5f1ed to Target : cpw.mods.modlauncher.api.TargetType@13518f37 {Lnet/minecraft/world/level/levelgen/structure/Structure;} {} {V}
[09апр.2026 16:42:40.036] [main/DEBUG] [cpw.mods.modlauncher.TransformStore/MODLAUNCHER]: Adding transformer net.neoforged.neoforge.coremods.ReplaceFieldWithGetterAccess@6c03fb16 to Target : cpw.mods.modlauncher.api.TargetType@13518f37 {Lnet/minecraft/world/level/block/FlowerPotBlock;} {} {V}
[09апр.2026 16:42:40.036] [main/DEBUG] [cpw.mods.modlauncher.TransformStore/MODLAUNCHER]: Adding transformer net.neoforged.neoforge.coremods.MethodRedirector@28348c6 to Target : cpw.mods.modlauncher.api.TargetType@13518f37 {Lnet/minecraft/server/commands/RaidCommand;} {} {V}
[09апр.2026 16:42:40.037] [main/DEBUG] [cpw.mods.modlauncher.TransformStore/MODLAUNCHER]: Adding transformer net.neoforged.neoforge.coremods.MethodRedirector@28348c6 to Target : cpw.mods.modlauncher.api.TargetType@13518f37 {Lnet/minecraft/world/entity/monster/ZombieVillager;} {} {V}
[09апр.2026 16:42:40.037] [main/DEBUG] [cpw.mods.modlauncher.TransformStore/MODLAUNCHER]: Adding transformer net.neoforged.neoforge.coremods.MethodRedirector@28348c6 to Target : cpw.mods.modlauncher.api.TargetType@13518f37 {Lnet/minecraft/world/level/levelgen/PatrolSpawner;} {} {V}
[09апр.2026 16:42:40.038] [main/DEBUG] [cpw.mods.modlauncher.TransformStore/MODLAUNCHER]: Adding transformer net.neoforged.neoforge.coremods.MethodRedirector@28348c6 to Target : cpw.mods.modlauncher.api.TargetType@13518f37 {Lnet/minecraft/world/entity/monster/Evoker$EvokerSummonSpellGoal;} {} {V}
[09апр.2026 16:42:40.039] [main/DEBUG] [cpw.mods.modlauncher.TransformStore/MODLAUNCHER]: Adding transformer net.neoforged.neoforge.coremods.MethodRedirector@28348c6 to Target : cpw.mods.modlauncher.api.TargetType@13518f37 {Lnet/minecraft/world/level/levelgen/structure/structures/OceanMonumentPieces$OceanMonumentPiece;} {} {V}
[09апр.2026 16:42:40.041] [main/DEBUG] [cpw.mods.modlauncher.TransformStore/MODLAUNCHER]: Adding transformer net.neoforged.neoforge.coremods.MethodRedirector@28348c6 to Target : cpw.mods.modlauncher.api.TargetType@13518f37 {Lnet/minecraft/world/entity/animal/horse/SkeletonTrapGoal;} {} {V}
[09апр.2026 16:42:40.044] [main/DEBUG] [cpw.mods.modlauncher.TransformStore/MODLAUNCHER]: Adding transformer net.neoforged.neoforge.coremods.MethodRedirector@28348c6 to Target : cpw.mods.modlauncher.api.TargetType@13518f37 {Lnet/minecraft/world/entity/monster/Spider;} {} {V}
[09апр.2026 16:42:40.046] [main/DEBUG] [cpw.mods.modlauncher.TransformStore/MODLAUNCHER]: Adding transformer net.neoforged.neoforge.coremods.MethodRedirector@28348c6 to Target : cpw.mods.modlauncher.api.TargetType@13518f37 {Lnet/minecraft/world/entity/monster/Zombie;} {} {V}
[09апр.2026 16:42:40.046] [main/DEBUG] [cpw.mods.modlauncher.TransformStore/MODLAUNCHER]: Adding transformer net.neoforged.neoforge.coremods.MethodRedirector@28348c6 to Target : cpw.mods.modlauncher.api.TargetType@13518f37 {Lnet/minecraft/world/entity/raid/Raid;} {} {V}
[09апр.2026 16:42:40.046] [main/DEBUG] [cpw.mods.modlauncher.TransformStore/MODLAUNCHER]: Adding transformer net.neoforged.neoforge.coremods.MethodRedirector@28348c6 to Target : cpw.mods.modlauncher.api.TargetType@13518f37 {Lnet/minecraft/world/level/NaturalSpawner;} {} {V}
[09апр.2026 16:42:40.046] [main/DEBUG] [cpw.mods.modlauncher.TransformStore/MODLAUNCHER]: Adding transformer net.neoforged.neoforge.coremods.MethodRedirector@28348c6 to Target : cpw.mods.modlauncher.api.TargetType@13518f37 {Lnet/minecraft/world/entity/npc/CatSpawner;} {} {V}
[09апр.2026 16:42:40.046] [main/DEBUG] [cpw.mods.modlauncher.TransformStore/MODLAUNCHER]: Adding transformer net.neoforged.neoforge.coremods.MethodRedirector@28348c6 to Target : cpw.mods.modlauncher.api.TargetType@13518f37 {Lnet/minecraft/server/commands/SummonCommand;} {} {V}
[09апр.2026 16:42:40.047] [main/DEBUG] [cpw.mods.modlauncher.TransformStore/MODLAUNCHER]: Adding transformer net.neoforged.neoforge.coremods.MethodRedirector@28348c6 to Target : cpw.mods.modlauncher.api.TargetType@13518f37 {Lnet/minecraft/world/level/levelgen/PhantomSpawner;} {} {V}
[09апр.2026 16:42:40.047] [main/DEBUG] [cpw.mods.modlauncher.TransformStore/MODLAUNCHER]: Adding transformer net.neoforged.neoforge.coremods.MethodRedirector@28348c6 to Target : cpw.mods.modlauncher.api.TargetType@13518f37 {Lnet/minecraft/world/level/levelgen/structure/structures/WoodlandMansionPieces$WoodlandMansionPiece;} {} {V}
[09апр.2026 16:42:40.048] [main/DEBUG] [cpw.mods.modlauncher.TransformStore/MODLAUNCHER]: Adding transformer net.neoforged.neoforge.coremods.MethodRedirector@28348c6 to Target : cpw.mods.modlauncher.api.TargetType@13518f37 {Lnet/minecraft/world/entity/EntityType;} {} {V}
[09апр.2026 16:42:40.048] [main/DEBUG] [cpw.mods.modlauncher.TransformStore/MODLAUNCHER]: Adding transformer net.neoforged.neoforge.coremods.MethodRedirector@28348c6 to Target : cpw.mods.modlauncher.api.TargetType@13518f37 {Lnet/minecraft/world/entity/monster/Strider;} {} {V}
[09апр.2026 16:42:40.048] [main/DEBUG] [cpw.mods.modlauncher.TransformStore/MODLAUNCHER]: Adding transformer net.neoforged.neoforge.coremods.MethodRedirector@28348c6 to Target : cpw.mods.modlauncher.api.TargetType@13518f37 {Lnet/minecraft/world/entity/ai/village/VillageSiege;} {} {V}
[09апр.2026 16:42:40.048] [main/DEBUG] [cpw.mods.modlauncher.TransformStore/MODLAUNCHER]: Adding transformer net.neoforged.neoforge.coremods.MethodRedirector@28348c6 to Target : cpw.mods.modlauncher.api.TargetType@13518f37 {Lnet/minecraft/world/entity/animal/frog/Tadpole;} {} {V}
[09апр.2026 16:42:40.048] [main/DEBUG] [cpw.mods.modlauncher.TransformStore/MODLAUNCHER]: Adding transformer net.neoforged.neoforge.coremods.MethodRedirector@28348c6 to Target : cpw.mods.modlauncher.api.TargetType@13518f37 {Lnet/minecraft/world/level/levelgen/structure/templatesystem/StructureTemplate;} {} {V}
[09апр.2026 16:42:40.049] [main/DEBUG] [cpw.mods.modlauncher.TransformStore/MODLAUNCHER]: Adding transformer net.neoforged.neoforge.coremods.MethodRedirector@28348c6 to Target : cpw.mods.modlauncher.api.TargetType@13518f37 {Lnet/minecraft/world/entity/npc/Villager;} {} {V}
[09апр.2026 16:42:40.049] [main/DEBUG] [cpw.mods.modlauncher.TransformStore/MODLAUNCHER]: Adding transformer net.neoforged.neoforge.coremods.MethodRedirector@28348c6 to Target : cpw.mods.modlauncher.api.TargetType@13518f37 {Lnet/minecraft/world/level/levelgen/structure/structures/OceanRuinPieces$OceanRuinPiece;} {} {V}
[09апр.2026 16:42:40.049] [main/DEBUG] [cpw.mods.modlauncher.TransformStore/MODLAUNCHER]: Adding transformer net.neoforged.neoforge.coremods.MethodRedirector@28348c6 to Target : cpw.mods.modlauncher.api.TargetType@13518f37 {Lnet/minecraft/world/level/levelgen/structure/structures/SwampHutPiece;} {} {V}
[09апр.2026 16:42:40.049] [main/DEBUG] [cpw.mods.modlauncher.TransformationServiceDecorator/MODLAUNCHER]: Initialized transformers for transformation service fml
[09апр.2026 16:42:40.683] [main/DEBUG] [mixin/]: Processing prepare() for PlatformAgent[MixinPlatformAgentDefault:ModLauncher Root Container(ModLauncher:4f56a0a2)]
[09апр.2026 16:42:40.684] [main/DEBUG] [mixin/]: Processing prepare() for PlatformAgent[MixinPlatformAgentDefault:net.neoforged.fml.loading.mixin.FMLMixinContainerHandle@1ad8df52]
[09апр.2026 16:42:40.684] [main/DEBUG] [mixin/]: Processing prepare() for PlatformAgent[FMLMixinPlatformAgent:null]
[09апр.2026 16:42:40.743] [main/DEBUG] [mixin/]: Compatibility level JAVA_21 specified by curios.neoforge.mixins.json is higher than the maximum level supported by this version of mixin (JAVA_13).
[09апр.2026 16:42:40.751] [main/INFO] [mixin/]: Compatibility level set to JAVA_21
[09апр.2026 16:42:40.756] [main/DEBUG] [mixin/]: Compatibility level JAVA_17 specified by geckolib.mixins.json is higher than the maximum level supported by this version of mixin (JAVA_13).
[09апр.2026 16:42:40.767] [main/DEBUG] [mixin/]: Compatibility level JAVA_18 specified by nuggets.mixins.json is higher than the maximum level supported by this version of mixin (JAVA_13).
[09апр.2026 16:42:40.770] [main/DEBUG] [mixin/]: Processing launch tasks for PlatformAgent[MixinPlatformAgentDefault:ModLauncher Root Container(ModLauncher:4f56a0a2)]
[09апр.2026 16:42:40.771] [main/DEBUG] [mixin/]: Adding mixin platform agents for container SecureJarResource(mixin_synthetic)
[09апр.2026 16:42:40.771] [main/DEBUG] [mixin/]: Instancing new MixinPlatformAgentMinecraftForge for SecureJarResource(mixin_synthetic)
[09апр.2026 16:42:40.771] [main/DEBUG] [mixin/]: MixinPlatformAgentMinecraftForge rejected container SecureJarResource(mixin_synthetic)
[09апр.2026 16:42:40.771] [main/DEBUG] [mixin/]: Instancing new MixinPlatformAgentDefault for SecureJarResource(mixin_synthetic)
[09апр.2026 16:42:40.771] [main/DEBUG] [mixin/]: MixinPlatformAgentDefault accepted container SecureJarResource(mixin_synthetic)
[09апр.2026 16:42:40.771] [main/DEBUG] [mixin/]: Instancing new FMLMixinPlatformAgent for SecureJarResource(mixin_synthetic)
[09апр.2026 16:42:40.771] [main/DEBUG] [mixin/]: FMLMixinPlatformAgent rejected container SecureJarResource(mixin_synthetic)
[09апр.2026 16:42:40.771] [main/DEBUG] [mixin/]: Processing prepare() for PlatformAgent[MixinPlatformAgentDefault:SecureJarResource(mixin_synthetic)]
[09апр.2026 16:42:40.771] [main/DEBUG] [mixin/]: Adding mixin platform agents for container SecureJarResource(minecraft)
[09апр.2026 16:42:40.771] [main/DEBUG] [mixin/]: Instancing new MixinPlatformAgentMinecraftForge for SecureJarResource(minecraft)
[09апр.2026 16:42:40.771] [main/DEBUG] [mixin/]: MixinPlatformAgentMinecraftForge rejected container SecureJarResource(minecraft)
[09апр.2026 16:42:40.771] [main/DEBUG] [mixin/]: Instancing new MixinPlatformAgentDefault for SecureJarResource(minecraft)
[09апр.2026 16:42:40.771] [main/DEBUG] [mixin/]: MixinPlatformAgentDefault accepted container SecureJarResource(minecraft)
[09апр.2026 16:42:40.771] [main/DEBUG] [mixin/]: Instancing new FMLMixinPlatformAgent for SecureJarResource(minecraft)
[09апр.2026 16:42:40.771] [main/DEBUG] [mixin/]: FMLMixinPlatformAgent rejected container SecureJarResource(minecraft)
[09апр.2026 16:42:40.771] [main/DEBUG] [mixin/]: Processing prepare() for PlatformAgent[MixinPlatformAgentDefault:SecureJarResource(minecraft)]
[09апр.2026 16:42:40.772] [main/DEBUG] [mixin/]: Adding mixin platform agents for container SecureJarResource(mr_health_damagehud)
[09апр.2026 16:42:40.772] [main/DEBUG] [mixin/]: Instancing new MixinPlatformAgentMinecraftForge for SecureJarResource(mr_health_damagehud)
[09апр.2026 16:42:40.772] [main/DEBUG] [mixin/]: MixinPlatformAgentMinecraftForge rejected container SecureJarResource(mr_health_damagehud)
[09апр.2026 16:42:40.772] [main/DEBUG] [mixin/]: Instancing new MixinPlatformAgentDefault for SecureJarResource(mr_health_damagehud)
[09апр.2026 16:42:40.772] [main/DEBUG] [mixin/]: MixinPlatformAgentDefault accepted container SecureJarResource(mr_health_damagehud)
[09апр.2026 16:42:40.772] [main/DEBUG] [mixin/]: Instancing new FMLMixinPlatformAgent for SecureJarResource(mr_health_damagehud)
[09апр.2026 16:42:40.772] [main/DEBUG] [mixin/]: FMLMixinPlatformAgent rejected container SecureJarResource(mr_health_damagehud)
[09апр.2026 16:42:40.772] [main/DEBUG] [mixin/]: Processing prepare() for PlatformAgent[MixinPlatformAgentDefault:SecureJarResource(mr_health_damagehud)]
[09апр.2026 16:42:40.772] [main/DEBUG] [mixin/]: Adding mixin platform agents for container SecureJarResource(curios)
[09апр.2026 16:42:40.772] [main/DEBUG] [mixin/]: Instancing new MixinPlatformAgentMinecraftForge for SecureJarResource(curios)
[09апр.2026 16:42:40.772] [main/DEBUG] [mixin/]: MixinPlatformAgentMinecraftForge rejected container SecureJarResource(curios)
[09апр.2026 16:42:40.772] [main/DEBUG] [mixin/]: Instancing new MixinPlatformAgentDefault for SecureJarResource(curios)
[09апр.2026 16:42:40.772] [main/DEBUG] [mixin/]: MixinPlatformAgentDefault accepted container SecureJarResource(curios)
[09апр.2026 16:42:40.773] [main/DEBUG] [mixin/]: Instancing new FMLMixinPlatformAgent for SecureJarResource(curios)
[09апр.2026 16:42:40.773] [main/DEBUG] [mixin/]: FMLMixinPlatformAgent rejected container SecureJarResource(curios)
[09апр.2026 16:42:40.773] [main/DEBUG] [mixin/]: Processing prepare() for PlatformAgent[MixinPlatformAgentDefault:SecureJarResource(curios)]
[09апр.2026 16:42:40.773] [main/DEBUG] [mixin/]: Adding mixin platform agents for container SecureJarResource(lambdynlights_api)
[09апр.2026 16:42:40.773] [main/DEBUG] [mixin/]: Instancing new MixinPlatformAgentMinecraftForge for SecureJarResource(lambdynlights_api)
[09апр.2026 16:42:40.773] [main/DEBUG] [mixin/]: MixinPlatformAgentMinecraftForge rejected container SecureJarResource(lambdynlights_api)
[09апр.2026 16:42:40.773] [main/DEBUG] [mixin/]: Instancing new MixinPlatformAgentDefault for SecureJarResource(lambdynlights_api)
[09апр.2026 16:42:40.774] [main/DEBUG] [mixin/]: MixinPlatformAgentDefault accepted container SecureJarResource(lambdynlights_api)
[09апр.2026 16:42:40.774] [main/DEBUG] [mixin/]: Instancing new FMLMixinPlatformAgent for SecureJarResource(lambdynlights_api)
[09апр.2026 16:42:40.774] [main/DEBUG] [mixin/]: FMLMixinPlatformAgent rejected container SecureJarResource(lambdynlights_api)
[09апр.2026 16:42:40.774] [main/DEBUG] [mixin/]: Processing prepare() for PlatformAgent[MixinPlatformAgentDefault:SecureJarResource(lambdynlights_api)]
[09апр.2026 16:42:40.774] [main/DEBUG] [mixin/]: Adding mixin platform agents for container SecureJarResource(geckolib)
[09апр.2026 16:42:40.774] [main/DEBUG] [mixin/]: Instancing new MixinPlatformAgentMinecraftForge for SecureJarResource(geckolib)
[09апр.2026 16:42:40.774] [main/DEBUG] [mixin/]: MixinPlatformAgentMinecraftForge rejected container SecureJarResource(geckolib)
[09апр.2026 16:42:40.774] [main/DEBUG] [mixin/]: Instancing new MixinPlatformAgentDefault for SecureJarResource(geckolib)
[09апр.2026 16:42:40.774] [main/DEBUG] [mixin/]: MixinPlatformAgentDefault accepted container SecureJarResource(geckolib)
[09апр.2026 16:42:40.775] [main/DEBUG] [mixin/]: Instancing new FMLMixinPlatformAgent for SecureJarResource(geckolib)
[09апр.2026 16:42:40.775] [main/DEBUG] [mixin/]: FMLMixinPlatformAgent rejected container SecureJarResource(geckolib)
[09апр.2026 16:42:40.775] [main/DEBUG] [mixin/]: Processing prepare() for PlatformAgent[MixinPlatformAgentDefault:SecureJarResource(geckolib)]
[09апр.2026 16:42:40.775] [main/DEBUG] [mixin/]: Registering mixin config: geckolib.mixins.json source=SecureJarResource(geckolib)
[09апр.2026 16:42:40.775] [main/DEBUG] [mixin/]: Adding mixin platform agents for container SecureJarResource(ars_nouveau)
[09апр.2026 16:42:40.775] [main/DEBUG] [mixin/]: Instancing new MixinPlatformAgentMinecraftForge for SecureJarResource(ars_nouveau)
[09апр.2026 16:42:40.776] [main/DEBUG] [mixin/]: MixinPlatformAgentMinecraftForge rejected container SecureJarResource(ars_nouveau)
[09апр.2026 16:42:40.776] [main/DEBUG] [mixin/]: Instancing new MixinPlatformAgentDefault for SecureJarResource(ars_nouveau)
[09апр.2026 16:42:40.776] [main/DEBUG] [mixin/]: MixinPlatformAgentDefault accepted container SecureJarResource(ars_nouveau)
[09апр.2026 16:42:40.776] [main/DEBUG] [mixin/]: Instancing new FMLMixinPlatformAgent for SecureJarResource(ars_nouveau)
[09апр.2026 16:42:40.777] [main/DEBUG] [mixin/]: FMLMixinPlatformAgent rejected container SecureJarResource(ars_nouveau)
[09апр.2026 16:42:40.777] [main/DEBUG] [mixin/]: Processing prepare() for PlatformAgent[MixinPlatformAgentDefault:SecureJarResource(ars_nouveau)]
[09апр.2026 16:42:40.777] [main/DEBUG] [mixin/]: Registering mixin config: ars_nouveau.mixins.json source=SecureJarResource(ars_nouveau)
[09апр.2026 16:42:40.777] [main/DEBUG] [mixin/]: Adding mixin platform agents for container SecureJarResource(lvluping)
[09апр.2026 16:42:40.777] [main/DEBUG] [mixin/]: Instancing new MixinPlatformAgentMinecraftForge for SecureJarResource(lvluping)
[09апр.2026 16:42:40.777] [main/DEBUG] [mixin/]: MixinPlatformAgentMinecraftForge rejected container SecureJarResource(lvluping)
[09апр.2026 16:42:40.777] [main/DEBUG] [mixin/]: Instancing new MixinPlatformAgentDefault for SecureJarResource(lvluping)
[09апр.2026 16:42:40.777] [main/DEBUG] [mixin/]: MixinPlatformAgentDefault accepted container SecureJarResource(lvluping)
[09апр.2026 16:42:40.777] [main/DEBUG] [mixin/]: Instancing new FMLMixinPlatformAgent for SecureJarResource(lvluping)
[09апр.2026 16:42:40.777] [main/DEBUG] [mixin/]: FMLMixinPlatformAgent rejected container SecureJarResource(lvluping)
[09апр.2026 16:42:40.778] [main/DEBUG] [mixin/]: Processing prepare() for PlatformAgent[MixinPlatformAgentDefault:SecureJarResource(lvluping)]
[09апр.2026 16:42:40.778] [main/DEBUG] [mixin/]: Adding mixin platform agents for container SecureJarResource(nuggets)
[09апр.2026 16:42:40.778] [main/DEBUG] [mixin/]: Instancing new MixinPlatformAgentMinecraftForge for SecureJarResource(nuggets)
[09апр.2026 16:42:40.778] [main/DEBUG] [mixin/]: MixinPlatformAgentMinecraftForge rejected container SecureJarResource(nuggets)
[09апр.2026 16:42:40.778] [main/DEBUG] [mixin/]: Instancing new MixinPlatformAgentDefault for SecureJarResource(nuggets)
[09апр.2026 16:42:40.778] [main/DEBUG] [mixin/]: MixinPlatformAgentDefault accepted container SecureJarResource(nuggets)
[09апр.2026 16:42:40.778] [main/DEBUG] [mixin/]: Instancing new FMLMixinPlatformAgent for SecureJarResource(nuggets)
[09апр.2026 16:42:40.778] [main/DEBUG] [mixin/]: FMLMixinPlatformAgent rejected container SecureJarResource(nuggets)
[09апр.2026 16:42:40.778] [main/DEBUG] [mixin/]: Processing prepare() for PlatformAgent[MixinPlatformAgentDefault:SecureJarResource(nuggets)]
[09апр.2026 16:42:40.778] [main/DEBUG] [mixin/]: Adding mixin platform agents for container SecureJarResource(mixinextras.neoforge)
[09апр.2026 16:42:40.778] [main/DEBUG] [mixin/]: Instancing new MixinPlatformAgentMinecraftForge for SecureJarResource(mixinextras.neoforge)
[09апр.2026 16:42:40.778] [main/DEBUG] [mixin/]: MixinPlatformAgentMinecraftForge rejected container SecureJarResource(mixinextras.neoforge)
[09апр.2026 16:42:40.779] [main/DEBUG] [mixin/]: Instancing new MixinPlatformAgentDefault for SecureJarResource(mixinextras.neoforge)
[09апр.2026 16:42:40.779] [main/DEBUG] [mixin/]: MixinPlatformAgentDefault accepted container SecureJarResource(mixinextras.neoforge)
[09апр.2026 16:42:40.779] [main/DEBUG] [mixin/]: Instancing new FMLMixinPlatformAgent for SecureJarResource(mixinextras.neoforge)
[09апр.2026 16:42:40.779] [main/DEBUG] [mixin/]: FMLMixinPlatformAgent rejected container SecureJarResource(mixinextras.neoforge)
[09апр.2026 16:42:40.779] [main/DEBUG] [mixin/]: Processing prepare() for PlatformAgent[MixinPlatformAgentDefault:SecureJarResource(mixinextras.neoforge)]
[09апр.2026 16:42:40.779] [main/DEBUG] [mixin/]: Registering mixin config: mixinextras.init.mixins.json source=SecureJarResource(mixinextras.neoforge)
[09апр.2026 16:42:40.780] [main/DEBUG] [mixin/]: inject() running with 12 agents
[09апр.2026 16:42:40.780] [main/DEBUG] [mixin/]: Processing inject() for PlatformAgent[MixinPlatformAgentDefault:ModLauncher Root Container(ModLauncher:4f56a0a2)]
[09апр.2026 16:42:40.780] [main/DEBUG] [mixin/]: Processing inject() for PlatformAgent[MixinPlatformAgentDefault:net.neoforged.fml.loading.mixin.FMLMixinContainerHandle@1ad8df52]
[09апр.2026 16:42:40.781] [main/DEBUG] [mixin/]: Processing inject() for PlatformAgent[FMLMixinPlatformAgent:null]
[09апр.2026 16:42:40.781] [main/DEBUG] [mixin/]: Processing inject() for PlatformAgent[MixinPlatformAgentDefault:SecureJarResource(mixin_synthetic)]
[09апр.2026 16:42:40.781] [main/DEBUG] [mixin/]: Processing inject() for PlatformAgent[MixinPlatformAgentDefault:SecureJarResource(minecraft)]
[09апр.2026 16:42:40.781] [main/DEBUG] [mixin/]: Processing inject() for PlatformAgent[MixinPlatformAgentDefault:SecureJarResource(mr_health_damagehud)]
[09апр.2026 16:42:40.781] [main/DEBUG] [mixin/]: Processing inject() for PlatformAgent[MixinPlatformAgentDefault:SecureJarResource(curios)]
[09апр.2026 16:42:40.781] [main/DEBUG] [mixin/]: Processing inject() for PlatformAgent[MixinPlatformAgentDefault:SecureJarResource(lambdynlights_api)]
[09апр.2026 16:42:40.781] [main/DEBUG] [mixin/]: Processing inject() for PlatformAgent[MixinPlatformAgentDefault:SecureJarResource(geckolib)]
[09апр.2026 16:42:40.782] [main/DEBUG] [mixin/]: Processing inject() for PlatformAgent[MixinPlatformAgentDefault:SecureJarResource(ars_nouveau)]
[09апр.2026 16:42:40.782] [main/DEBUG] [mixin/]: Processing inject() for PlatformAgent[MixinPlatformAgentDefault:SecureJarResource(lvluping)]
[09апр.2026 16:42:40.782] [main/DEBUG] [mixin/]: Processing inject() for PlatformAgent[MixinPlatformAgentDefault:SecureJarResource(nuggets)]
[09апр.2026 16:42:40.782] [main/DEBUG] [mixin/]: Processing inject() for PlatformAgent[MixinPlatformAgentDefault:SecureJarResource(mixinextras.neoforge)]
[09апр.2026 16:42:40.783] [main/INFO] [cpw.mods.modlauncher.LaunchServiceHandler/MODLAUNCHER]: Launching target 'forgeclientdev' with arguments [--version, 21.1.214, --gameDir, ., --assetsDir, C:\Users\MrUtcka\.gradle\caches\neoformruntime\assets, --assetIndex, 17]
[09апр.2026 16:42:40.848] [main/DEBUG] [mixin/]: Preparing mixins for MixinEnvironment[DEFAULT]
[09апр.2026 16:42:40.849] [main/DEBUG] [mixin/]: Selecting config curios.neoforge.mixins.json
[09апр.2026 16:42:40.855] [main/WARN] [mixin/]: Reference map 'curios.refmap.json' for curios.neoforge.mixins.json could not be read. If this is a development environment you can ignore this message
[09апр.2026 16:42:40.855] [main/DEBUG] [mixin/]: Selecting config curios.mixins.json
[09апр.2026 16:42:40.856] [main/WARN] [mixin/]: Reference map 'curios.refmap.json' for curios.mixins.json could not be read. If this is a development environment you can ignore this message
[09апр.2026 16:42:40.856] [main/DEBUG] [mixin/]: Selecting config geckolib.mixins.json
[09апр.2026 16:42:40.857] [main/WARN] [mixin/]: Reference map 'geckolib.refmap.json' for geckolib.mixins.json could not be read. If this is a development environment you can ignore this message
[09апр.2026 16:42:40.857] [main/DEBUG] [mixin/]: Selecting config ars_nouveau.mixins.json
[09апр.2026 16:42:40.925] [main/DEBUG] [MixinExtras|Service/]: com.llamalad7.mixinextras.service.MixinExtrasServiceImpl(version=0.5.0) is taking over from null
[09апр.2026 16:42:40.962] [main/DEBUG] [mixin/]: Registering new injector for @Inject with org.spongepowered.asm.mixin.injection.struct.CallbackInjectionInfo
[09апр.2026 16:42:40.965] [main/DEBUG] [mixin/]: Registering new injector for @ModifyArg with org.spongepowered.asm.mixin.injection.struct.ModifyArgInjectionInfo
[09апр.2026 16:42:40.965] [main/DEBUG] [mixin/]: Registering new injector for @ModifyArgs with org.spongepowered.asm.mixin.injection.struct.ModifyArgsInjectionInfo
[09апр.2026 16:42:40.967] [main/DEBUG] [mixin/]: Registering new injector for @Redirect with org.spongepowered.asm.mixin.injection.struct.RedirectInjectionInfo
[09апр.2026 16:42:40.970] [main/DEBUG] [mixin/]: Registering new injector for @ModifyVariable with org.spongepowered.asm.mixin.injection.struct.ModifyVariableInjectionInfo
[09апр.2026 16:42:40.972] [main/DEBUG] [mixin/]: Registering new injector for @ModifyConstant with org.spongepowered.asm.mixin.injection.struct.ModifyConstantInjectionInfo
[09апр.2026 16:42:40.984] [main/WARN] [mixin/]: Reference map 'ars_nouveau.refmap.json' for ars_nouveau.mixins.json could not be read. If this is a development environment you can ignore this message
[09апр.2026 16:42:40.984] [main/DEBUG] [mixin/]: Selecting config lvluping.mixins.json
[09апр.2026 16:42:40.985] [main/DEBUG] [mixin/]: Selecting config neoforge.mixins.json
[09апр.2026 16:42:40.985] [main/DEBUG] [mixin/]: Selecting config nuggets.mixins.json
[09апр.2026 16:42:40.986] [main/WARN] [mixin/]: Reference map 'nuggets.refmap.json' for nuggets.mixins.json could not be read. If this is a development environment you can ignore this message
[09апр.2026 16:42:40.986] [main/DEBUG] [mixin/]: Selecting config nuggets.neoforge.mixins.json
[09апр.2026 16:42:40.986] [main/DEBUG] [mixin/]: Selecting config mixinextras.init.mixins.json
[09апр.2026 16:42:40.989] [main/DEBUG] [mixin/]: Preparing curios.neoforge.mixins.json (10)
[09апр.2026 16:42:41.107] [main/DEBUG] [mixin/]: Preparing curios.mixins.json (3)
[09апр.2026 16:42:41.142] [main/DEBUG] [mixin/]: Preparing geckolib.mixins.json (7)
[09апр.2026 16:42:41.184] [main/DEBUG] [mixin/]: Preparing ars_nouveau.mixins.json (39)
[09апр.2026 16:42:41.314] [main/DEBUG] [mixin/]: Preparing lvluping.mixins.json (5)
[09апр.2026 16:42:41.326] [main/DEBUG] [mixin/]: Preparing neoforge.mixins.json (2)
[09апр.2026 16:42:41.336] [main/DEBUG] [mixin/]: Preparing nuggets.mixins.json (4)
[09апр.2026 16:42:41.346] [main/DEBUG] [mixin/]: Preparing nuggets.neoforge.mixins.json (0)
[09апр.2026 16:42:41.346] [main/DEBUG] [mixin/]: Preparing mixinextras.init.mixins.json (0)
[09апр.2026 16:42:41.398] [main/DEBUG] [mixin/]: Prepared 70 mixins in 0,545 sec (7,8ms avg) (0ms load, 0ms transform, 0ms plugin)
[09апр.2026 16:42:41.422] [main/INFO] [MixinExtras|Service/]: Initializing MixinExtras via com.llamalad7.mixinextras.service.MixinExtrasServiceImpl(version=0.5.0).
[09апр.2026 16:42:41.424] [main/DEBUG] [mixin/]: Registering new injector for @SugarWrapper with com.llamalad7.mixinextras.sugar.impl.SugarWrapperInjectionInfo
[09апр.2026 16:42:41.424] [main/DEBUG] [mixin/]: Registering new injector for @FactoryRedirectWrapper with com.llamalad7.mixinextras.wrapper.factory.FactoryRedirectWrapperInjectionInfo
[09апр.2026 16:42:41.425] [main/DEBUG] [mixin/]: Registering new injector for @ExpressionInjectorWrapper with com.llamalad7.mixinextras.expression.impl.wrapper.ExpressionInjectorWrapperInjectionInfo
[09апр.2026 16:42:41.444] [main/DEBUG] [mixin/]: Mixing light.ClientMixin from ars_nouveau.mixins.json into net.minecraft.client.Minecraft
[09апр.2026 16:42:41.468] [main/DEBUG] [mixin/]: Mixing camera.MinecraftMixin from ars_nouveau.mixins.json into net.minecraft.client.Minecraft
[09апр.2026 16:42:41.542] [main/DEBUG] [mixin/]: ars_nouveau.mixins.json:light.ClientMixin from mod ars_nouveau->@Inject::ars_nouveau$onSetWorld(Lnet/minecraft/client/multiplayer/ClientLevel;Lorg/spongepowered/asm/mixin/injection/callback/CallbackInfo;)V doesn't use it's CallbackInfo
[09апр.2026 16:42:41.542] [main/DEBUG] [mixin/]: ars_nouveau.mixins.json:light.ClientMixin from mod ars_nouveau->@Inject::ars_nouveau$onSetWorld(Lnet/minecraft/client/multiplayer/ClientLevel;Lorg/spongepowered/asm/mixin/injection/callback/CallbackInfo;)V has 0 override(s) in child classes
[09апр.2026 16:42:41.542] [main/DEBUG] [mixin/]: ars_nouveau.mixins.json:light.ClientMixin from mod ars_nouveau->@Inject::ars_nouveau$onSetWorld(Lnet/minecraft/client/multiplayer/ClientLevel;Lorg/spongepowered/asm/mixin/injection/callback/CallbackInfo;)V won't be passed a CallbackInfo as a result
[09апр.2026 16:42:41.828] [main/DEBUG] [io.netty.util.internal.logging.InternalLoggerFactory/]: Using SLF4J as the default logging framework
[09апр.2026 16:42:41.831] [main/DEBUG] [io.netty.util.ResourceLeakDetector/]: -Dio.netty.leakDetection.level: simple
[09апр.2026 16:42:41.832] [main/DEBUG] [io.netty.util.ResourceLeakDetector/]: -Dio.netty.leakDetection.targetRecords: 4
[09апр.2026 16:42:42.273] [main/DEBUG] [mixin/]: Mixing MixinV1460 from curios.neoforge.mixins.json into net.minecraft.util.datafix.schemas.V1460
[09апр.2026 16:42:42.282] [main/DEBUG] [mixin/]: curios.neoforge.mixins.json:MixinV1460 from mod curios->@Inject::captureSchema(Lcom/mojang/datafixers/schemas/Schema;Ljava/util/Map;Ljava/util/Map;Lorg/spongepowered/asm/mixin/injection/callback/CallbackInfo;)V doesn't use it's CallbackInfo
[09апр.2026 16:42:42.282] [main/DEBUG] [mixin/]: curios.neoforge.mixins.json:MixinV1460 from mod curios->@Inject::captureSchema(Lcom/mojang/datafixers/schemas/Schema;Ljava/util/Map;Ljava/util/Map;Lorg/spongepowered/asm/mixin/injection/callback/CallbackInfo;)V has 0 override(s) in child classes
[09апр.2026 16:42:42.282] [main/DEBUG] [mixin/]: curios.neoforge.mixins.json:MixinV1460 from mod curios->@Inject::captureSchema(Lcom/mojang/datafixers/schemas/Schema;Ljava/util/Map;Ljava/util/Map;Lorg/spongepowered/asm/mixin/injection/callback/CallbackInfo;)V won't be passed a CallbackInfo as a result
[09апр.2026 16:42:42.308] [main/DEBUG] [mixin/]: Mixing MixinLivingEntity from curios.neoforge.mixins.json into net.minecraft.world.entity.LivingEntity
[09апр.2026 16:42:42.310] [main/DEBUG] [mixin/]: Mixing common.LivingEntityMixin from geckolib.mixins.json into net.minecraft.world.entity.LivingEntity
[09апр.2026 16:42:42.311] [main/DEBUG] [mixin/]: geckolib.mixins.json:common.LivingEntityMixin from mod geckolib: Class version 65 required is higher than the class version supported by the current version of Mixin (JAVA_17 supports class version 61)
[09апр.2026 16:42:42.319] [main/DEBUG] [mixin/]: Mixing LivingAccessor from ars_nouveau.mixins.json into net.minecraft.world.entity.LivingEntity
[09апр.2026 16:42:42.338] [main/DEBUG] [mixin/]: Mixing LivingEntityMixin from ars_nouveau.mixins.json into net.minecraft.world.entity.LivingEntity
[09апр.2026 16:42:42.344] [main/DEBUG] [mixin/]: Mixing elytra.MixinLivingEntity from ars_nouveau.mixins.json into net.minecraft.world.entity.LivingEntity
[09апр.2026 16:42:42.360] [main/DEBUG] [mixin/]: Mixing perks.PerkLivingEntity from ars_nouveau.mixins.json into net.minecraft.world.entity.LivingEntity
[09апр.2026 16:42:42.420] [main/DEBUG] [mixin/]: curios.neoforge.mixins.json:MixinLivingEntity from mod curios->@Inject::curio$canFreeze(Lorg/spongepowered/asm/mixin/injection/callback/CallbackInfoReturnable;)V does use it's CallbackInfoReturnable
[09апр.2026 16:42:42.422] [main/DEBUG] [mixin/]: ars_nouveau.mixins.json:perks.PerkLivingEntity from mod ars_nouveau->@Inject::decreaseAirSupply(ILorg/spongepowered/asm/mixin/injection/callback/CallbackInfoReturnable;)V does use it's CallbackInfoReturnable
[09апр.2026 16:42:42.422] [main/DEBUG] [mixin/]: ars_nouveau.mixins.json:perks.PerkLivingEntity from mod ars_nouveau->@Inject::getJumpPower(Lorg/spongepowered/asm/mixin/injection/callback/CallbackInfoReturnable;)V does use it's CallbackInfoReturnable
[09апр.2026 16:42:42.466] [main/DEBUG] [mixin/]: Mixing AccessorEntity from curios.mixins.json into net.minecraft.world.entity.Entity
[09апр.2026 16:42:42.467] [main/DEBUG] [mixin/]: Mixing EntityMixin from ars_nouveau.mixins.json into net.minecraft.world.entity.Entity
[09апр.2026 16:42:42.483] [main/DEBUG] [mixin/]: Mixing rewind.RewindEntityMixin from ars_nouveau.mixins.json into net.minecraft.world.entity.Entity
[09апр.2026 16:42:42.497] [main/DEBUG] [mixin/]: Mixing light.LightEntityMixin from ars_nouveau.mixins.json into net.minecraft.world.entity.Entity
[09апр.2026 16:42:42.562] [main/DEBUG] [mixin/]: ars_nouveau.mixins.json:EntityMixin from mod ars_nouveau->@Inject::ars_nouveau$setSecondsOnFire(ILorg/spongepowered/asm/mixin/injection/callback/CallbackInfo;)V does use it's CallbackInfo
[09апр.2026 16:42:42.563] [main/DEBUG] [mixin/]: ars_nouveau.mixins.json:EntityMixin from mod ars_nouveau->@Inject::onRemoval(Lnet/minecraft/world/entity/Entity$RemovalReason;Lorg/spongepowered/asm/mixin/injection/callback/CallbackInfo;)V doesn't use it's CallbackInfo
[09апр.2026 16:42:42.563] [main/DEBUG] [mixin/]: ars_nouveau.mixins.json:EntityMixin from mod ars_nouveau->@Inject::onRemoval(Lnet/minecraft/world/entity/Entity$RemovalReason;Lorg/spongepowered/asm/mixin/injection/callback/CallbackInfo;)V has 0 override(s) in child classes
[09апр.2026 16:42:42.563] [main/DEBUG] [mixin/]: ars_nouveau.mixins.json:EntityMixin from mod ars_nouveau->@Inject::onRemoval(Lnet/minecraft/world/entity/Entity$RemovalReason;Lorg/spongepowered/asm/mixin/injection/callback/CallbackInfo;)V won't be passed a CallbackInfo as a result
[09апр.2026 16:42:42.563] [main/DEBUG] [mixin/]: ars_nouveau.mixins.json:EntityMixin from mod ars_nouveau->@Inject::ars_nouveau$getTeamColor(Lorg/spongepowered/asm/mixin/injection/callback/CallbackInfoReturnable;)V does use it's CallbackInfoReturnable
[09апр.2026 16:42:42.566] [main/DEBUG] [mixin/]: ars_nouveau.mixins.json:rewind.RewindEntityMixin from mod ars_nouveau->@Inject::onTick(Lorg/spongepowered/asm/mixin/injection/callback/CallbackInfo;)V doesn't use it's CallbackInfo
[09апр.2026 16:42:42.566] [main/DEBUG] [mixin/]: ars_nouveau.mixins.json:rewind.RewindEntityMixin from mod ars_nouveau->@Inject::onTick(Lorg/spongepowered/asm/mixin/injection/callback/CallbackInfo;)V has 0 override(s) in child classes
[09апр.2026 16:42:42.566] [main/DEBUG] [mixin/]: ars_nouveau.mixins.json:rewind.RewindEntityMixin from mod ars_nouveau->@Inject::onTick(Lorg/spongepowered/asm/mixin/injection/callback/CallbackInfo;)V won't be passed a CallbackInfo as a result
[09апр.2026 16:42:42.566] [main/DEBUG] [mixin/]: ars_nouveau.mixins.json:rewind.RewindEntityMixin from mod ars_nouveau->@Inject::anSetDeltaMovement(Lnet/minecraft/world/phys/Vec3;Lorg/spongepowered/asm/mixin/injection/callback/CallbackInfo;)V does use it's CallbackInfo
[09апр.2026 16:42:42.566] [main/DEBUG] [mixin/]: ars_nouveau.mixins.json:rewind.RewindEntityMixin from mod ars_nouveau->@Inject::anSetDeltaMovement(DDDLorg/spongepowered/asm/mixin/injection/callback/CallbackInfo;)V does use it's CallbackInfo
[09апр.2026 16:42:42.567] [main/DEBUG] [mixin/]: ars_nouveau.mixins.json:light.LightEntityMixin from mod ars_nouveau->@Inject::onTick(Lorg/spongepowered/asm/mixin/injection/callback/CallbackInfo;)V doesn't use it's CallbackInfo
[09апр.2026 16:42:42.567] [main/DEBUG] [mixin/]: ars_nouveau.mixins.json:light.LightEntityMixin from mod ars_nouveau->@Inject::onTick(Lorg/spongepowered/asm/mixin/injection/callback/CallbackInfo;)V has 0 override(s) in child classes
[09апр.2026 16:42:42.567] [main/DEBUG] [mixin/]: ars_nouveau.mixins.json:light.LightEntityMixin from mod ars_nouveau->@Inject::onTick(Lorg/spongepowered/asm/mixin/injection/callback/CallbackInfo;)V won't be passed a CallbackInfo as a result
[09апр.2026 16:42:42.567] [main/DEBUG] [mixin/]: ars_nouveau.mixins.json:light.LightEntityMixin from mod ars_nouveau->@Inject::onRemove(Lorg/spongepowered/asm/mixin/injection/callback/CallbackInfo;)V doesn't use it's CallbackInfo
[09апр.2026 16:42:42.567] [main/DEBUG] [mixin/]: ars_nouveau.mixins.json:light.LightEntityMixin from mod ars_nouveau->@Inject::onRemove(Lorg/spongepowered/asm/mixin/injection/callback/CallbackInfo;)V has 0 override(s) in child classes
[09апр.2026 16:42:42.567] [main/DEBUG] [mixin/]: ars_nouveau.mixins.json:light.LightEntityMixin from mod ars_nouveau->@Inject::onRemove(Lorg/spongepowered/asm/mixin/injection/callback/CallbackInfo;)V won't be passed a CallbackInfo as a result
[09апр.2026 16:42:42.567] [main/DEBUG] [mixin/]: ars_nouveau.mixins.json:light.LightEntityMixin from mod ars_nouveau->@Inject::removed(Lorg/spongepowered/asm/mixin/injection/callback/CallbackInfo;)V doesn't use it's CallbackInfo
[09апр.2026 16:42:42.567] [main/DEBUG] [mixin/]: ars_nouveau.mixins.json:light.LightEntityMixin from mod ars_nouveau->@Inject::removed(Lorg/spongepowered/asm/mixin/injection/callback/CallbackInfo;)V has 0 override(s) in child classes
[09апр.2026 16:42:42.567] [main/DEBUG] [mixin/]: ars_nouveau.mixins.json:light.LightEntityMixin from mod ars_nouveau->@Inject::removed(Lorg/spongepowered/asm/mixin/injection/callback/CallbackInfo;)V won't be passed a CallbackInfo as a result
[09апр.2026 16:42:42.627] [main/DEBUG] [mixin/]: Mixing elytra.ElytraPlayerMixin from ars_nouveau.mixins.json into net.minecraft.world.entity.player.Player
[09апр.2026 16:42:42.968] [main/DEBUG] [oshi.util.FileUtil/]: No oshi.properties file found from ClassLoader cpw.mods.modlauncher.TransformingClassLoader@41b0ae4c
[09апр.2026 16:42:43.305] [Datafixer Bootstrap/INFO] [com.mojang.datafixers.DataFixerBuilder/]: 229 Datafixer optimizations took 365 milliseconds
[09апр.2026 16:42:43.400] [main/DEBUG] [oshi.util.FileUtil/]: No oshi.architecture.properties file found from ClassLoader cpw.mods.modlauncher.TransformingClassLoader@41b0ae4c
[09апр.2026 16:42:43.467] [pool-13-thread-1/DEBUG] [mixin/]: Mixing MappedRegistryAccessor from neoforge.mixins.json into net.minecraft.core.MappedRegistry
[09апр.2026 16:42:43.580] [pool-13-thread-1/DEBUG] [mixin/]: Mixing BlockBehaviourAccessor from ars_nouveau.mixins.json into net.minecraft.world.level.block.state.BlockBehaviour
[09апр.2026 16:42:43.587] [pool-13-thread-1/DEBUG] [mixin/]: Mixing redstone.RedstoneLevelMixin from ars_nouveau.mixins.json into net.minecraft.world.level.block.state.BlockBehaviour$BlockStateBase
[09апр.2026 16:42:43.596] [pool-13-thread-1/DEBUG] [mixin/]: ars_nouveau.mixins.json:redstone.RedstoneLevelMixin from mod ars_nouveau->@Inject::getArsSignal(Lnet/minecraft/world/level/BlockGetter;Lnet/minecraft/core/BlockPos;Lnet/minecraft/core/Direction;Lorg/spongepowered/asm/mixin/injection/callback/CallbackInfoReturnable;)V does use it's CallbackInfoReturnable
[09апр.2026 16:42:43.809] [pool-13-thread-1/DEBUG] [mixin/]: Mixing jar.DispenserMixin from ars_nouveau.mixins.json into net.minecraft.world.level.block.DispenserBlock
[09апр.2026 16:42:43.930] [pool-13-thread-1/DEBUG] [mixin/]: Mixing MixinPowderSnowBlock from curios.neoforge.mixins.json into net.minecraft.world.level.block.PowderSnowBlock
[09апр.2026 16:42:43.932] [pool-13-thread-1/DEBUG] [mixin/]: curios.neoforge.mixins.json:MixinPowderSnowBlock from mod curios->@Inject::curios$canEntityWalkOnPowderSnow(Lnet/minecraft/world/entity/Entity;Lorg/spongepowered/asm/mixin/injection/callback/CallbackInfoReturnable;)V does use it's CallbackInfoReturnable
[09апр.2026 16:42:43.933] [pool-13-thread-1/DEBUG] [mixin/]: curios.neoforge.mixins.json:MixinPowderSnowBlock from mod curios->@Inject::curios$canEntityWalkOnPowderSnow(Lnet/minecraft/world/entity/Entity;Lorg/spongepowered/asm/mixin/injection/callback/CallbackInfoReturnable;)V does use it's CallbackInfoReturnable
[09апр.2026 16:42:44.041] [pool-13-thread-1/DEBUG] [mixin/]: Mixing TreeGrowerMixin from ars_nouveau.mixins.json into net.minecraft.world.level.block.grower.TreeGrower
[09апр.2026 16:42:44.089] [pool-13-thread-1/DEBUG] [mixin/]: Mixing BrushableBlockEntityAccessor from ars_nouveau.mixins.json into net.minecraft.world.level.block.entity.BrushableBlockEntity
[09апр.2026 16:42:44.446] [pool-13-thread-1/DEBUG] [mixin/]: Mixing MobAccessor from ars_nouveau.mixins.json into net.minecraft.world.entity.Mob
[09апр.2026 16:42:44.446] [pool-13-thread-1/DEBUG] [mixin/]: Mixing jar.MobAccessorMixin from ars_nouveau.mixins.json into net.minecraft.world.entity.Mob
[09апр.2026 16:42:44.446] [pool-13-thread-1/DEBUG] [mixin/]: Mixing MobAccessor from nuggets.mixins.json into net.minecraft.world.entity.Mob
[09апр.2026 16:42:44.446] [pool-13-thread-1/DEBUG] [mixin/]: nuggets.mixins.json:MobAccessor from mod nuggets: Class version 65 required is higher than the class version supported by the current version of Mixin (JAVA_18 supports class version 62)
[09апр.2026 16:42:44.513] [pool-13-thread-1/DEBUG] [mixin/]: Mixing BlockEntityTypeAccessor from neoforge.mixins.json into net.minecraft.world.level.block.entity.BlockEntityType
[09апр.2026 16:42:44.568] [pool-13-thread-1/DEBUG] [mixin/]: Mixing common.AbstractContainerMenuMixin from geckolib.mixins.json into net.minecraft.world.inventory.AbstractContainerMenu
[09апр.2026 16:42:44.568] [pool-13-thread-1/DEBUG] [mixin/]: geckolib.mixins.json:common.AbstractContainerMenuMixin from mod geckolib: Class version 65 required is higher than the class version supported by the current version of Mixin (JAVA_17 supports class version 61)
[09апр.2026 16:42:44.717] [pool-13-thread-1/DEBUG] [mixin/]: Mixing common.ItemStackMixin from geckolib.mixins.json into net.minecraft.world.item.ItemStack
[09апр.2026 16:42:44.717] [pool-13-thread-1/DEBUG] [mixin/]: geckolib.mixins.json:common.ItemStackMixin from mod geckolib: Class version 65 required is higher than the class version supported by the current version of Mixin (JAVA_17 supports class version 61)
[09апр.2026 16:42:44.721] [pool-13-thread-1/DEBUG] [mixin/]: Mixing ItemStackMixin from ars_nouveau.mixins.json into net.minecraft.world.item.ItemStack
[09апр.2026 16:42:44.723] [pool-13-thread-1/DEBUG] [mixin/]: Mixing perks.UnbreakablePerk from ars_nouveau.mixins.json into net.minecraft.world.item.ItemStack
[09апр.2026 16:42:44.733] [pool-13-thread-1/DEBUG] [mixin/]: ars_nouveau.mixins.json:perks.UnbreakablePerk from mod ars_nouveau->@Inject::ars_nouveau$unbreakablePerk(Lorg/spongepowered/asm/mixin/injection/callback/CallbackInfoReturnable;)V does use it's CallbackInfoReturnable
[09апр.2026 16:42:45.234] [pool-13-thread-1/DEBUG] [mixin/]: Mixing camera.ANServerPlayerMixin from ars_nouveau.mixins.json into net.minecraft.server.level.ServerPlayer
[09апр.2026 16:42:45.234] [pool-13-thread-1/DEBUG] [mixin/]: Mixing ServerPlayerDeathMessageMixin from lvluping.mixins.json into net.minecraft.server.level.ServerPlayer
[09апр.2026 16:42:45.262] [pool-13-thread-1/DEBUG] [mixin/]: lvluping.mixins.json:ServerPlayerDeathMessageMixin from mod lvluping->@Inject::lvluping$captureDeathSource(Lnet/minecraft/world/damagesource/DamageSource;Lorg/spongepowered/asm/mixin/injection/callback/CallbackInfo;)V doesn't use it's CallbackInfo
[09апр.2026 16:42:45.263] [pool-13-thread-1/DEBUG] [mixin/]: lvluping.mixins.json:ServerPlayerDeathMessageMixin from mod lvluping->@Inject::lvluping$captureDeathSource(Lnet/minecraft/world/damagesource/DamageSource;Lorg/spongepowered/asm/mixin/injection/callback/CallbackInfo;)V has 0 override(s) in child classes
[09апр.2026 16:42:45.263] [pool-13-thread-1/DEBUG] [mixin/]: lvluping.mixins.json:ServerPlayerDeathMessageMixin from mod lvluping->@Inject::lvluping$captureDeathSource(Lnet/minecraft/world/damagesource/DamageSource;Lorg/spongepowered/asm/mixin/injection/callback/CallbackInfo;)V won't be passed a CallbackInfo as a result
[09апр.2026 16:42:45.263] [pool-13-thread-1/DEBUG] [mixin/]: lvluping.mixins.json:ServerPlayerDeathMessageMixin from mod lvluping->@Inject::lvluping$clearDeathSource(Lorg/spongepowered/asm/mixin/injection/callback/CallbackInfo;)V doesn't use it's CallbackInfo
[09апр.2026 16:42:45.263] [pool-13-thread-1/DEBUG] [mixin/]: lvluping.mixins.json:ServerPlayerDeathMessageMixin from mod lvluping->@Inject::lvluping$clearDeathSource(Lorg/spongepowered/asm/mixin/injection/callback/CallbackInfo;)V has 0 override(s) in child classes
[09апр.2026 16:42:45.263] [pool-13-thread-1/DEBUG] [mixin/]: lvluping.mixins.json:ServerPlayerDeathMessageMixin from mod lvluping->@Inject::lvluping$clearDeathSource(Lorg/spongepowered/asm/mixin/injection/callback/CallbackInfo;)V won't be passed a CallbackInfo as a result
[09апр.2026 16:42:45.263] [pool-13-thread-1/DEBUG] [mixin/]: lvluping.mixins.json:ServerPlayerDeathMessageMixin from mod lvluping->@Inject::lvluping$clearDeathSource(Lorg/spongepowered/asm/mixin/injection/callback/CallbackInfo;)V doesn't use it's CallbackInfo
[09апр.2026 16:42:45.263] [pool-13-thread-1/DEBUG] [mixin/]: lvluping.mixins.json:ServerPlayerDeathMessageMixin from mod lvluping->@Inject::lvluping$clearDeathSource(Lorg/spongepowered/asm/mixin/injection/callback/CallbackInfo;)V has 0 override(s) in child classes
[09апр.2026 16:42:45.263] [pool-13-thread-1/DEBUG] [mixin/]: lvluping.mixins.json:ServerPlayerDeathMessageMixin from mod lvluping->@Inject::lvluping$clearDeathSource(Lorg/spongepowered/asm/mixin/injection/callback/CallbackInfo;)V won't be passed a CallbackInfo as a result
[09апр.2026 16:42:45.773] [pool-13-thread-1/DEBUG] [mixin/]: Mixing BlockItemAccessor from ars_nouveau.mixins.json into net.minecraft.world.item.BlockItem
[09апр.2026 16:42:45.774] [pool-13-thread-1/DEBUG] [mixin/]: Renaming @Invoker method invokeUpdateBlockEntityComponents(Lnet/minecraft/world/level/Level;Lnet/minecraft/core/BlockPos;Lnet/minecraft/world/item/ItemStack;)V to invokeUpdateBlockEntityComponents$ars_nouveau_$md$47713b$0 in ars_nouveau.mixins.json:BlockItemAccessor from mod ars_nouveau
[09апр.2026 16:42:45.872] [pool-13-thread-1/DEBUG] [io.netty.util.internal.PlatformDependent0/]: -Dio.netty.noUnsafe: false
[09апр.2026 16:42:45.872] [pool-13-thread-1/DEBUG] [io.netty.util.internal.PlatformDependent0/]: Java version: 21
[09апр.2026 16:42:45.873] [pool-13-thread-1/DEBUG] [io.netty.util.internal.PlatformDependent0/]: sun.misc.Unsafe.theUnsafe: available
[09апр.2026 16:42:45.873] [pool-13-thread-1/DEBUG] [io.netty.util.internal.PlatformDependent0/]: sun.misc.Unsafe.copyMemory: available
[09апр.2026 16:42:45.873] [pool-13-thread-1/DEBUG] [io.netty.util.internal.PlatformDependent0/]: sun.misc.Unsafe.storeFence: available
[09апр.2026 16:42:45.874] [pool-13-thread-1/DEBUG] [io.netty.util.internal.PlatformDependent0/]: java.nio.Buffer.address: available
[09апр.2026 16:42:45.874] [pool-13-thread-1/DEBUG] [io.netty.util.internal.PlatformDependent0/]: direct buffer constructor: unavailable: Reflective setAccessible(true) disabled
[09апр.2026 16:42:45.875] [pool-13-thread-1/DEBUG] [io.netty.util.internal.PlatformDependent0/]: java.nio.Bits.unaligned: available, true
[09апр.2026 16:42:45.876] [pool-13-thread-1/DEBUG] [io.netty.util.internal.PlatformDependent0/]: jdk.internal.misc.Unsafe.allocateUninitializedArray(int): unavailable: class io.netty.util.internal.PlatformDependent0$7 (in module io.netty.common) cannot access class jdk.internal.misc.Unsafe (in module java.base) because module java.base does not export jdk.internal.misc to module io.netty.common
[09апр.2026 16:42:45.876] [pool-13-thread-1/DEBUG] [io.netty.util.internal.PlatformDependent0/]: java.nio.DirectByteBuffer.<init>(long, {int,long}): unavailable
[09апр.2026 16:42:45.876] [pool-13-thread-1/DEBUG] [io.netty.util.internal.PlatformDependent/]: sun.misc.Unsafe: available
[09апр.2026 16:42:45.877] [pool-13-thread-1/DEBUG] [io.netty.util.internal.PlatformDependent/]: maxDirectMemory: 4227858432 bytes (maybe)
[09апр.2026 16:42:45.877] [pool-13-thread-1/DEBUG] [io.netty.util.internal.PlatformDependent/]: -Dio.netty.tmpdir: C:\Users\MrUtcka\AppData\Local\Temp (java.io.tmpdir)
[09апр.2026 16:42:45.877] [pool-13-thread-1/DEBUG] [io.netty.util.internal.PlatformDependent/]: -Dio.netty.bitMode: 64 (sun.arch.data.model)
[09апр.2026 16:42:45.878] [pool-13-thread-1/DEBUG] [io.netty.util.internal.PlatformDependent/]: Platform: Windows
[09апр.2026 16:42:45.878] [pool-13-thread-1/DEBUG] [io.netty.util.internal.PlatformDependent/]: -Dio.netty.maxDirectMemory: -1 bytes
[09апр.2026 16:42:45.878] [pool-13-thread-1/DEBUG] [io.netty.util.internal.PlatformDependent/]: -Dio.netty.uninitializedArrayAllocationThreshold: -1
[09апр.2026 16:42:45.880] [pool-13-thread-1/DEBUG] [io.netty.util.internal.CleanerJava9/]: java.nio.ByteBuffer.cleaner(): available
[09апр.2026 16:42:45.880] [pool-13-thread-1/DEBUG] [io.netty.util.internal.PlatformDependent/]: -Dio.netty.noPreferDirect: false
[09апр.2026 16:42:45.925] [pool-13-thread-1/DEBUG] [mixin/]: Mixing MixinNbtPredicate from curios.neoforge.mixins.json into net.minecraft.advancements.critereon.NbtPredicate
[09апр.2026 16:42:46.400] [pool-13-thread-1/DEBUG] [mixin/]: Mixing PufferfishAccessor from ars_nouveau.mixins.json into net.minecraft.world.entity.animal.Pufferfish
[09апр.2026 16:42:46.401] [pool-13-thread-1/DEBUG] [mixin/]: Renaming @Accessor method targetConditions()Lnet/minecraft/world/entity/ai/targeting/TargetingConditions; to targetConditions$ars_nouveau_$md$47713b$0 in ars_nouveau.mixins.json:PufferfishAccessor from mod ars_nouveau
[09апр.2026 16:42:46.806] [pool-13-thread-1/DEBUG] [mixin/]: Mixing structure.StructureProcessorAccessor from ars_nouveau.mixins.json into net.minecraft.world.level.levelgen.structure.templatesystem.StructureProcessor
[09апр.2026 16:42:46.841] [pool-13-thread-1/DEBUG] [mixin/]: Mixing MixinInventory from curios.neoforge.mixins.json into net.minecraft.world.entity.player.Inventory
[09апр.2026 16:42:46.845] [pool-13-thread-1/DEBUG] [mixin/]: curios.neoforge.mixins.json:MixinInventory from mod curios->@Inject::curios$containsStack(Lnet/minecraft/world/item/ItemStack;Lorg/spongepowered/asm/mixin/injection/callback/CallbackInfoReturnable;)V does use it's CallbackInfoReturnable
[09апр.2026 16:42:46.845] [pool-13-thread-1/DEBUG] [mixin/]: curios.neoforge.mixins.json:MixinInventory from mod curios->@Inject::curios$containsTag(Lnet/minecraft/tags/TagKey;Lorg/spongepowered/asm/mixin/injection/callback/CallbackInfoReturnable;)V does use it's CallbackInfoReturnable
[09апр.2026 16:42:46.845] [pool-13-thread-1/DEBUG] [mixin/]: curios.neoforge.mixins.json:MixinInventory from mod curios->@Inject::curios$contains(Ljava/util/function/Predicate;Lorg/spongepowered/asm/mixin/injection/callback/CallbackInfoReturnable;)V does use it's CallbackInfoReturnable
[09апр.2026 16:42:46.845] [pool-13-thread-1/DEBUG] [mixin/]: curios.neoforge.mixins.json:MixinInventory from mod curios->@Inject::curios$hasAnyMatching(Ljava/util/function/Predicate;Lorg/spongepowered/asm/mixin/injection/callback/CallbackInfoReturnable;)V does use it's CallbackInfoReturnable
[09апр.2026 16:42:46.942] [pool-13-thread-1/DEBUG] [mixin/]: Mixing MixinEnchantedCountIncreaseFunction from curios.neoforge.mixins.json into net.minecraft.world.level.storage.loot.functions.EnchantedCountIncreaseFunction
[09апр.2026 16:42:46.943] [pool-13-thread-1/DEBUG] [mixin/]: Mixing looting.EnchantedCountIncreaseFunctionMixin from ars_nouveau.mixins.json into net.minecraft.world.level.storage.loot.functions.EnchantedCountIncreaseFunction
[09апр.2026 16:42:46.979] [pool-13-thread-1/DEBUG] [mixin/]: Mixing MixinApplyBonusCount from curios.neoforge.mixins.json into net.minecraft.world.level.storage.loot.functions.ApplyBonusCount
[09апр.2026 16:42:47.032] [pool-13-thread-1/DEBUG] [mixin/]: Mixing looting.LootItemRandomChanceWithEnchantedBonusConditionMixin from ars_nouveau.mixins.json into net.minecraft.world.level.storage.loot.predicates.LootItemRandomChanceWithEnchantedBonusCondition
[09апр.2026 16:42:47.554] [pool-13-thread-1/DEBUG] [mixin/]: Mixing DamageSourceMixin from ars_nouveau.mixins.json into net.minecraft.world.damagesource.DamageSource
[09апр.2026 16:42:47.554] [pool-13-thread-1/DEBUG] [mixin/]: Renaming synthetic method lambda$spellDeathMessage$0(Lnet/minecraft/world/item/ItemStack;Lnet/minecraft/network/chat/Style;)Lnet/minecraft/network/chat/Style; to md47713b$ars_nouveau$lambda$spellDeathMessage$0$0 in ars_nouveau.mixins.json:DamageSourceMixin from mod ars_nouveau
[09апр.2026 16:42:47.564] [pool-13-thread-1/DEBUG] [mixin/]: ars_nouveau.mixins.json:DamageSourceMixin from mod ars_nouveau->@Inject::spellDeathMessage(Lnet/minecraft/world/entity/LivingEntity;Lorg/spongepowered/asm/mixin/injection/callback/CallbackInfoReturnable;)V does use it's CallbackInfoReturnable
[09апр.2026 16:42:48.267] [main/WARN] [net.minecraft.commands.Commands/]: Ambiguity between arguments [teleport, location] and [teleport, destination] with inputs: [0.1 -0.5 .9, 0 0 0]
[09апр.2026 16:42:48.268] [main/WARN] [net.minecraft.commands.Commands/]: Ambiguity between arguments [teleport, location] and [teleport, targets] with inputs: [0.1 -0.5 .9, 0 0 0]
[09апр.2026 16:42:48.270] [main/WARN] [net.minecraft.commands.Commands/]: Ambiguity between arguments [teleport, destination] and [teleport, targets] with inputs: [Player, 0123, @e, dd12be42-52a9-4a91-a8a1-11c01849e498]
[09апр.2026 16:42:48.271] [main/WARN] [net.minecraft.commands.Commands/]: Ambiguity between arguments [teleport, targets] and [teleport, destination] with inputs: [Player, 0123, dd12be42-52a9-4a91-a8a1-11c01849e498]
[09апр.2026 16:42:48.272] [main/WARN] [net.minecraft.commands.Commands/]: Ambiguity between arguments [teleport, targets, location] and [teleport, targets, destination] with inputs: [0.1 -0.5 .9, 0 0 0]
[09апр.2026 16:42:48.291] [Render thread/DEBUG] [mixin/]: Mixing ScreenAccessor from nuggets.mixins.json into net.minecraft.client.gui.screens.Screen
[09апр.2026 16:42:48.292] [Render thread/DEBUG] [mixin/]: nuggets.mixins.json:ScreenAccessor from mod nuggets: Class version 65 required is higher than the class version supported by the current version of Mixin (JAVA_18 supports class version 62)
[09апр.2026 16:42:48.301] [Render thread/DEBUG] [mixin/]: Mixing elytra.ClientElytraMixin from ars_nouveau.mixins.json into net.minecraft.client.player.LocalPlayer
[09апр.2026 16:42:48.313] [Render thread/DEBUG] [mixin/]: Mixing TitleScreenMixin from lvluping.mixins.json into net.minecraft.client.gui.screens.TitleScreen
[09апр.2026 16:42:48.317] [Render thread/DEBUG] [mixin/]: lvluping.mixins.json:TitleScreenMixin from mod lvluping->@Inject::lvluping$replaceVanillaSplash(ZLnet/minecraft/client/gui/components/LogoRenderer;Lorg/spongepowered/asm/mixin/injection/callback/CallbackInfo;)V doesn't use it's CallbackInfo
[09апр.2026 16:42:48.317] [Render thread/DEBUG] [mixin/]: lvluping.mixins.json:TitleScreenMixin from mod lvluping->@Inject::lvluping$replaceVanillaSplash(ZLnet/minecraft/client/gui/components/LogoRenderer;Lorg/spongepowered/asm/mixin/injection/callback/CallbackInfo;)V has 0 override(s) in child classes
[09апр.2026 16:42:48.317] [Render thread/DEBUG] [mixin/]: lvluping.mixins.json:TitleScreenMixin from mod lvluping->@Inject::lvluping$replaceVanillaSplash(ZLnet/minecraft/client/gui/components/LogoRenderer;Lorg/spongepowered/asm/mixin/injection/callback/CallbackInfo;)V won't be passed a CallbackInfo as a result
[09апр.2026 16:42:48.393] [Render thread/WARN] [net.minecraft.server.packs.VanillaPackResourcesBuilder/]: Assets URL 'union:/X:/Lariem/lvluping/build/moddev/artifacts/neoforge-21.1.214.jar%23193!/assets/.mcassetsroot' uses unexpected schema
[09апр.2026 16:42:48.394] [Render thread/WARN] [net.minecraft.server.packs.VanillaPackResourcesBuilder/]: Assets URL 'union:/X:/Lariem/lvluping/build/moddev/artifacts/neoforge-21.1.214.jar%23193!/data/.mcassetsroot' uses unexpected schema
[09апр.2026 16:42:48.416] [Render thread/INFO] [com.mojang.authlib.yggdrasil.YggdrasilAuthenticationService/]: Environment: Environment[sessionHost=https://sessionserver.mojang.com, servicesHost=https://api.minecraftservices.com, name=PROD]
[09апр.2026 16:42:48.424] [Render thread/INFO] [net.minecraft.client.Minecraft/]: Setting user: Dev
[09апр.2026 16:42:48.425] [Render thread/DEBUG] [mixin/]: Mixing KeyMappingAccessor from nuggets.mixins.json into net.minecraft.client.KeyMapping
[09апр.2026 16:42:48.425] [Render thread/DEBUG] [mixin/]: nuggets.mixins.json:KeyMappingAccessor from mod nuggets: Class version 65 required is higher than the class version supported by the current version of Mixin (JAVA_18 supports class version 62)
[09апр.2026 16:42:48.446] [Render thread/DEBUG] [mixin/]: Mixing AbstractSliderButtonAccessor from nuggets.mixins.json into net.minecraft.client.gui.components.AbstractSliderButton
[09апр.2026 16:42:48.447] [Render thread/DEBUG] [mixin/]: nuggets.mixins.json:AbstractSliderButtonAccessor from mod nuggets: Class version 65 required is higher than the class version supported by the current version of Mixin (JAVA_18 supports class version 62)
[09апр.2026 16:42:48.461] [Render thread/DEBUG] [mixin/]: Mixing ChatComponentAccessor from ars_nouveau.mixins.json into net.minecraft.client.gui.components.ChatComponent
[09апр.2026 16:42:48.517] [Render thread/INFO] [net.minecraft.client.Minecraft/]: Backend library: LWJGL version 3.3.3+5
[09апр.2026 16:42:48.653] [Render thread/DEBUG] [net.neoforged.fml.ModWorkManager/LOADING]: Using 16 threads for parallel mod-loading
[09апр.2026 16:42:48.664] [Render thread/DEBUG] [net.neoforged.fml.javafmlmod.FMLModContainer/LOADING]: Creating FMLModContainer instance for []
[09апр.2026 16:42:48.666] [Render thread/DEBUG] [net.neoforged.fml.javafmlmod.FMLModContainer/LOADING]: Creating FMLModContainer instance for [top.theillusivec4.curios.Curios]
[09апр.2026 16:42:48.667] [Render thread/DEBUG] [net.neoforged.fml.javafmlmod.FMLModContainer/LOADING]: Creating FMLModContainer instance for []
[09апр.2026 16:42:48.667] [Render thread/DEBUG] [net.neoforged.fml.javafmlmod.FMLModContainer/LOADING]: Creating FMLModContainer instance for [software.bernie.geckolib.GeckoLib]
[09апр.2026 16:42:48.667] [Render thread/DEBUG] [net.neoforged.fml.javafmlmod.FMLModContainer/LOADING]: Creating FMLModContainer instance for [com.hollingsworth.arsnouveau.ArsNouveau]
[09апр.2026 16:42:48.668] [Render thread/DEBUG] [net.neoforged.fml.javafmlmod.FMLModContainer/LOADING]: Creating FMLModContainer instance for [org.mrutcka.lvluping.LvlupingMod]
[09апр.2026 16:42:48.669] [Render thread/DEBUG] [net.neoforged.fml.javafmlmod.FMLModContainer/LOADING]: Creating FMLModContainer instance for [net.neoforged.neoforge.common.NeoForgeMod, net.neoforged.neoforge.client.ClientNeoForgeMod]
[09апр.2026 16:42:48.672] [Render thread/DEBUG] [net.neoforged.fml.javafmlmod.FMLModContainer/LOADING]: Creating FMLModContainer instance for [com.hollingsworth.nuggets.Nuggets]
[09апр.2026 16:42:48.676] [modloading-worker-0/DEBUG] [net.neoforged.fml.javafmlmod.AutomaticEventSubscriber/LOADING]: Attempting to inject @EventBusSubscriber classes into the eventbus for mr_health_damagehud
[09апр.2026 16:42:48.676] [modloading-worker-0/DEBUG] [net.neoforged.fml.javafmlmod.AutomaticEventSubscriber/LOADING]: Attempting to inject @EventBusSubscriber classes into the eventbus for lambdynlights_api
[09апр.2026 16:42:48.686] [modloading-worker-0/DEBUG] [net.neoforged.fml.javafmlmod.AutomaticEventSubscriber/LOADING]: Attempting to inject @EventBusSubscriber classes into the eventbus for lvluping
[09апр.2026 16:42:48.686] [modloading-worker-0/DEBUG] [GeckoLib/]: Loaded software.bernie.geckolib.platform.GeckoLibNeoForge@7118863c for service interface software.bernie.geckolib.service.GeckoLibPlatform
[09апр.2026 16:42:48.686] [modloading-worker-0/DEBUG] [net.neoforged.fml.javafmlmod.AutomaticEventSubscriber/LOADING]: Scanning class org.mrutcka.lvluping.client.AssassinBarricadeClient for @SubscribeEvent-annotated methods
[09апр.2026 16:42:48.686] [modloading-worker-0/DEBUG] [GeckoLib/]: Loaded software.bernie.geckolib.network.GeckoLibNetworkingNeoForge@6152390f for service interface software.bernie.geckolib.service.GeckoLibNetworking
[09апр.2026 16:42:48.690] [modloading-worker-0/DEBUG] [net.neoforged.fml.javafmlmod.AutomaticEventSubscriber/]: Subscribing @EventBusSubscriber class Lorg/mrutcka/lvluping/client/AssassinBarricadeClient; to the game event bus
[09апр.2026 16:42:48.691] [modloading-worker-0/DEBUG] [net.neoforged.fml.javafmlmod.AutomaticEventSubscriber/LOADING]: Attempting to inject @EventBusSubscriber classes into the eventbus for nuggets
[09апр.2026 16:42:48.691] [modloading-worker-0/DEBUG] [net.neoforged.neoforge.internal.versions.neoforge.NeoForgeVersion/CORE]: Found NeoForge version 21.1.214
[09апр.2026 16:42:48.692] [modloading-worker-0/DEBUG] [net.neoforged.neoforge.internal.versions.neoforge.NeoForgeVersion/CORE]: Found FML version 4.0.42
[09апр.2026 16:42:48.692] [modloading-worker-0/INFO] [net.neoforged.neoforge.common.NeoForgeMod/NEOFORGE-MOD]: NeoForge mod loading, version 21.1.214, for MC 1.21.1
[09апр.2026 16:42:48.692] [modloading-worker-0/DEBUG] [net.neoforged.fml.javafmlmod.AutomaticEventSubscriber/LOADING]: Attempting to inject @EventBusSubscriber classes into the eventbus for geckolib
[09апр.2026 16:42:48.694] [modloading-worker-0/DEBUG] [net.neoforged.fml.javafmlmod.AutomaticEventSubscriber/LOADING]: Scanning class org.mrutcka.lvluping.client.AssassinCampClient for @SubscribeEvent-annotated methods
[09апр.2026 16:42:48.695] [modloading-worker-0/DEBUG] [net.neoforged.fml.javafmlmod.AutomaticEventSubscriber/]: Subscribing @EventBusSubscriber class Lorg/mrutcka/lvluping/client/AssassinCampClient; to the game event bus
[09апр.2026 16:42:48.695] [modloading-worker-0/DEBUG] [net.neoforged.fml.javafmlmod.AutomaticEventSubscriber/LOADING]: Scanning class org.mrutcka.lvluping.client.AssassinTripwireClient for @SubscribeEvent-annotated methods
[09апр.2026 16:42:48.696] [modloading-worker-0/DEBUG] [net.neoforged.fml.javafmlmod.AutomaticEventSubscriber/]: Subscribing @EventBusSubscriber class Lorg/mrutcka/lvluping/client/AssassinTripwireClient; to the game event bus
[09апр.2026 16:42:48.697] [modloading-worker-0/DEBUG] [net.neoforged.fml.javafmlmod.AutomaticEventSubscriber/LOADING]: Scanning class org.mrutcka.lvluping.client.ClientEvents$ForgeBusEvents for @SubscribeEvent-annotated methods
[09апр.2026 16:42:48.701] [modloading-worker-0/DEBUG] [net.neoforged.fml.javafmlmod.AutomaticEventSubscriber/]: Subscribing @EventBusSubscriber class Lorg/mrutcka/lvluping/client/ClientEvents$ForgeBusEvents; to the game event bus
[09апр.2026 16:42:48.702] [modloading-worker-0/DEBUG] [net.neoforged.fml.javafmlmod.AutomaticEventSubscriber/LOADING]: Scanning class org.mrutcka.lvluping.client.ClientEvents$ModBusEvents for @SubscribeEvent-annotated methods
[09апр.2026 16:42:48.704] [modloading-worker-0/DEBUG] [net.neoforged.fml.javafmlmod.AutomaticEventSubscriber/]: Subscribing @EventBusSubscriber class Lorg/mrutcka/lvluping/client/ClientEvents$ModBusEvents; to the mod event bus of mod lvluping
[09апр.2026 16:42:48.705] [modloading-worker-0/DEBUG] [net.neoforged.fml.javafmlmod.AutomaticEventSubscriber/LOADING]: Scanning class org.mrutcka.lvluping.client.HunterTrapClient for @SubscribeEvent-annotated methods
[09апр.2026 16:42:48.706] [modloading-worker-0/DEBUG] [net.neoforged.fml.javafmlmod.AutomaticEventSubscriber/]: Subscribing @EventBusSubscriber class Lorg/mrutcka/lvluping/client/HunterTrapClient; to the game event bus
[09апр.2026 16:42:48.707] [modloading-worker-0/DEBUG] [net.neoforged.fml.javafmlmod.AutomaticEventSubscriber/LOADING]: Scanning class org.mrutcka.lvluping.client.IllusionPlayerRender for @SubscribeEvent-annotated methods
[09апр.2026 16:42:48.707] [modloading-worker-0/DEBUG] [net.neoforged.fml.config.ConfigTracker/CONFIG]: Config file neoforge-client.toml for neoforge tracking
[09апр.2026 16:42:48.707] [modloading-worker-0/DEBUG] [net.neoforged.fml.config.ConfigTracker/CONFIG]: Config file curios-client.toml for curios tracking
[09апр.2026 16:42:48.707] [modloading-worker-0/DEBUG] [net.neoforged.fml.config.ConfigTracker/CONFIG]: Config file neoforge-server.toml for neoforge tracking
[09апр.2026 16:42:48.707] [modloading-worker-0/DEBUG] [net.neoforged.fml.config.ConfigTracker/CONFIG]: Config file neoforge-common.toml for neoforge tracking
[09апр.2026 16:42:48.710] [modloading-worker-0/DEBUG] [net.neoforged.fml.javafmlmod.AutomaticEventSubscriber/]: Subscribing @EventBusSubscriber class Lorg/mrutcka/lvluping/client/IllusionPlayerRender; to the game event bus
[09апр.2026 16:42:48.710] [modloading-worker-0/DEBUG] [net.neoforged.fml.config.ConfigTracker/CONFIG]: Config file curios-common.toml for curios tracking
[09апр.2026 16:42:48.710] [modloading-worker-0/DEBUG] [net.neoforged.fml.config.ConfigTracker/CONFIG]: Config file curios-server.toml for curios tracking
[09апр.2026 16:42:48.710] [modloading-worker-0/DEBUG] [net.neoforged.fml.javafmlmod.AutomaticEventSubscriber/LOADING]: Attempting to inject @EventBusSubscriber classes into the eventbus for curios
[09апр.2026 16:42:48.710] [modloading-worker-0/DEBUG] [net.neoforged.fml.javafmlmod.AutomaticEventSubscriber/LOADING]: Scanning class org.mrutcka.lvluping.client.JudgementHammerClient for @SubscribeEvent-annotated methods
[09апр.2026 16:42:48.710] [modloading-worker-0/DEBUG] [net.neoforged.fml.javafmlmod.AutomaticEventSubscriber/LOADING]: Scanning class top.theillusivec4.curios.Curios$ClientProxy for @SubscribeEvent-annotated methods
[09апр.2026 16:42:48.711] [modloading-worker-0/DEBUG] [net.neoforged.fml.javafmlmod.AutomaticEventSubscriber/]: Subscribing @EventBusSubscriber class Lorg/mrutcka/lvluping/client/JudgementHammerClient; to the game event bus
[09апр.2026 16:42:48.712] [modloading-worker-0/DEBUG] [net.neoforged.fml.javafmlmod.AutomaticEventSubscriber/LOADING]: Scanning class org.mrutcka.lvluping.client.LifeTotemClient for @SubscribeEvent-annotated methods
[09апр.2026 16:42:48.713] [modloading-worker-0/DEBUG] [net.neoforged.fml.javafmlmod.AutomaticEventSubscriber/]: Subscribing @EventBusSubscriber class Lorg/mrutcka/lvluping/client/LifeTotemClient; to the game event bus
[09апр.2026 16:42:48.713] [modloading-worker-0/DEBUG] [net.neoforged.fml.javafmlmod.AutomaticEventSubscriber/]: Subscribing @EventBusSubscriber class Ltop/theillusivec4/curios/Curios$ClientProxy; to the mod event bus of mod curios
[09апр.2026 16:42:48.713] [modloading-worker-0/DEBUG] [net.neoforged.fml.javafmlmod.AutomaticEventSubscriber/LOADING]: Scanning class org.mrutcka.lvluping.client.MergeTreeClient for @SubscribeEvent-annotated methods
[09апр.2026 16:42:48.714] [modloading-worker-0/DEBUG] [net.neoforged.fml.javafmlmod.AutomaticEventSubscriber/]: Subscribing @EventBusSubscriber class Lorg/mrutcka/lvluping/client/MergeTreeClient; to the game event bus
[09апр.2026 16:42:48.715] [modloading-worker-0/DEBUG] [net.neoforged.fml.javafmlmod.AutomaticEventSubscriber/LOADING]: Scanning class org.mrutcka.lvluping.client.RootsTargetClient for @SubscribeEvent-annotated methods
[09апр.2026 16:42:48.716] [modloading-worker-0/DEBUG] [net.neoforged.fml.javafmlmod.AutomaticEventSubscriber/]: Subscribing @EventBusSubscriber class Lorg/mrutcka/lvluping/client/RootsTargetClient; to the game event bus
[09апр.2026 16:42:48.716] [modloading-worker-0/DEBUG] [net.neoforged.fml.javafmlmod.AutomaticEventSubscriber/LOADING]: Scanning class org.mrutcka.lvluping.client.ThornBushClient for @SubscribeEvent-annotated methods
[09апр.2026 16:42:48.717] [modloading-worker-0/DEBUG] [net.neoforged.fml.javafmlmod.AutomaticEventSubscriber/]: Subscribing @EventBusSubscriber class Lorg/mrutcka/lvluping/client/ThornBushClient; to the game event bus
[09апр.2026 16:42:48.718] [modloading-worker-0/DEBUG] [net.neoforged.fml.javafmlmod.AutomaticEventSubscriber/LOADING]: Scanning class org.mrutcka.lvluping.client.UnbreakableShieldClient for @SubscribeEvent-annotated methods
[09апр.2026 16:42:48.719] [modloading-worker-0/DEBUG] [net.neoforged.fml.javafmlmod.AutomaticEventSubscriber/]: Subscribing @EventBusSubscriber class Lorg/mrutcka/lvluping/client/UnbreakableShieldClient; to the game event bus
[09апр.2026 16:42:48.721] [modloading-worker-0/DEBUG] [net.neoforged.fml.javafmlmod.AutomaticEventSubscriber/LOADING]: Scanning class org.mrutcka.lvluping.handler.CommonEventsHandler for @SubscribeEvent-annotated methods
[09апр.2026 16:42:48.726] [modloading-worker-0/DEBUG] [net.neoforged.fml.javafmlmod.AutomaticEventSubscriber/]: Subscribing @EventBusSubscriber class Lorg/mrutcka/lvluping/handler/CommonEventsHandler; to the game event bus
[09апр.2026 16:42:48.733] [modloading-worker-0/DEBUG] [net.neoforged.fml.javafmlmod.AutomaticEventSubscriber/LOADING]: Scanning class org.mrutcka.lvluping.handler.DataEventHandler for @SubscribeEvent-annotated methods
[09апр.2026 16:42:48.734] [modloading-worker-0/DEBUG] [net.neoforged.fml.javafmlmod.AutomaticEventSubscriber/]: Subscribing @EventBusSubscriber class Lorg/mrutcka/lvluping/handler/DataEventHandler; to the game event bus
[09апр.2026 16:42:48.736] [modloading-worker-0/DEBUG] [net.neoforged.fml.javafmlmod.AutomaticEventSubscriber/LOADING]: Scanning class org.mrutcka.lvluping.handler.HealEventsHandler for @SubscribeEvent-annotated methods
[09апр.2026 16:42:48.736] [modloading-worker-0/DEBUG] [net.neoforged.fml.javafmlmod.AutomaticEventSubscriber/]: Subscribing @EventBusSubscriber class Lorg/mrutcka/lvluping/handler/HealEventsHandler; to the game event bus
[09апр.2026 16:42:48.737] [modloading-worker-0/DEBUG] [net.neoforged.fml.javafmlmod.AutomaticEventSubscriber/LOADING]: Scanning class org.mrutcka.lvluping.handler.StatTrainingHandler for @SubscribeEvent-annotated methods
[09апр.2026 16:42:48.738] [modloading-worker-0/DEBUG] [net.neoforged.fml.javafmlmod.AutomaticEventSubscriber/]: Subscribing @EventBusSubscriber class Lorg/mrutcka/lvluping/handler/StatTrainingHandler; to the game event bus
[09апр.2026 16:42:48.739] [modloading-worker-0/DEBUG] [net.neoforged.fml.javafmlmod.AutomaticEventSubscriber/LOADING]: Scanning class org.mrutcka.lvluping.handler.TabHandler for @SubscribeEvent-annotated methods
[09апр.2026 16:42:48.740] [modloading-worker-0/DEBUG] [net.neoforged.fml.javafmlmod.AutomaticEventSubscriber/]: Subscribing @EventBusSubscriber class Lorg/mrutcka/lvluping/handler/TabHandler; to the game event bus
[09апр.2026 16:42:48.740] [modloading-worker-0/DEBUG] [net.neoforged.fml.javafmlmod.AutomaticEventSubscriber/LOADING]: Scanning class org.mrutcka.lvluping.network.ModNetworking for @SubscribeEvent-annotated methods
[09апр.2026 16:42:48.741] [modloading-worker-0/DEBUG] [net.neoforged.fml.javafmlmod.AutomaticEventSubscriber/]: Subscribing @EventBusSubscriber class Lorg/mrutcka/lvluping/network/ModNetworking; to the mod event bus of mod lvluping
[09апр.2026 16:42:48.780] [modloading-worker-0/DEBUG] [net.neoforged.fml.javafmlmod.AutomaticEventSubscriber/LOADING]: Attempting to inject @EventBusSubscriber classes into the eventbus for neoforge
[09апр.2026 16:42:48.781] [modloading-worker-0/DEBUG] [net.neoforged.fml.javafmlmod.AutomaticEventSubscriber/LOADING]: Scanning class net.neoforged.neoforge.server.command.ConfigCommand for @SubscribeEvent-annotated methods
[09апр.2026 16:42:48.781] [modloading-worker-0/DEBUG] [net.neoforged.fml.javafmlmod.AutomaticEventSubscriber/]: Subscribing @EventBusSubscriber class Lnet/neoforged/neoforge/server/command/ConfigCommand; to the game event bus
[09апр.2026 16:42:48.782] [modloading-worker-0/DEBUG] [net.neoforged.fml.javafmlmod.AutomaticEventSubscriber/LOADING]: Scanning class net.neoforged.neoforge.network.filters.GenericPacketSplitter for @SubscribeEvent-annotated methods
[09апр.2026 16:42:48.795] [modloading-worker-0/DEBUG] [net.neoforged.fml.config.ConfigTracker/CONFIG]: Config file ars_nouveau/glyph_projectile.toml for ars_nouveau tracking
[09апр.2026 16:42:48.796] [modloading-worker-0/DEBUG] [net.neoforged.fml.config.ConfigTracker/CONFIG]: Config file ars_nouveau/glyph_touch.toml for ars_nouveau tracking
[09апр.2026 16:42:48.797] [modloading-worker-0/DEBUG] [net.neoforged.fml.config.ConfigTracker/CONFIG]: Config file ars_nouveau/glyph_self.toml for ars_nouveau tracking
[09апр.2026 16:42:48.798] [modloading-worker-0/DEBUG] [net.neoforged.fml.config.ConfigTracker/CONFIG]: Config file ars_nouveau/glyph_pantomime.toml for ars_nouveau tracking
[09апр.2026 16:42:48.802] [modloading-worker-0/DEBUG] [net.neoforged.fml.config.ConfigTracker/CONFIG]: Config file ars_nouveau/glyph_break.toml for ars_nouveau tracking
[09апр.2026 16:42:48.804] [modloading-worker-0/DEBUG] [net.neoforged.fml.config.ConfigTracker/CONFIG]: Config file ars_nouveau/glyph_harm.toml for ars_nouveau tracking
[09апр.2026 16:42:48.805] [modloading-worker-0/DEBUG] [net.neoforged.fml.config.ConfigTracker/CONFIG]: Config file ars_nouveau/glyph_ignite.toml for ars_nouveau tracking
[09апр.2026 16:42:48.806] [modloading-worker-0/DEBUG] [io.netty.buffer.AbstractByteBuf/]: -Dio.netty.buffer.checkAccessible: true
[09апр.2026 16:42:48.806] [modloading-worker-0/DEBUG] [io.netty.buffer.AbstractByteBuf/]: -Dio.netty.buffer.checkBounds: true
[09апр.2026 16:42:48.806] [modloading-worker-0/DEBUG] [net.neoforged.fml.config.ConfigTracker/CONFIG]: Config file ars_nouveau/glyph_phantom_block.toml for ars_nouveau tracking
[09апр.2026 16:42:48.806] [modloading-worker-0/DEBUG] [net.neoforged.fml.config.ConfigTracker/CONFIG]: Config file ars_nouveau/glyph_heal.toml for ars_nouveau tracking
[09апр.2026 16:42:48.806] [modloading-worker-0/DEBUG] [io.netty.util.ResourceLeakDetectorFactory/]: Loaded default ResourceLeakDetector: io.netty.util.ResourceLeakDetector@5bf769c3
[09апр.2026 16:42:48.807] [modloading-worker-0/DEBUG] [net.neoforged.fml.config.ConfigTracker/CONFIG]: Config file ars_nouveau/glyph_grow.toml for ars_nouveau tracking
[09апр.2026 16:42:48.809] [modloading-worker-0/DEBUG] [net.neoforged.fml.config.ConfigTracker/CONFIG]: Config file ars_nouveau/glyph_gust.toml for ars_nouveau tracking
[09апр.2026 16:42:48.810] [modloading-worker-0/DEBUG] [net.neoforged.fml.config.ConfigTracker/CONFIG]: Config file ars_nouveau/glyph_light.toml for ars_nouveau tracking
[09апр.2026 16:42:48.812] [modloading-worker-0/DEBUG] [net.neoforged.fml.config.ConfigTracker/CONFIG]: Config file ars_nouveau/glyph_dispel.toml for ars_nouveau tracking
[09апр.2026 16:42:48.813] [modloading-worker-0/DEBUG] [net.neoforged.fml.config.ConfigTracker/CONFIG]: Config file ars_nouveau/glyph_launch.toml for ars_nouveau tracking
[09апр.2026 16:42:48.813] [modloading-worker-0/DEBUG] [net.neoforged.fml.config.ConfigTracker/CONFIG]: Config file ars_nouveau/glyph_pull.toml for ars_nouveau tracking
[09апр.2026 16:42:48.814] [modloading-worker-0/DEBUG] [net.neoforged.fml.config.ConfigTracker/CONFIG]: Config file ars_nouveau/glyph_blink.toml for ars_nouveau tracking
[09апр.2026 16:42:48.816] [modloading-worker-0/DEBUG] [net.neoforged.fml.config.ConfigTracker/CONFIG]: Config file ars_nouveau/glyph_explosion.toml for ars_nouveau tracking
[09апр.2026 16:42:48.818] [modloading-worker-0/DEBUG] [io.netty.util.internal.InternalThreadLocalMap/]: -Dio.netty.threadLocalMap.stringBuilder.initialSize: 1024
[09апр.2026 16:42:48.818] [modloading-worker-0/DEBUG] [net.neoforged.fml.config.ConfigTracker/CONFIG]: Config file ars_nouveau/glyph_lightning.toml for ars_nouveau tracking
[09апр.2026 16:42:48.818] [modloading-worker-0/DEBUG] [io.netty.util.internal.InternalThreadLocalMap/]: -Dio.netty.threadLocalMap.stringBuilder.maxSize: 4096
[09апр.2026 16:42:48.818] [modloading-worker-0/DEBUG] [net.neoforged.fml.config.ConfigTracker/CONFIG]: Config file ars_nouveau/glyph_slowfall.toml for ars_nouveau tracking
[09апр.2026 16:42:48.819] [modloading-worker-0/DEBUG] [net.neoforged.fml.config.ConfigTracker/CONFIG]: Config file ars_nouveau/glyph_fangs.toml for ars_nouveau tracking
[09апр.2026 16:42:48.820] [modloading-worker-0/DEBUG] [net.neoforged.fml.config.ConfigTracker/CONFIG]: Config file ars_nouveau/glyph_summon_vex.toml for ars_nouveau tracking
[09апр.2026 16:42:48.821] [modloading-worker-0/DEBUG] [net.neoforged.fml.config.ConfigTracker/CONFIG]: Config file ars_nouveau/glyph_accelerate.toml for ars_nouveau tracking
[09апр.2026 16:42:48.821] [modloading-worker-0/DEBUG] [net.neoforged.fml.config.ConfigTracker/CONFIG]: Config file ars_nouveau/glyph_decelerate.toml for ars_nouveau tracking
[09апр.2026 16:42:48.821] [modloading-worker-0/DEBUG] [net.neoforged.fml.config.ConfigTracker/CONFIG]: Config file ars_nouveau/glyph_split.toml for ars_nouveau tracking
[09апр.2026 16:42:48.821] [modloading-worker-0/DEBUG] [net.neoforged.fml.config.ConfigTracker/CONFIG]: Config file ars_nouveau/glyph_amplify.toml for ars_nouveau tracking
[09апр.2026 16:42:48.822] [modloading-worker-0/DEBUG] [net.neoforged.fml.config.ConfigTracker/CONFIG]: Config file ars_nouveau/glyph_aoe.toml for ars_nouveau tracking
[09апр.2026 16:42:48.822] [modloading-worker-0/DEBUG] [net.neoforged.fml.config.ConfigTracker/CONFIG]: Config file ars_nouveau/glyph_extend_time.toml for ars_nouveau tracking
[09апр.2026 16:42:48.822] [modloading-worker-0/DEBUG] [net.neoforged.fml.config.ConfigTracker/CONFIG]: Config file ars_nouveau/glyph_pierce.toml for ars_nouveau tracking
[09апр.2026 16:42:48.822] [modloading-worker-0/DEBUG] [net.neoforged.fml.config.ConfigTracker/CONFIG]: Config file ars_nouveau/glyph_dampen.toml for ars_nouveau tracking
[09апр.2026 16:42:48.822] [modloading-worker-0/DEBUG] [net.neoforged.fml.config.ConfigTracker/CONFIG]: Config file ars_nouveau/glyph_extract.toml for ars_nouveau tracking
[09апр.2026 16:42:48.823] [modloading-worker-0/DEBUG] [net.neoforged.fml.config.ConfigTracker/CONFIG]: Config file ars_nouveau/glyph_fortune.toml for ars_nouveau tracking
[09апр.2026 16:42:48.823] [modloading-worker-0/DEBUG] [io.netty.buffer.PooledByteBufAllocator/]: -Dio.netty.allocator.numHeapArenas: 32
[09апр.2026 16:42:48.823] [modloading-worker-0/DEBUG] [io.netty.buffer.PooledByteBufAllocator/]: -Dio.netty.allocator.numDirectArenas: 32
[09апр.2026 16:42:48.823] [modloading-worker-0/DEBUG] [io.netty.buffer.PooledByteBufAllocator/]: -Dio.netty.allocator.pageSize: 8192
[09апр.2026 16:42:48.823] [modloading-worker-0/DEBUG] [io.netty.buffer.PooledByteBufAllocator/]: -Dio.netty.allocator.maxOrder: 9
[09апр.2026 16:42:48.823] [modloading-worker-0/DEBUG] [io.netty.buffer.PooledByteBufAllocator/]: -Dio.netty.allocator.chunkSize: 4194304
[09апр.2026 16:42:48.823] [modloading-worker-0/DEBUG] [io.netty.buffer.PooledByteBufAllocator/]: -Dio.netty.allocator.smallCacheSize: 256
[09апр.2026 16:42:48.823] [modloading-worker-0/DEBUG] [io.netty.buffer.PooledByteBufAllocator/]: -Dio.netty.allocator.normalCacheSize: 64
[09апр.2026 16:42:48.823] [modloading-worker-0/DEBUG] [io.netty.buffer.PooledByteBufAllocator/]: -Dio.netty.allocator.maxCachedBufferCapacity: 32768
[09апр.2026 16:42:48.823] [modloading-worker-0/DEBUG] [io.netty.buffer.PooledByteBufAllocator/]: -Dio.netty.allocator.cacheTrimInterval: 8192
[09апр.2026 16:42:48.823] [modloading-worker-0/DEBUG] [net.neoforged.fml.config.ConfigTracker/CONFIG]: Config file ars_nouveau/glyph_ender_inventory.toml for ars_nouveau tracking
[09апр.2026 16:42:48.823] [modloading-worker-0/DEBUG] [io.netty.buffer.PooledByteBufAllocator/]: -Dio.netty.allocator.cacheTrimIntervalMillis: 0
[09апр.2026 16:42:48.823] [modloading-worker-0/DEBUG] [io.netty.buffer.PooledByteBufAllocator/]: -Dio.netty.allocator.useCacheForAllThreads: false
[09апр.2026 16:42:48.823] [modloading-worker-0/DEBUG] [io.netty.buffer.PooledByteBufAllocator/]: -Dio.netty.allocator.maxCachedByteBuffersPerChunk: 1023
[09апр.2026 16:42:48.824] [modloading-worker-0/DEBUG] [net.neoforged.fml.config.ConfigTracker/CONFIG]: Config file ars_nouveau/glyph_harvest.toml for ars_nouveau tracking
[09апр.2026 16:42:48.824] [modloading-worker-0/DEBUG] [net.neoforged.fml.config.ConfigTracker/CONFIG]: Config file ars_nouveau/glyph_fell.toml for ars_nouveau tracking
[09апр.2026 16:42:48.825] [modloading-worker-0/DEBUG] [net.neoforged.fml.config.ConfigTracker/CONFIG]: Config file ars_nouveau/glyph_pickup.toml for ars_nouveau tracking
[09апр.2026 16:42:48.825] [modloading-worker-0/DEBUG] [net.neoforged.fml.config.ConfigTracker/CONFIG]: Config file ars_nouveau/glyph_interact.toml for ars_nouveau tracking
[09апр.2026 16:42:48.826] [modloading-worker-0/DEBUG] [net.neoforged.fml.config.ConfigTracker/CONFIG]: Config file ars_nouveau/glyph_place_block.toml for ars_nouveau tracking
[09апр.2026 16:42:48.827] [modloading-worker-0/DEBUG] [net.neoforged.fml.config.ConfigTracker/CONFIG]: Config file ars_nouveau/glyph_snare.toml for ars_nouveau tracking
[09апр.2026 16:42:48.828] [modloading-worker-0/DEBUG] [net.neoforged.fml.config.ConfigTracker/CONFIG]: Config file ars_nouveau/glyph_smelt.toml for ars_nouveau tracking
[09апр.2026 16:42:48.828] [modloading-worker-0/DEBUG] [net.neoforged.fml.config.ConfigTracker/CONFIG]: Config file ars_nouveau/glyph_leap.toml for ars_nouveau tracking
[09апр.2026 16:42:48.829] [modloading-worker-0/DEBUG] [net.neoforged.fml.config.ConfigTracker/CONFIG]: Config file ars_nouveau/glyph_delay.toml for ars_nouveau tracking
[09апр.2026 16:42:48.830] [modloading-worker-0/DEBUG] [net.neoforged.fml.config.ConfigTracker/CONFIG]: Config file ars_nouveau/glyph_redstone_signal.toml for ars_nouveau tracking
[09апр.2026 16:42:48.830] [modloading-worker-0/DEBUG] [net.neoforged.fml.config.ConfigTracker/CONFIG]: Config file ars_nouveau/glyph_intangible.toml for ars_nouveau tracking
[09апр.2026 16:42:48.830] [modloading-worker-0/DEBUG] [net.neoforged.fml.config.ConfigTracker/CONFIG]: Config file ars_nouveau/glyph_invisibility.toml for ars_nouveau tracking
[09апр.2026 16:42:48.831] [modloading-worker-0/DEBUG] [net.neoforged.fml.config.ConfigTracker/CONFIG]: Config file ars_nouveau/glyph_duration_down.toml for ars_nouveau tracking
[09апр.2026 16:42:48.831] [modloading-worker-0/DEBUG] [net.neoforged.fml.config.ConfigTracker/CONFIG]: Config file ars_nouveau/glyph_wither.toml for ars_nouveau tracking
[09апр.2026 16:42:48.831] [modloading-worker-0/DEBUG] [net.neoforged.fml.config.ConfigTracker/CONFIG]: Config file ars_nouveau/glyph_exchange.toml for ars_nouveau tracking
[09апр.2026 16:42:48.832] [modloading-worker-0/DEBUG] [net.neoforged.fml.config.ConfigTracker/CONFIG]: Config file ars_nouveau/glyph_craft.toml for ars_nouveau tracking
[09апр.2026 16:42:48.833] [modloading-worker-0/DEBUG] [net.neoforged.fml.config.ConfigTracker/CONFIG]: Config file ars_nouveau/glyph_flare.toml for ars_nouveau tracking
[09апр.2026 16:42:48.834] [modloading-worker-0/DEBUG] [net.neoforged.fml.config.ConfigTracker/CONFIG]: Config file ars_nouveau/glyph_cold_snap.toml for ars_nouveau tracking
[09апр.2026 16:42:48.835] [modloading-worker-0/DEBUG] [net.neoforged.fml.config.ConfigTracker/CONFIG]: Config file ars_nouveau/glyph_conjure_water.toml for ars_nouveau tracking
[09апр.2026 16:42:48.835] [modloading-worker-0/DEBUG] [net.neoforged.fml.config.ConfigTracker/CONFIG]: Config file ars_nouveau/glyph_gravity.toml for ars_nouveau tracking
[09апр.2026 16:42:48.836] [modloading-worker-0/DEBUG] [net.neoforged.fml.config.ConfigTracker/CONFIG]: Config file ars_nouveau/glyph_cut.toml for ars_nouveau tracking
[09апр.2026 16:42:48.836] [modloading-worker-0/DEBUG] [io.netty.buffer.ByteBufUtil/]: -Dio.netty.allocator.type: pooled
[09апр.2026 16:42:48.836] [modloading-worker-0/DEBUG] [io.netty.buffer.ByteBufUtil/]: -Dio.netty.threadLocalDirectBufferSize: 0
[09апр.2026 16:42:48.836] [modloading-worker-0/DEBUG] [io.netty.buffer.ByteBufUtil/]: -Dio.netty.maxThreadLocalCharBufferSize: 16384
[09апр.2026 16:42:48.836] [modloading-worker-0/DEBUG] [net.neoforged.fml.config.ConfigTracker/CONFIG]: Config file ars_nouveau/glyph_crush.toml for ars_nouveau tracking
[09апр.2026 16:42:48.837] [modloading-worker-0/DEBUG] [net.neoforged.fml.config.ConfigTracker/CONFIG]: Config file ars_nouveau/glyph_summon_wolves.toml for ars_nouveau tracking
[09апр.2026 16:42:48.837] [modloading-worker-0/DEBUG] [net.neoforged.fml.config.ConfigTracker/CONFIG]: Config file ars_nouveau/glyph_summon_steed.toml for ars_nouveau tracking
[09апр.2026 16:42:48.839] [modloading-worker-0/DEBUG] [net.neoforged.fml.config.ConfigTracker/CONFIG]: Config file ars_nouveau/glyph_summon_decoy.toml for ars_nouveau tracking
[09апр.2026 16:42:48.840] [modloading-worker-0/DEBUG] [net.neoforged.fml.config.ConfigTracker/CONFIG]: Config file ars_nouveau/glyph_hex.toml for ars_nouveau tracking
[09апр.2026 16:42:48.840] [modloading-worker-0/DEBUG] [net.neoforged.fml.config.ConfigTracker/CONFIG]: Config file ars_nouveau/glyph_underfoot.toml for ars_nouveau tracking
[09апр.2026 16:42:48.841] [modloading-worker-0/DEBUG] [net.neoforged.fml.config.ConfigTracker/CONFIG]: Config file ars_nouveau/glyph_glide.toml for ars_nouveau tracking
[09апр.2026 16:42:48.841] [modloading-worker-0/DEBUG] [net.neoforged.fml.config.ConfigTracker/CONFIG]: Config file ars_nouveau/glyph_rune.toml for ars_nouveau tracking
[09апр.2026 16:42:48.842] [modloading-worker-0/DEBUG] [net.neoforged.fml.config.ConfigTracker/CONFIG]: Config file ars_nouveau/glyph_freeze.toml for ars_nouveau tracking
[09апр.2026 16:42:48.842] [modloading-worker-0/DEBUG] [net.neoforged.fml.config.ConfigTracker/CONFIG]: Config file ars_nouveau/glyph_name.toml for ars_nouveau tracking
[09апр.2026 16:42:48.843] [modloading-worker-0/DEBUG] [net.neoforged.fml.config.ConfigTracker/CONFIG]: Config file ars_nouveau/glyph_summon_undead.toml for ars_nouveau tracking
[09апр.2026 16:42:48.844] [modloading-worker-0/DEBUG] [net.neoforged.fml.config.ConfigTracker/CONFIG]: Config file ars_nouveau/glyph_firework.toml for ars_nouveau tracking
[09апр.2026 16:42:48.844] [modloading-worker-0/DEBUG] [net.neoforged.fml.config.ConfigTracker/CONFIG]: Config file ars_nouveau/glyph_toss.toml for ars_nouveau tracking
[09апр.2026 16:42:48.844] [modloading-worker-0/DEBUG] [net.neoforged.fml.javafmlmod.AutomaticEventSubscriber/]: Subscribing @EventBusSubscriber class Lnet/neoforged/neoforge/network/filters/GenericPacketSplitter; to the mod event bus of mod neoforge
[09апр.2026 16:42:48.844] [modloading-worker-0/DEBUG] [net.neoforged.fml.config.ConfigTracker/CONFIG]: Config file ars_nouveau/glyph_bounce.toml for ars_nouveau tracking
[09апр.2026 16:42:48.844] [modloading-worker-0/DEBUG] [net.neoforged.fml.config.ConfigTracker/CONFIG]: Config file ars_nouveau/glyph_sensitive.toml for ars_nouveau tracking
[09апр.2026 16:42:48.845] [modloading-worker-0/DEBUG] [net.neoforged.fml.config.ConfigTracker/CONFIG]: Config file ars_nouveau/glyph_wind_shear.toml for ars_nouveau tracking
[09апр.2026 16:42:48.845] [modloading-worker-0/DEBUG] [net.neoforged.fml.config.ConfigTracker/CONFIG]: Config file ars_nouveau/glyph_evaporate.toml for ars_nouveau tracking
[09апр.2026 16:42:48.846] [modloading-worker-0/DEBUG] [net.neoforged.fml.javafmlmod.AutomaticEventSubscriber/LOADING]: Scanning class net.neoforged.neoforge.network.NetworkInitialization for @SubscribeEvent-annotated methods
[09апр.2026 16:42:48.847] [modloading-worker-0/DEBUG] [net.neoforged.fml.config.ConfigTracker/CONFIG]: Config file ars_nouveau/glyph_linger.toml for ars_nouveau tracking
[09апр.2026 16:42:48.847] [modloading-worker-0/DEBUG] [net.neoforged.fml.config.ConfigTracker/CONFIG]: Config file ars_nouveau/glyph_sense_magic.toml for ars_nouveau tracking
[09апр.2026 16:42:48.847] [modloading-worker-0/DEBUG] [net.neoforged.fml.javafmlmod.AutomaticEventSubscriber/]: Subscribing @EventBusSubscriber class Lnet/neoforged/neoforge/network/NetworkInitialization; to the mod event bus of mod neoforge
[09апр.2026 16:42:48.847] [modloading-worker-0/DEBUG] [net.neoforged.fml.config.ConfigTracker/CONFIG]: Config file ars_nouveau/glyph_infuse.toml for ars_nouveau tracking
[09апр.2026 16:42:48.848] [modloading-worker-0/DEBUG] [net.neoforged.fml.javafmlmod.AutomaticEventSubscriber/LOADING]: Scanning class net.neoforged.neoforge.network.ConfigurationInitialization for @SubscribeEvent-annotated methods
[09апр.2026 16:42:48.848] [modloading-worker-0/DEBUG] [net.neoforged.fml.config.ConfigTracker/CONFIG]: Config file ars_nouveau/glyph_rotate.toml for ars_nouveau tracking
[09апр.2026 16:42:48.849] [modloading-worker-0/DEBUG] [net.neoforged.fml.config.ConfigTracker/CONFIG]: Config file ars_nouveau/glyph_wall.toml for ars_nouveau tracking
[09апр.2026 16:42:48.850] [modloading-worker-0/DEBUG] [net.neoforged.fml.javafmlmod.AutomaticEventSubscriber/]: Subscribing @EventBusSubscriber class Lnet/neoforged/neoforge/network/ConfigurationInitialization; to the mod event bus of mod neoforge
[09апр.2026 16:42:48.851] [modloading-worker-0/DEBUG] [net.neoforged.fml.javafmlmod.AutomaticEventSubscriber/LOADING]: Scanning class net.neoforged.neoforge.common.MonsterRoomHooks for @SubscribeEvent-annotated methods
[09апр.2026 16:42:48.851] [modloading-worker-0/DEBUG] [net.neoforged.fml.config.ConfigTracker/CONFIG]: Config file ars_nouveau/glyph_animate_block.toml for ars_nouveau tracking
[09апр.2026 16:42:48.852] [modloading-worker-0/DEBUG] [net.neoforged.fml.javafmlmod.AutomaticEventSubscriber/]: Subscribing @EventBusSubscriber class Lnet/neoforged/neoforge/common/MonsterRoomHooks; to the game event bus
[09апр.2026 16:42:48.852] [modloading-worker-0/DEBUG] [net.neoforged.fml.config.ConfigTracker/CONFIG]: Config file ars_nouveau/glyph_burst.toml for ars_nouveau tracking
[09апр.2026 16:42:48.852] [modloading-worker-0/DEBUG] [net.neoforged.fml.config.ConfigTracker/CONFIG]: Config file ars_nouveau/glyph_randomize.toml for ars_nouveau tracking
[09апр.2026 16:42:48.852] [modloading-worker-0/DEBUG] [net.neoforged.fml.javafmlmod.AutomaticEventSubscriber/LOADING]: Scanning class net.neoforged.neoforge.common.DeferredSpawnEggItem$CommonHandler for @SubscribeEvent-annotated methods
[09апр.2026 16:42:48.853] [modloading-worker-0/DEBUG] [net.neoforged.fml.javafmlmod.AutomaticEventSubscriber/]: Subscribing @EventBusSubscriber class Lnet/neoforged/neoforge/common/DeferredSpawnEggItem$CommonHandler; to the mod event bus of mod neoforge
[09апр.2026 16:42:48.853] [modloading-worker-0/DEBUG] [net.neoforged.fml.config.ConfigTracker/CONFIG]: Config file ars_nouveau/glyph_orbit.toml for ars_nouveau tracking
[09апр.2026 16:42:48.853] [modloading-worker-0/DEBUG] [net.neoforged.fml.javafmlmod.AutomaticEventSubscriber/LOADING]: Scanning class net.neoforged.neoforge.common.DeferredSpawnEggItem$ColorRegisterHandler for @SubscribeEvent-annotated methods
[09апр.2026 16:42:48.854] [modloading-worker-0/DEBUG] [net.neoforged.fml.config.ConfigTracker/CONFIG]: Config file ars_nouveau/reset.toml for ars_nouveau tracking
[09апр.2026 16:42:48.855] [modloading-worker-0/DEBUG] [net.neoforged.fml.javafmlmod.AutomaticEventSubscriber/]: Subscribing @EventBusSubscriber class Lnet/neoforged/neoforge/common/DeferredSpawnEggItem$ColorRegisterHandler; to the mod event bus of mod neoforge
[09апр.2026 16:42:48.855] [modloading-worker-0/DEBUG] [net.neoforged.fml.javafmlmod.AutomaticEventSubscriber/LOADING]: Scanning class net.neoforged.neoforge.client.model.data.ModelDataManager for @SubscribeEvent-annotated methods
[09апр.2026 16:42:48.857] [modloading-worker-0/DEBUG] [net.neoforged.fml.javafmlmod.AutomaticEventSubscriber/]: Subscribing @EventBusSubscriber class Lnet/neoforged/neoforge/client/model/data/ModelDataManager; to the game event bus
[09апр.2026 16:42:48.858] [modloading-worker-0/DEBUG] [net.neoforged.fml.javafmlmod.AutomaticEventSubscriber/LOADING]: Scanning class net.neoforged.neoforge.client.ParticleBoundsDebugRenderer for @SubscribeEvent-annotated methods
[09апр.2026 16:42:48.860] [modloading-worker-0/DEBUG] [net.neoforged.fml.config.ConfigTracker/CONFIG]: Config file ars_nouveau/wololo.toml for ars_nouveau tracking
[09апр.2026 16:42:48.861] [modloading-worker-0/DEBUG] [net.neoforged.fml.config.ConfigTracker/CONFIG]: Config file ars_nouveau/rewind.toml for ars_nouveau tracking
[09апр.2026 16:42:48.861] [modloading-worker-0/DEBUG] [net.neoforged.fml.javafmlmod.AutomaticEventSubscriber/]: Subscribing @EventBusSubscriber class Lnet/neoforged/neoforge/client/ParticleBoundsDebugRenderer; to the game event bus
[09апр.2026 16:42:48.862] [modloading-worker-0/DEBUG] [net.neoforged.fml.javafmlmod.AutomaticEventSubscriber/LOADING]: Scanning class net.neoforged.neoforge.client.ClientHooks$ClientEvents for @SubscribeEvent-annotated methods
[09апр.2026 16:42:48.862] [modloading-worker-0/DEBUG] [net.neoforged.fml.config.ConfigTracker/CONFIG]: Config file ars_nouveau/glyph_bubble.toml for ars_nouveau tracking
[09апр.2026 16:42:48.863] [modloading-worker-0/DEBUG] [net.neoforged.fml.config.ConfigTracker/CONFIG]: Config file ars_nouveau/glyph_wind_burst.toml for ars_nouveau tracking
[09апр.2026 16:42:48.863] [modloading-worker-0/DEBUG] [net.neoforged.fml.config.ConfigTracker/CONFIG]: Config file ars_nouveau/glyph_prestidigitation.toml for ars_nouveau tracking
[09апр.2026 16:42:48.865] [modloading-worker-0/DEBUG] [net.neoforged.fml.javafmlmod.AutomaticEventSubscriber/]: Subscribing @EventBusSubscriber class Lnet/neoforged/neoforge/client/ClientHooks$ClientEvents; to the mod event bus of mod neoforge
[09апр.2026 16:42:48.865] [modloading-worker-0/DEBUG] [net.neoforged.fml.javafmlmod.AutomaticEventSubscriber/LOADING]: Scanning class net.neoforged.neoforge.client.BlockEntityRenderBoundsDebugRenderer for @SubscribeEvent-annotated methods
[09апр.2026 16:42:48.865] [modloading-worker-0/DEBUG] [net.neoforged.fml.javafmlmod.AutomaticEventSubscriber/]: Subscribing @EventBusSubscriber class Lnet/neoforged/neoforge/client/BlockEntityRenderBoundsDebugRenderer; to the game event bus
[09апр.2026 16:42:48.865] [modloading-worker-0/DEBUG] [net.neoforged.fml.javafmlmod.AutomaticEventSubscriber/LOADING]: Scanning class net.neoforged.neoforge.attachment.AttachmentSync for @SubscribeEvent-annotated methods
[09апр.2026 16:42:48.868] [modloading-worker-0/DEBUG] [net.neoforged.fml.javafmlmod.AutomaticEventSubscriber/]: Subscribing @EventBusSubscriber class Lnet/neoforged/neoforge/attachment/AttachmentSync; to the game event bus
[09апр.2026 16:42:48.869] [modloading-worker-0/DEBUG] [net.neoforged.fml.javafmlmod.AutomaticEventSubscriber/LOADING]: Scanning class net.neoforged.neoforge.attachment.AttachmentInternals for @SubscribeEvent-annotated methods
[09апр.2026 16:42:48.869] [modloading-worker-0/DEBUG] [net.neoforged.fml.javafmlmod.AutomaticEventSubscriber/]: Subscribing @EventBusSubscriber class Lnet/neoforged/neoforge/attachment/AttachmentInternals; to the game event bus
[09апр.2026 16:42:48.893] [modloading-worker-0/DEBUG] [net.neoforged.fml.config.ConfigTracker/CONFIG]: Config file ars_nouveau-startup.toml for ars_nouveau tracking
[09апр.2026 16:42:48.901] [modloading-worker-0/DEBUG] [net.neoforged.fml.config.ConfigTracker/CONFIG]: Loaded TOML config file X:\Lariem\lvluping\run\config\ars_nouveau-startup.toml
[09апр.2026 16:42:48.907] [modloading-worker-0/DEBUG] [net.neoforged.fml.config.ConfigTracker/CONFIG]: Watching TOML config file X:\Lariem\lvluping\run\config\ars_nouveau-startup.toml for changes
[09апр.2026 16:42:48.908] [modloading-worker-0/DEBUG] [net.neoforged.fml.config.ConfigTracker/CONFIG]: Config file ars_nouveau-server.toml for ars_nouveau tracking
[09апр.2026 16:42:48.910] [modloading-worker-0/DEBUG] [net.neoforged.fml.config.ConfigTracker/CONFIG]: Config file ars_nouveau-common.toml for ars_nouveau tracking
[09апр.2026 16:42:48.911] [modloading-worker-0/DEBUG] [net.neoforged.fml.config.ConfigTracker/CONFIG]: Config file ars_nouveau-client.toml for ars_nouveau tracking
[09апр.2026 16:42:49.290] [modloading-worker-0/DEBUG] [net.neoforged.fml.javafmlmod.AutomaticEventSubscriber/LOADING]: Attempting to inject @EventBusSubscriber classes into the eventbus for ars_nouveau
[09апр.2026 16:42:49.290] [modloading-worker-0/DEBUG] [net.neoforged.fml.javafmlmod.AutomaticEventSubscriber/LOADING]: Scanning class com.hollingsworth.arsnouveau.common.world.saved_data.RedstoneSavedData for @SubscribeEvent-annotated methods
[09апр.2026 16:42:49.292] [modloading-worker-0/DEBUG] [net.neoforged.fml.javafmlmod.AutomaticEventSubscriber/]: Subscribing @EventBusSubscriber class Lcom/hollingsworth/arsnouveau/common/world/saved_data/RedstoneSavedData; to the game event bus
[09апр.2026 16:42:49.292] [modloading-worker-0/DEBUG] [net.neoforged.fml.javafmlmod.AutomaticEventSubscriber/LOADING]: Scanning class com.hollingsworth.arsnouveau.common.items.curios.SummoningFocus for @SubscribeEvent-annotated methods
[09апр.2026 16:42:49.294] [modloading-worker-0/DEBUG] [net.neoforged.fml.javafmlmod.AutomaticEventSubscriber/]: Subscribing @EventBusSubscriber class Lcom/hollingsworth/arsnouveau/common/items/curios/SummoningFocus; to the game event bus
[09апр.2026 16:42:49.299] [modloading-worker-0/DEBUG] [net.neoforged.fml.javafmlmod.AutomaticEventSubscriber/LOADING]: Scanning class com.hollingsworth.arsnouveau.common.camera.CameraController for @SubscribeEvent-annotated methods
[09апр.2026 16:42:49.301] [modloading-worker-0/DEBUG] [net.neoforged.fml.javafmlmod.AutomaticEventSubscriber/]: Subscribing @EventBusSubscriber class Lcom/hollingsworth/arsnouveau/common/camera/CameraController; to the game event bus
[09апр.2026 16:42:49.302] [modloading-worker-0/DEBUG] [net.neoforged.fml.javafmlmod.AutomaticEventSubscriber/LOADING]: Scanning class com.hollingsworth.arsnouveau.common.camera.ClientCameraEvents for @SubscribeEvent-annotated methods
[09апр.2026 16:42:49.305] [modloading-worker-0/DEBUG] [net.neoforged.fml.javafmlmod.AutomaticEventSubscriber/]: Subscribing @EventBusSubscriber class Lcom/hollingsworth/arsnouveau/common/camera/ClientCameraEvents; to the game event bus
[09апр.2026 16:42:49.305] [modloading-worker-0/DEBUG] [net.neoforged.fml.javafmlmod.AutomaticEventSubscriber/LOADING]: Scanning class com.hollingsworth.arsnouveau.common.camera.CameraEvents for @SubscribeEvent-annotated methods
[09апр.2026 16:42:49.306] [modloading-worker-0/DEBUG] [net.neoforged.fml.javafmlmod.AutomaticEventSubscriber/]: Subscribing @EventBusSubscriber class Lcom/hollingsworth/arsnouveau/common/camera/CameraEvents; to the game event bus
[09апр.2026 16:42:49.307] [modloading-worker-0/DEBUG] [net.neoforged.fml.javafmlmod.AutomaticEventSubscriber/LOADING]: Scanning class com.hollingsworth.arsnouveau.common.datagen.ModDatagen for @SubscribeEvent-annotated methods
[09апр.2026 16:42:49.308] [modloading-worker-0/DEBUG] [net.neoforged.fml.javafmlmod.AutomaticEventSubscriber/]: Subscribing @EventBusSubscriber class Lcom/hollingsworth/arsnouveau/common/datagen/ModDatagen; to the mod event bus of mod ars_nouveau
[09апр.2026 16:42:49.309] [modloading-worker-0/DEBUG] [net.neoforged.fml.javafmlmod.AutomaticEventSubscriber/LOADING]: Scanning class com.hollingsworth.arsnouveau.common.potions.GravityEffect for @SubscribeEvent-annotated methods
[09апр.2026 16:42:49.309] [modloading-worker-0/DEBUG] [net.neoforged.fml.javafmlmod.AutomaticEventSubscriber/]: Subscribing @EventBusSubscriber class Lcom/hollingsworth/arsnouveau/common/potions/GravityEffect; to the game event bus
[09апр.2026 16:42:49.311] [modloading-worker-0/DEBUG] [net.neoforged.fml.javafmlmod.AutomaticEventSubscriber/LOADING]: Scanning class com.hollingsworth.arsnouveau.common.potions.BounceEffect for @SubscribeEvent-annotated methods
[09апр.2026 16:42:49.311] [modloading-worker-0/DEBUG] [net.neoforged.fml.javafmlmod.AutomaticEventSubscriber/]: Subscribing @EventBusSubscriber class Lcom/hollingsworth/arsnouveau/common/potions/BounceEffect; to the game event bus
[09апр.2026 16:42:49.311] [modloading-worker-0/DEBUG] [net.neoforged.fml.javafmlmod.AutomaticEventSubscriber/LOADING]: Scanning class com.hollingsworth.arsnouveau.common.block.tile.VitalicSourcelinkTile for @SubscribeEvent-annotated methods
[09апр.2026 16:42:49.312] [modloading-worker-0/DEBUG] [net.neoforged.fml.javafmlmod.AutomaticEventSubscriber/]: Subscribing @EventBusSubscriber class Lcom/hollingsworth/arsnouveau/common/block/tile/VitalicSourcelinkTile; to the game event bus
[09апр.2026 16:42:49.315] [modloading-worker-0/DEBUG] [net.neoforged.fml.javafmlmod.AutomaticEventSubscriber/LOADING]: Scanning class com.hollingsworth.arsnouveau.common.block.tile.AgronomicSourcelinkTile for @SubscribeEvent-annotated methods
[09апр.2026 16:42:49.315] [modloading-worker-0/DEBUG] [net.neoforged.fml.javafmlmod.AutomaticEventSubscriber/]: Subscribing @EventBusSubscriber class Lcom/hollingsworth/arsnouveau/common/block/tile/AgronomicSourcelinkTile; to the game event bus
[09апр.2026 16:42:49.316] [modloading-worker-0/DEBUG] [net.neoforged.fml.javafmlmod.AutomaticEventSubscriber/LOADING]: Scanning class com.hollingsworth.arsnouveau.common.event.LightEvents for @SubscribeEvent-annotated methods
[09апр.2026 16:42:49.316] [modloading-worker-0/DEBUG] [net.neoforged.fml.javafmlmod.AutomaticEventSubscriber/]: Subscribing @EventBusSubscriber class Lcom/hollingsworth/arsnouveau/common/event/LightEvents; to the game event bus
[09апр.2026 16:42:49.316] [modloading-worker-0/DEBUG] [net.neoforged.fml.javafmlmod.AutomaticEventSubscriber/LOADING]: Scanning class com.hollingsworth.arsnouveau.common.event.FamiliarEvents for @SubscribeEvent-annotated methods
[09апр.2026 16:42:49.318] [modloading-worker-0/DEBUG] [net.neoforged.fml.javafmlmod.AutomaticEventSubscriber/]: Subscribing @EventBusSubscriber class Lcom/hollingsworth/arsnouveau/common/event/FamiliarEvents; to the game event bus
[09апр.2026 16:42:49.319] [modloading-worker-0/DEBUG] [net.neoforged.fml.javafmlmod.AutomaticEventSubscriber/LOADING]: Scanning class com.hollingsworth.arsnouveau.common.event.ArsEvents for @SubscribeEvent-annotated methods
[09апр.2026 16:42:49.320] [modloading-worker-0/DEBUG] [net.neoforged.fml.javafmlmod.AutomaticEventSubscriber/]: Subscribing @EventBusSubscriber class Lcom/hollingsworth/arsnouveau/common/event/ArsEvents; to the game event bus
[09апр.2026 16:42:49.321] [modloading-worker-0/DEBUG] [net.neoforged.fml.javafmlmod.AutomaticEventSubscriber/LOADING]: Scanning class com.hollingsworth.arsnouveau.common.event.EventHandler for @SubscribeEvent-annotated methods
[09апр.2026 16:42:49.326] [modloading-worker-0/DEBUG] [net.neoforged.fml.javafmlmod.AutomaticEventSubscriber/]: Subscribing @EventBusSubscriber class Lcom/hollingsworth/arsnouveau/common/event/EventHandler; to the game event bus
[09апр.2026 16:42:49.331] [modloading-worker-0/DEBUG] [net.neoforged.fml.javafmlmod.AutomaticEventSubscriber/LOADING]: Scanning class com.hollingsworth.arsnouveau.common.event.ReactiveEvents for @SubscribeEvent-annotated methods
[09апр.2026 16:42:49.332] [modloading-worker-0/DEBUG] [net.neoforged.fml.javafmlmod.AutomaticEventSubscriber/]: Subscribing @EventBusSubscriber class Lcom/hollingsworth/arsnouveau/common/event/ReactiveEvents; to the game event bus
[09апр.2026 16:42:49.333] [modloading-worker-0/DEBUG] [net.neoforged.fml.javafmlmod.AutomaticEventSubscriber/LOADING]: Scanning class com.hollingsworth.arsnouveau.common.event.PerkEvents for @SubscribeEvent-annotated methods
[09апр.2026 16:42:49.335] [modloading-worker-0/DEBUG] [net.neoforged.fml.javafmlmod.AutomaticEventSubscriber/]: Subscribing @EventBusSubscriber class Lcom/hollingsworth/arsnouveau/common/event/PerkEvents; to the game event bus
[09апр.2026 16:42:49.338] [modloading-worker-0/DEBUG] [net.neoforged.fml.javafmlmod.AutomaticEventSubscriber/LOADING]: Scanning class com.hollingsworth.arsnouveau.common.event.ManaCapEvents for @SubscribeEvent-annotated methods
[09апр.2026 16:42:49.339] [modloading-worker-0/DEBUG] [net.neoforged.fml.javafmlmod.AutomaticEventSubscriber/]: Subscribing @EventBusSubscriber class Lcom/hollingsworth/arsnouveau/common/event/ManaCapEvents; to the game event bus
[09апр.2026 16:42:49.341] [modloading-worker-0/DEBUG] [net.neoforged.fml.javafmlmod.AutomaticEventSubscriber/LOADING]: Scanning class com.hollingsworth.arsnouveau.common.event.ScryEvents for @SubscribeEvent-annotated methods
[09апр.2026 16:42:49.342] [modloading-worker-0/DEBUG] [net.neoforged.fml.javafmlmod.AutomaticEventSubscriber/]: Subscribing @EventBusSubscriber class Lcom/hollingsworth/arsnouveau/common/event/ScryEvents; to the game event bus
[09апр.2026 16:42:49.343] [modloading-worker-0/DEBUG] [net.neoforged.fml.javafmlmod.AutomaticEventSubscriber/LOADING]: Scanning class com.hollingsworth.arsnouveau.common.event.JarEvents for @SubscribeEvent-annotated methods
[09апр.2026 16:42:49.344] [modloading-worker-0/DEBUG] [net.neoforged.fml.javafmlmod.AutomaticEventSubscriber/]: Subscribing @EventBusSubscriber class Lcom/hollingsworth/arsnouveau/common/event/JarEvents; to the game event bus
[09апр.2026 16:42:49.345] [modloading-worker-0/DEBUG] [net.neoforged.fml.javafmlmod.AutomaticEventSubscriber/LOADING]: Scanning class com.hollingsworth.arsnouveau.common.mob_jar.CatBehavior for @SubscribeEvent-annotated methods
[09апр.2026 16:42:49.348] [modloading-worker-0/DEBUG] [net.neoforged.fml.javafmlmod.AutomaticEventSubscriber/]: Subscribing @EventBusSubscriber class Lcom/hollingsworth/arsnouveau/common/mob_jar/CatBehavior; to the game event bus
[09апр.2026 16:42:49.349] [modloading-worker-0/DEBUG] [net.neoforged.fml.javafmlmod.AutomaticEventSubscriber/LOADING]: Scanning class com.hollingsworth.arsnouveau.common.mob_jar.WitherBehavior for @SubscribeEvent-annotated methods
[09апр.2026 16:42:49.350] [modloading-worker-0/DEBUG] [net.neoforged.fml.javafmlmod.AutomaticEventSubscriber/]: Subscribing @EventBusSubscriber class Lcom/hollingsworth/arsnouveau/common/mob_jar/WitherBehavior; to the game event bus
[09апр.2026 16:42:49.350] [modloading-worker-0/DEBUG] [net.neoforged.fml.javafmlmod.AutomaticEventSubscriber/LOADING]: Scanning class com.hollingsworth.arsnouveau.client.gui.radial_menu.GuiRadialMenu for @SubscribeEvent-annotated methods
[09апр.2026 16:42:49.356] [modloading-worker-0/DEBUG] [net.neoforged.fml.javafmlmod.AutomaticEventSubscriber/]: Subscribing @EventBusSubscriber class Lcom/hollingsworth/arsnouveau/client/gui/radial_menu/GuiRadialMenu; to the game event bus
[09апр.2026 16:42:49.362] [modloading-worker-0/DEBUG] [net.neoforged.fml.javafmlmod.AutomaticEventSubscriber/LOADING]: Scanning class com.hollingsworth.arsnouveau.client.registry.ModParticles$Inner for @SubscribeEvent-annotated methods
[09апр.2026 16:42:49.368] [modloading-worker-0/DEBUG] [net.neoforged.fml.javafmlmod.AutomaticEventSubscriber/]: Subscribing @EventBusSubscriber class Lcom/hollingsworth/arsnouveau/client/registry/ModParticles$Inner; to the mod event bus of mod ars_nouveau
[09апр.2026 16:42:49.369] [modloading-worker-0/DEBUG] [net.neoforged.fml.javafmlmod.AutomaticEventSubscriber/LOADING]: Scanning class com.hollingsworth.arsnouveau.client.registry.ModKeyBindings for @SubscribeEvent-annotated methods
[09апр.2026 16:42:49.370] [modloading-worker-0/DEBUG] [net.neoforged.fml.javafmlmod.AutomaticEventSubscriber/]: Subscribing @EventBusSubscriber class Lcom/hollingsworth/arsnouveau/client/registry/ModKeyBindings; to the mod event bus of mod ars_nouveau
[09апр.2026 16:42:49.370] [modloading-worker-0/DEBUG] [net.neoforged.fml.javafmlmod.AutomaticEventSubscriber/LOADING]: Scanning class com.hollingsworth.arsnouveau.client.registry.ClientHandler for @SubscribeEvent-annotated methods
[09апр.2026 16:42:49.375] [modloading-worker-0/DEBUG] [mixin/]: Mixing light.EntityRendererMixin from ars_nouveau.mixins.json into net.minecraft.client.renderer.entity.EntityRenderer
[09апр.2026 16:42:49.378] [modloading-worker-0/DEBUG] [mixin/]: ars_nouveau.mixins.json:light.EntityRendererMixin from mod ars_nouveau->@Inject::ars_nouveau$onGetBlockLight(Lnet/minecraft/world/entity/Entity;Lnet/minecraft/core/BlockPos;Lorg/spongepowered/asm/mixin/injection/callback/CallbackInfoReturnable;)V does use it's CallbackInfoReturnable
[09апр.2026 16:42:49.389] [modloading-worker-0/DEBUG] [net.neoforged.fml.javafmlmod.AutomaticEventSubscriber/]: Subscribing @EventBusSubscriber class Lcom/hollingsworth/arsnouveau/client/registry/ClientHandler; to the mod event bus of mod ars_nouveau
[09апр.2026 16:42:49.390] [modloading-worker-0/DEBUG] [net.neoforged.fml.javafmlmod.AutomaticEventSubscriber/LOADING]: Scanning class com.hollingsworth.arsnouveau.client.registry.ShaderRegistry for @SubscribeEvent-annotated methods
[09апр.2026 16:42:49.401] [modloading-worker-0/DEBUG] [mixin/]: Mixing GameRendererMixin from ars_nouveau.mixins.json into net.minecraft.client.renderer.GameRenderer
[09апр.2026 16:42:49.403] [modloading-worker-0/DEBUG] [mixin/]: ars_nouveau.mixins.json:GameRendererMixin from mod ars_nouveau->@Inject::arsNouveau$resize(IILorg/spongepowered/asm/mixin/injection/callback/CallbackInfo;)V doesn't use it's CallbackInfo
[09апр.2026 16:42:49.403] [modloading-worker-0/DEBUG] [mixin/]: ars_nouveau.mixins.json:GameRendererMixin from mod ars_nouveau->@Inject::arsNouveau$resize(IILorg/spongepowered/asm/mixin/injection/callback/CallbackInfo;)V has 0 override(s) in child classes
[09апр.2026 16:42:49.403] [modloading-worker-0/DEBUG] [mixin/]: ars_nouveau.mixins.json:GameRendererMixin from mod ars_nouveau->@Inject::arsNouveau$resize(IILorg/spongepowered/asm/mixin/injection/callback/CallbackInfo;)V won't be passed a CallbackInfo as a result
[09апр.2026 16:42:49.443] [modloading-worker-0/DEBUG] [mixin/]: Mixing client.LevelRendererMixin from geckolib.mixins.json into net.minecraft.client.renderer.LevelRenderer
[09апр.2026 16:42:49.444] [modloading-worker-0/DEBUG] [mixin/]: geckolib.mixins.json:client.LevelRendererMixin from mod geckolib: Class version 65 required is higher than the class version supported by the current version of Mixin (JAVA_17 supports class version 61)
[09апр.2026 16:42:49.444] [modloading-worker-0/DEBUG] [mixin/]: Renaming synthetic method lambda$geckolib$captureRenderedEntities$0(I)D to md47713b$geckolib$lambda$geckolib$captureRenderedEntities$0$0 in geckolib.mixins.json:client.LevelRendererMixin from mod geckolib
[09апр.2026 16:42:49.445] [modloading-worker-0/DEBUG] [mixin/]: Mixing light.LevelRendererMixin from ars_nouveau.mixins.json into net.minecraft.client.renderer.LevelRenderer
[09апр.2026 16:42:49.447] [modloading-worker-0/DEBUG] [mixin/]: Mixing camera.LevelRendererMixin from ars_nouveau.mixins.json into net.minecraft.client.renderer.LevelRenderer
[09апр.2026 16:42:49.457] [modloading-worker-0/DEBUG] [mixin/]: geckolib.mixins.json:client.LevelRendererMixin from mod geckolib->@Inject::geckolib$captureRenderedEntities(Lnet/minecraft/client/DeltaTracker;ZLnet/minecraft/client/Camera;Lnet/minecraft/client/renderer/GameRenderer;Lnet/minecraft/client/renderer/LightTexture;Lorg/joml/Matrix4f;Lorg/joml/Matrix4f;Lorg/spongepowered/asm/mixin/injection/callback/CallbackInfo;)V doesn't use it's CallbackInfo
[09апр.2026 16:42:49.458] [modloading-worker-0/DEBUG] [mixin/]: geckolib.mixins.json:client.LevelRendererMixin from mod geckolib->@Inject::geckolib$captureRenderedEntities(Lnet/minecraft/client/DeltaTracker;ZLnet/minecraft/client/Camera;Lnet/minecraft/client/renderer/GameRenderer;Lnet/minecraft/client/renderer/LightTexture;Lorg/joml/Matrix4f;Lorg/joml/Matrix4f;Lorg/spongepowered/asm/mixin/injection/callback/CallbackInfo;)V has 0 override(s) in child classes
[09апр.2026 16:42:49.458] [modloading-worker-0/DEBUG] [mixin/]: geckolib.mixins.json:client.LevelRendererMixin from mod geckolib->@Inject::geckolib$captureRenderedEntities(Lnet/minecraft/client/DeltaTracker;ZLnet/minecraft/client/Camera;Lnet/minecraft/client/renderer/GameRenderer;Lnet/minecraft/client/renderer/LightTexture;Lorg/joml/Matrix4f;Lorg/joml/Matrix4f;Lorg/spongepowered/asm/mixin/injection/callback/CallbackInfo;)V won't be passed a CallbackInfo as a result
[09апр.2026 16:42:49.458] [modloading-worker-0/DEBUG] [mixin/]: ars_nouveau.mixins.json:light.LevelRendererMixin from mod ars_nouveau->@Inject::ars_nouveau$onGetLightmapCoordinates(Lnet/minecraft/world/level/BlockAndTintGetter;Lnet/minecraft/world/level/block/state/BlockState;Lnet/minecraft/core/BlockPos;Lorg/spongepowered/asm/mixin/injection/callback/CallbackInfoReturnable;)V does use it's CallbackInfoReturnable
[09апр.2026 16:42:49.472] [modloading-worker-0/DEBUG] [net.neoforged.fml.javafmlmod.AutomaticEventSubscriber/]: Subscribing @EventBusSubscriber class Lcom/hollingsworth/arsnouveau/client/registry/ShaderRegistry; to the mod event bus of mod ars_nouveau
[09апр.2026 16:42:49.473] [modloading-worker-0/DEBUG] [net.neoforged.fml.javafmlmod.AutomaticEventSubscriber/LOADING]: Scanning class com.hollingsworth.arsnouveau.client.keybindings.KeyHandler for @SubscribeEvent-annotated methods
[09апр.2026 16:42:49.476] [modloading-worker-0/DEBUG] [net.neoforged.fml.javafmlmod.AutomaticEventSubscriber/]: Subscribing @EventBusSubscriber class Lcom/hollingsworth/arsnouveau/client/keybindings/KeyHandler; to the game event bus
[09апр.2026 16:42:49.478] [modloading-worker-0/DEBUG] [net.neoforged.fml.javafmlmod.AutomaticEventSubscriber/LOADING]: Scanning class com.hollingsworth.arsnouveau.client.events.ClientPlayerEvent for @SubscribeEvent-annotated methods
[09апр.2026 16:42:49.479] [modloading-worker-0/DEBUG] [net.neoforged.fml.javafmlmod.AutomaticEventSubscriber/]: Subscribing @EventBusSubscriber class Lcom/hollingsworth/arsnouveau/client/events/ClientPlayerEvent; to the game event bus
[09апр.2026 16:42:49.480] [modloading-worker-0/DEBUG] [net.neoforged.fml.javafmlmod.AutomaticEventSubscriber/LOADING]: Scanning class com.hollingsworth.arsnouveau.client.events.ClientEvents$ClientModEvents for @SubscribeEvent-annotated methods
[09апр.2026 16:42:49.482] [modloading-worker-0/DEBUG] [net.neoforged.fml.javafmlmod.AutomaticEventSubscriber/]: Subscribing @EventBusSubscriber class Lcom/hollingsworth/arsnouveau/client/events/ClientEvents$ClientModEvents; to the mod event bus of mod ars_nouveau
[09апр.2026 16:42:49.483] [modloading-worker-0/DEBUG] [net.neoforged.fml.javafmlmod.AutomaticEventSubscriber/LOADING]: Scanning class com.hollingsworth.arsnouveau.client.events.ClientEvents for @SubscribeEvent-annotated methods
[09апр.2026 16:42:49.488] [modloading-worker-0/DEBUG] [net.neoforged.fml.javafmlmod.AutomaticEventSubscriber/]: Subscribing @EventBusSubscriber class Lcom/hollingsworth/arsnouveau/client/events/ClientEvents; to the game event bus
[09апр.2026 16:42:49.490] [modloading-worker-0/DEBUG] [net.neoforged.fml.javafmlmod.AutomaticEventSubscriber/LOADING]: Scanning class com.hollingsworth.arsnouveau.client.SkyTextureHandler for @SubscribeEvent-annotated methods
[09апр.2026 16:42:49.492] [modloading-worker-0/DEBUG] [net.neoforged.fml.javafmlmod.AutomaticEventSubscriber/]: Subscribing @EventBusSubscriber class Lcom/hollingsworth/arsnouveau/client/SkyTextureHandler; to the game event bus
[09апр.2026 16:42:49.492] [modloading-worker-0/DEBUG] [net.neoforged.fml.javafmlmod.AutomaticEventSubscriber/LOADING]: Scanning class com.hollingsworth.arsnouveau.setup.config.Config for @SubscribeEvent-annotated methods
[09апр.2026 16:42:49.492] [modloading-worker-0/DEBUG] [net.neoforged.fml.javafmlmod.AutomaticEventSubscriber/]: Subscribing @EventBusSubscriber class Lcom/hollingsworth/arsnouveau/setup/config/Config; to the mod event bus of mod ars_nouveau
[09апр.2026 16:42:49.493] [modloading-worker-0/DEBUG] [net.neoforged.fml.javafmlmod.AutomaticEventSubscriber/LOADING]: Scanning class com.hollingsworth.arsnouveau.setup.registry.ModEntities$RegistrationHandler for @SubscribeEvent-annotated methods
[09апр.2026 16:42:49.493] [modloading-worker-0/DEBUG] [net.neoforged.fml.javafmlmod.AutomaticEventSubscriber/]: Subscribing @EventBusSubscriber class Lcom/hollingsworth/arsnouveau/setup/registry/ModEntities$RegistrationHandler; to the mod event bus of mod ars_nouveau
[09апр.2026 16:42:49.494] [modloading-worker-0/DEBUG] [net.neoforged.fml.javafmlmod.AutomaticEventSubscriber/LOADING]: Scanning class com.hollingsworth.arsnouveau.setup.registry.CapabilityRegistry$EventHandler for @SubscribeEvent-annotated methods
[09апр.2026 16:42:49.494] [modloading-worker-0/DEBUG] [net.neoforged.fml.javafmlmod.AutomaticEventSubscriber/]: Subscribing @EventBusSubscriber class Lcom/hollingsworth/arsnouveau/setup/registry/CapabilityRegistry$EventHandler; to the game event bus
[09апр.2026 16:42:49.495] [modloading-worker-0/DEBUG] [net.neoforged.fml.javafmlmod.AutomaticEventSubscriber/LOADING]: Scanning class com.hollingsworth.arsnouveau.setup.registry.ModPotions for @SubscribeEvent-annotated methods
[09апр.2026 16:42:49.495] [modloading-worker-0/DEBUG] [net.neoforged.fml.javafmlmod.AutomaticEventSubscriber/]: Subscribing @EventBusSubscriber class Lcom/hollingsworth/arsnouveau/setup/registry/ModPotions; to the game event bus
[09апр.2026 16:42:49.495] [modloading-worker-0/DEBUG] [net.neoforged.fml.javafmlmod.AutomaticEventSubscriber/LOADING]: Scanning class com.hollingsworth.arsnouveau.api.source.SourceManager for @SubscribeEvent-annotated methods
[09апр.2026 16:42:49.496] [modloading-worker-0/DEBUG] [net.neoforged.fml.javafmlmod.AutomaticEventSubscriber/]: Subscribing @EventBusSubscriber class Lcom/hollingsworth/arsnouveau/api/source/SourceManager; to the game event bus
[09апр.2026 16:42:49.496] [modloading-worker-0/DEBUG] [net.neoforged.fml.javafmlmod.AutomaticEventSubscriber/LOADING]: Scanning class com.hollingsworth.arsnouveau.api.perk.PerkAttributes for @SubscribeEvent-annotated methods
[09апр.2026 16:42:49.497] [modloading-worker-0/DEBUG] [net.neoforged.fml.javafmlmod.AutomaticEventSubscriber/]: Subscribing @EventBusSubscriber class Lcom/hollingsworth/arsnouveau/api/perk/PerkAttributes; to the mod event bus of mod ars_nouveau
[09апр.2026 16:42:49.497] [modloading-worker-0/DEBUG] [net.neoforged.fml.javafmlmod.AutomaticEventSubscriber/LOADING]: Scanning class com.hollingsworth.arsnouveau.api.event.EventQueue for @SubscribeEvent-annotated methods
[09апр.2026 16:42:49.497] [modloading-worker-0/DEBUG] [net.neoforged.fml.javafmlmod.AutomaticEventSubscriber/]: Subscribing @EventBusSubscriber class Lcom/hollingsworth/arsnouveau/api/event/EventQueue; to the game event bus
[09апр.2026 16:42:50.045] [modloading-sync-worker/DEBUG] [net.neoforged.fml.config.ConfigTracker/CONFIG]: Loading configs type CLIENT
[09апр.2026 16:42:50.046] [modloading-sync-worker/DEBUG] [net.neoforged.fml.config.ConfigTracker/CONFIG]: Loaded TOML config file X:\Lariem\lvluping\run\config\curios-client.toml
[09апр.2026 16:42:50.047] [modloading-sync-worker/DEBUG] [net.neoforged.fml.config.ConfigTracker/CONFIG]: Watching TOML config file X:\Lariem\lvluping\run\config\curios-client.toml for changes
[09апр.2026 16:42:50.048] [modloading-sync-worker/DEBUG] [net.neoforged.neoforge.common.NeoForgeConfig/FORGEMOD]: Loaded NeoForge config file neoforge-client.toml
[09апр.2026 16:42:50.048] [modloading-sync-worker/DEBUG] [net.neoforged.fml.config.ConfigTracker/CONFIG]: Loaded TOML config file X:\Lariem\lvluping\run\config\neoforge-client.toml
[09апр.2026 16:42:50.048] [modloading-sync-worker/DEBUG] [net.neoforged.fml.config.ConfigTracker/CONFIG]: Watching TOML config file X:\Lariem\lvluping\run\config\neoforge-client.toml for changes
[09апр.2026 16:42:50.050] [modloading-sync-worker/DEBUG] [net.neoforged.fml.config.ConfigTracker/CONFIG]: Loaded TOML config file X:\Lariem\lvluping\run\config\ars_nouveau-client.toml
[09апр.2026 16:42:50.051] [modloading-sync-worker/DEBUG] [net.neoforged.fml.config.ConfigTracker/CONFIG]: Watching TOML config file X:\Lariem\lvluping\run\config\ars_nouveau-client.toml for changes
[09апр.2026 16:42:50.051] [modloading-sync-worker/DEBUG] [net.neoforged.fml.config.ConfigTracker/CONFIG]: Loading configs type COMMON
[09апр.2026 16:42:50.052] [modloading-sync-worker/DEBUG] [net.neoforged.neoforge.common.NeoForgeConfig/FORGEMOD]: Loaded NeoForge config file neoforge-common.toml
[09апр.2026 16:42:50.052] [modloading-sync-worker/DEBUG] [net.neoforged.fml.config.ConfigTracker/CONFIG]: Loaded TOML config file X:\Lariem\lvluping\run\config\neoforge-common.toml
[09апр.2026 16:42:50.053] [modloading-sync-worker/DEBUG] [net.neoforged.fml.config.ConfigTracker/CONFIG]: Watching TOML config file X:\Lariem\lvluping\run\config\neoforge-common.toml for changes
[09апр.2026 16:42:50.054] [modloading-sync-worker/DEBUG] [net.neoforged.fml.config.ConfigTracker/CONFIG]: Loaded TOML config file X:\Lariem\lvluping\run\config\curios-common.toml
[09апр.2026 16:42:50.054] [modloading-sync-worker/DEBUG] [net.neoforged.fml.config.ConfigTracker/CONFIG]: Watching TOML config file X:\Lariem\lvluping\run\config\curios-common.toml for changes
[09апр.2026 16:42:50.056] [modloading-sync-worker/DEBUG] [net.neoforged.fml.config.ConfigTracker/CONFIG]: Loaded TOML config file X:\Lariem\lvluping\run\config\ars_nouveau-common.toml
[09апр.2026 16:42:50.056] [modloading-sync-worker/DEBUG] [net.neoforged.fml.config.ConfigTracker/CONFIG]: Watching TOML config file X:\Lariem\lvluping\run\config\ars_nouveau-common.toml for changes
[09апр.2026 16:42:50.102] [Render thread/DEBUG] [mixin/]: Mixing client.TextureManagerMixin from geckolib.mixins.json into net.minecraft.client.renderer.texture.TextureManager
[09апр.2026 16:42:50.103] [Render thread/DEBUG] [mixin/]: geckolib.mixins.json:client.TextureManagerMixin from mod geckolib: Class version 65 required is higher than the class version supported by the current version of Mixin (JAVA_17 supports class version 61)
[09апр.2026 16:42:50.200] [Render thread/DEBUG] [mixin/]: Mixing client.BlockEntityWithoutLevelRendererMixin from geckolib.mixins.json into net.minecraft.client.renderer.BlockEntityWithoutLevelRenderer
[09апр.2026 16:42:50.200] [Render thread/DEBUG] [mixin/]: geckolib.mixins.json:client.BlockEntityWithoutLevelRendererMixin from mod geckolib: Class version 65 required is higher than the class version supported by the current version of Mixin (JAVA_17 supports class version 61)
[09апр.2026 16:42:50.201] [Render thread/DEBUG] [mixin/]: geckolib.mixins.json:client.BlockEntityWithoutLevelRendererMixin from mod geckolib->@Inject::geckolib$renderGeckolibItem(Lnet/minecraft/world/item/ItemStack;Lnet/minecraft/world/item/ItemDisplayContext;Lcom/mojang/blaze3d/vertex/PoseStack;Lnet/minecraft/client/renderer/MultiBufferSource;IILorg/spongepowered/asm/mixin/injection/callback/CallbackInfo;)V does use it's CallbackInfo
[09апр.2026 16:42:50.364] [Render thread/INFO] [net.neoforged.neoforge.gametest.GameTestHooks/]: Enabled Gametest Namespaces: [lvluping]
[09апр.2026 16:42:50.429] [Render thread/DEBUG] [mixin/]: Mixing client.InvisibilityHideHandLayerMixin from lvluping.mixins.json into net.minecraft.client.renderer.entity.layers.ItemInHandLayer
[09апр.2026 16:42:50.431] [Render thread/DEBUG] [mixin/]: lvluping.mixins.json:client.InvisibilityHideHandLayerMixin from mod lvluping->@Inject::lvluping$hideHandsWhenInvisible(Lcom/mojang/blaze3d/vertex/PoseStack;Lnet/minecraft/client/renderer/MultiBufferSource;ILnet/minecraft/world/entity/LivingEntity;FFFFFFLorg/spongepowered/asm/mixin/injection/callback/CallbackInfo;)V does use it's CallbackInfo
[09апр.2026 16:42:50.434] [Render thread/DEBUG] [mixin/]: Mixing client.HumanoidArmorLayerMixin from geckolib.mixins.json into net.minecraft.client.renderer.entity.layers.HumanoidArmorLayer
[09апр.2026 16:42:50.435] [Render thread/DEBUG] [mixin/]: geckolib.mixins.json:client.HumanoidArmorLayerMixin from mod geckolib: Class version 65 required is higher than the class version supported by the current version of Mixin (JAVA_17 supports class version 61)
[09апр.2026 16:42:50.435] [Render thread/DEBUG] [mixin/]: Mixing client.InvisibilityHideArmorLayerMixin from lvluping.mixins.json into net.minecraft.client.renderer.entity.layers.HumanoidArmorLayer
[09апр.2026 16:42:50.438] [Render thread/DEBUG] [mixin/]: lvluping.mixins.json:client.InvisibilityHideArmorLayerMixin from mod lvluping->@Inject::lvluping$hideArmorWhenInvisible(Lcom/mojang/blaze3d/vertex/PoseStack;Lnet/minecraft/client/renderer/MultiBufferSource;ILnet/minecraft/world/entity/LivingEntity;FFFFFFLorg/spongepowered/asm/mixin/injection/callback/CallbackInfo;)V does use it's CallbackInfo
[09апр.2026 16:42:50.440] [Render thread/DEBUG] [mixin/]: Mixing client.InvisibilityHideElytraLayerMixin from lvluping.mixins.json into net.minecraft.client.renderer.entity.layers.ElytraLayer
[09апр.2026 16:42:50.441] [Render thread/DEBUG] [mixin/]: lvluping.mixins.json:client.InvisibilityHideElytraLayerMixin from mod lvluping->@Inject::lvluping$hideElytraWhenInvisible(Lcom/mojang/blaze3d/vertex/PoseStack;Lnet/minecraft/client/renderer/MultiBufferSource;ILnet/minecraft/world/entity/LivingEntity;FFFFFFLorg/spongepowered/asm/mixin/injection/callback/CallbackInfo;)V does use it's CallbackInfo
[09апр.2026 16:42:50.608] [Render thread/INFO] [net.minecraft.server.packs.resources.ReloadableResourceManager/]: Reloading ResourceManager: vanilla, mod_resources, mod/mr_health_damagehud, mod/curios, mod/lambdynlights_api, mod/geckolib, mod/ars_nouveau, mod/lvluping, mod/neoforge, mod/nuggets
[09апр.2026 16:42:50.634] [Worker-Main-4/INFO] [org.mrutcka.lvluping.LvlupingMod/]: Lvluping Mod Setup
[09апр.2026 16:42:50.635] [Worker-Main-3/DEBUG] [mixin/]: Mixing MixinCuriosApi from curios.neoforge.mixins.json into top.theillusivec4.curios.api.CuriosApi
[09апр.2026 16:42:50.644] [Worker-Main-3/DEBUG] [mixin/]: curios.neoforge.mixins.json:MixinCuriosApi from mod curios->@Inject::curios$registerCurio(Lnet/minecraft/world/item/Item;Ltop/theillusivec4/curios/api/type/capability/ICurioItem;Lorg/spongepowered/asm/mixin/injection/callback/CallbackInfo;)V does use it's CallbackInfo
[09апр.2026 16:42:50.645] [Worker-Main-3/DEBUG] [mixin/]: curios.neoforge.mixins.json:MixinCuriosApi from mod curios->@Inject::curios$getSlots(ZLorg/spongepowered/asm/mixin/injection/callback/CallbackInfoReturnable;)V does use it's CallbackInfoReturnable
[09апр.2026 16:42:50.645] [Worker-Main-3/DEBUG] [mixin/]: curios.neoforge.mixins.json:MixinCuriosApi from mod curios->@Inject::curios$getEntitySlots(Lnet/minecraft/world/entity/EntityType;ZLorg/spongepowered/asm/mixin/injection/callback/CallbackInfoReturnable;)V does use it's CallbackInfoReturnable
[09апр.2026 16:42:50.645] [Worker-Main-3/DEBUG] [mixin/]: curios.neoforge.mixins.json:MixinCuriosApi from mod curios->@Inject::curios$getItemStackSlots(Lnet/minecraft/world/item/ItemStack;ZLorg/spongepowered/asm/mixin/injection/callback/CallbackInfoReturnable;)V does use it's CallbackInfoReturnable
[09апр.2026 16:42:50.645] [Worker-Main-3/DEBUG] [mixin/]: curios.neoforge.mixins.json:MixinCuriosApi from mod curios->@Inject::curios$getItemStackSlots(Lnet/minecraft/world/item/ItemStack;Lnet/minecraft/world/entity/LivingEntity;Lorg/spongepowered/asm/mixin/injection/callback/CallbackInfoReturnable;)V does use it's CallbackInfoReturnable
[09апр.2026 16:42:50.645] [Worker-Main-3/DEBUG] [mixin/]: curios.neoforge.mixins.json:MixinCuriosApi from mod curios->@Inject::curios$getCurio(Lnet/minecraft/world/item/ItemStack;Lorg/spongepowered/asm/mixin/injection/callback/CallbackInfoReturnable;)V does use it's CallbackInfoReturnable
[09апр.2026 16:42:50.645] [Worker-Main-3/DEBUG] [mixin/]: curios.neoforge.mixins.json:MixinCuriosApi from mod curios->@Inject::curios$getCuriosInventory(Lnet/minecraft/world/entity/LivingEntity;Lorg/spongepowered/asm/mixin/injection/callback/CallbackInfoReturnable;)V does use it's CallbackInfoReturnable
[09апр.2026 16:42:50.645] [Worker-Main-3/DEBUG] [mixin/]: curios.neoforge.mixins.json:MixinCuriosApi from mod curios->@Inject::curios$isStackValid(Ltop/theillusivec4/curios/api/SlotContext;Lnet/minecraft/world/item/ItemStack;Lorg/spongepowered/asm/mixin/injection/callback/CallbackInfoReturnable;)V does use it's CallbackInfoReturnable
[09апр.2026 16:42:50.645] [Worker-Main-3/DEBUG] [mixin/]: curios.neoforge.mixins.json:MixinCuriosApi from mod curios->@Inject::curios$getAttributeModifiers(Ltop/theillusivec4/curios/api/SlotContext;Lnet/minecraft/resources/ResourceLocation;Lnet/minecraft/world/item/ItemStack;Lorg/spongepowered/asm/mixin/injection/callback/CallbackInfoReturnable;)V does use it's CallbackInfoReturnable
[09апр.2026 16:42:50.645] [Worker-Main-3/DEBUG] [mixin/]: curios.neoforge.mixins.json:MixinCuriosApi from mod curios->@Inject::curios$addSlotModifier(Lcom/google/common/collect/Multimap;Ljava/lang/String;Lnet/minecraft/resources/ResourceLocation;DLnet/minecraft/world/entity/ai/attributes/AttributeModifier$Operation;Lorg/spongepowered/asm/mixin/injection/callback/CallbackInfo;)V does use it's CallbackInfo
[09апр.2026 16:42:50.645] [Worker-Main-3/DEBUG] [mixin/]: curios.neoforge.mixins.json:MixinCuriosApi from mod curios->@Inject::curios$addSlotModifier(Lnet/minecraft/world/item/ItemStack;Ljava/lang/String;Lnet/minecraft/resources/ResourceLocation;DLnet/minecraft/world/entity/ai/attributes/AttributeModifier$Operation;Ljava/lang/String;Lorg/spongepowered/asm/mixin/injection/callback/CallbackInfo;)V does use it's CallbackInfo
[09апр.2026 16:42:50.645] [Worker-Main-3/DEBUG] [mixin/]: curios.neoforge.mixins.json:MixinCuriosApi from mod curios->@Inject::curios$addModifier(Lnet/minecraft/world/item/ItemStack;Lnet/minecraft/core/Holder;Lnet/minecraft/resources/ResourceLocation;DLnet/minecraft/world/entity/ai/attributes/AttributeModifier$Operation;Ljava/lang/String;Lorg/spongepowered/asm/mixin/injection/callback/CallbackInfo;)V does use it's CallbackInfo
[09апр.2026 16:42:50.645] [Worker-Main-3/DEBUG] [mixin/]: curios.neoforge.mixins.json:MixinCuriosApi from mod curios->@Inject::curios$registerCurioPredicate(Lnet/minecraft/resources/ResourceLocation;Ljava/util/function/Predicate;Lorg/spongepowered/asm/mixin/injection/callback/CallbackInfo;)V does use it's CallbackInfo
[09апр.2026 16:42:50.645] [Worker-Main-3/DEBUG] [mixin/]: curios.neoforge.mixins.json:MixinCuriosApi from mod curios->@Inject::curios$getCurioPredicate(Lnet/minecraft/resources/ResourceLocation;Lorg/spongepowered/asm/mixin/injection/callback/CallbackInfoReturnable;)V does use it's CallbackInfoReturnable
[09апр.2026 16:42:50.645] [Worker-Main-3/DEBUG] [mixin/]: curios.neoforge.mixins.json:MixinCuriosApi from mod curios->@Inject::curios$getCurioPredicates(Lorg/spongepowered/asm/mixin/injection/callback/CallbackInfoReturnable;)V does use it's CallbackInfoReturnable
[09апр.2026 16:42:50.645] [Worker-Main-3/DEBUG] [mixin/]: curios.neoforge.mixins.json:MixinCuriosApi from mod curios->@Inject::curios$testCurioPredicates(Ljava/util/Set;Ltop/theillusivec4/curios/api/SlotResult;Lorg/spongepowered/asm/mixin/injection/callback/CallbackInfoReturnable;)V does use it's CallbackInfoReturnable
[09апр.2026 16:42:50.646] [Worker-Main-3/DEBUG] [mixin/]: curios.neoforge.mixins.json:MixinCuriosApi from mod curios->@Inject::curios$getUuid(Ltop/theillusivec4/curios/api/SlotContext;Lorg/spongepowered/asm/mixin/injection/callback/CallbackInfoReturnable;)V does use it's CallbackInfoReturnable
[09апр.2026 16:42:50.646] [Worker-Main-3/DEBUG] [mixin/]: curios.neoforge.mixins.json:MixinCuriosApi from mod curios->@Inject::curios$broadcastCurioBreakEvent(Ltop/theillusivec4/curios/api/SlotContext;Lorg/spongepowered/asm/mixin/injection/callback/CallbackInfo;)V does use it's CallbackInfo
[09апр.2026 16:42:50.651] [Worker-Main-5/WARN] [GeckoLib/]: Found animation file with improper file name format; animation files should end in .animation.json: 'ars_nouveau:animations/agronomic_sourcelink_animation.json'
[09апр.2026 16:42:50.651] [Worker-Main-6/WARN] [GeckoLib/]: Found animation file with improper file name format; animation files should end in .animation.json: 'ars_nouveau:animations/alteration_apparatus_animations.json'
[09апр.2026 16:42:50.651] [Worker-Main-2/WARN] [GeckoLib/]: Found animation file with improper file name format; animation files should end in .animation.json: 'ars_nouveau:animations/alchemical_sourcelink_animation.json'
[09апр.2026 16:42:50.652] [Worker-Main-7/WARN] [GeckoLib/]: Found animation file with improper file name format; animation files should end in .animation.json: 'ars_nouveau:animations/amethyst_golem_animations.json'
[09апр.2026 16:42:50.653] [Worker-Main-13/WARN] [GeckoLib/]: Found animation file with improper file name format; animation files should end in .animation.json: 'ars_nouveau:animations/arcane_pedestal_animations.json'
[09апр.2026 16:42:50.653] [Worker-Main-11/WARN] [GeckoLib/]: Found animation file with improper file name format; animation files should end in .animation.json: 'ars_nouveau:animations/animated_block_animations.json'
[09апр.2026 16:42:50.653] [Worker-Main-12/WARN] [GeckoLib/]: Found animation file with improper file name format; animation files should end in .animation.json: 'ars_nouveau:animations/arcane_core_animations.json'
[09апр.2026 16:42:50.653] [Worker-Main-14/WARN] [GeckoLib/]: Found animation file with improper file name format; animation files should end in .animation.json: 'ars_nouveau:animations/basic_spell_turret_animations.json'
[09апр.2026 16:42:50.695] [NeoForge Version Check/INFO] [net.neoforged.fml.VersionChecker/]: [mr_health_damagehud] Starting version check at https://api.modrinth.com/updates/YS1sBNLx/forge_updates.json?neoforge=only
[09апр.2026 16:42:50.714] [Render thread/DEBUG] [net.neoforged.fml.DeferredWorkQueue/LOADING]: Dispatching synchronous work for work queue Common setup: 2 jobs
[09апр.2026 16:42:50.717] [Render thread/DEBUG] [net.neoforged.fml.DeferredWorkQueue/LOADING]: Synchronous work queue completed in 2.424 ms
[09апр.2026 16:42:50.746] [Worker-Main-5/WARN] [GeckoLib/]: Found animation file with improper file name format; animation files should end in .animation.json: 'ars_nouveau:animations/decor_blossom_animations.json'
[09апр.2026 16:42:50.746] [Worker-Main-2/WARN] [GeckoLib/]: Found animation file with improper file name format; animation files should end in .animation.json: 'ars_nouveau:animations/book_wyrm_animation.json'
[09апр.2026 16:42:50.746] [Worker-Main-12/WARN] [GeckoLib/]: Found animation file with improper file name format; animation files should end in .animation.json: 'ars_nouveau:animations/drygmy_animations.json'
[09апр.2026 16:42:50.747] [Worker-Main-13/WARN] [GeckoLib/]: Found animation file with improper file name format; animation files should end in .animation.json: 'ars_nouveau:animations/book_wyrm_lectern_animations.json'
[09апр.2026 16:42:50.747] [Worker-Main-11/WARN] [GeckoLib/]: Found animation file with improper file name format; animation files should end in .animation.json: 'ars_nouveau:animations/enchanting_apparatus_animations.json'
[09апр.2026 16:42:50.747] [Worker-Main-14/WARN] [GeckoLib/]: Found animation file with improper file name format; animation files should end in .animation.json: 'ars_nouveau:animations/empty.json'
[09апр.2026 16:42:50.747] [Worker-Main-2/WARN] [GeckoLib/]: Found animation file with improper file name format; animation files should end in .animation.json: 'ars_nouveau:animations/imbuement_chamber_animations.json'
[09апр.2026 16:42:50.749] [Worker-Main-7/WARN] [GeckoLib/]: Found animation file with improper file name format; animation files should end in .animation.json: 'ars_nouveau:animations/mana_splitter_animation.json'
[09апр.2026 16:42:50.749] [Worker-Main-12/WARN] [GeckoLib/]: Found animation file with improper file name format; animation files should end in .animation.json: 'ars_nouveau:animations/mana_relay_animation.json'
[09апр.2026 16:42:50.749] [Worker-Main-5/WARN] [GeckoLib/]: Found animation file with improper file name format; animation files should end in .animation.json: 'ars_nouveau:animations/lily_animations.json'
[09апр.2026 16:42:50.750] [Worker-Main-7/WARN] [GeckoLib/]: Found animation file with improper file name format; animation files should end in .animation.json: 'ars_nouveau:animations/nook_animation.json'
[09апр.2026 16:42:50.750] [Worker-Main-12/WARN] [GeckoLib/]: Found animation file with improper file name format; animation files should end in .animation.json: 'ars_nouveau:animations/potion_melder_animation.json'
[09апр.2026 16:42:50.750] [Worker-Main-12/WARN] [GeckoLib/]: Found animation file with improper file name format; animation files should end in .animation.json: 'ars_nouveau:animations/press_animations.json'
[09апр.2026 16:42:50.751] [Worker-Main-12/WARN] [GeckoLib/]: Found animation file with improper file name format; animation files should end in .animation.json: 'ars_nouveau:animations/redstone_relay_animations.json'
[09апр.2026 16:42:50.752] [Worker-Main-12/WARN] [GeckoLib/]: Found animation file with improper file name format; animation files should end in .animation.json: 'ars_nouveau:animations/ritual.json'
[09апр.2026 16:42:50.756] [Worker-Main-15/WARN] [GeckoLib/]: Found animation file with improper file name format; animation files should end in .animation.json: 'ars_nouveau:animations/rune.json'
[09апр.2026 16:42:50.775] [Worker-Main-10/WARN] [GeckoLib/]: Found animation file with improper file name format; animation files should end in .animation.json: 'ars_nouveau:animations/scribes_table_animations.json'
[09апр.2026 16:42:50.776] [Render thread/DEBUG] [net.neoforged.fml.DeferredWorkQueue/LOADING]: Dispatching synchronous work for work queue Sided setup: 2 jobs
[09апр.2026 16:42:50.785] [Worker-Main-6/WARN] [GeckoLib/]: Found animation file with improper file name format; animation files should end in .animation.json: 'ars_nouveau:animations/source_collector_animations.json'
[09апр.2026 16:42:50.785] [Worker-Main-11/WARN] [GeckoLib/]: Found animation file with improper file name format; animation files should end in .animation.json: 'ars_nouveau:animations/source_relay_animations.json'
[09апр.2026 16:42:50.785] [Worker-Main-13/WARN] [GeckoLib/]: Found animation file with improper file name format; animation files should end in .animation.json: 'ars_nouveau:animations/scryers_eye_animation.json'
[09апр.2026 16:42:50.785] [Worker-Main-2/WARN] [GeckoLib/]: Found animation file with improper file name format; animation files should end in .animation.json: 'ars_nouveau:animations/source_deposit_animations.json'
[09апр.2026 16:42:50.785] [Worker-Main-14/WARN] [GeckoLib/]: Found animation file with improper file name format; animation files should end in .animation.json: 'ars_nouveau:animations/source_warp_animations.json'
[09апр.2026 16:42:50.785] [Worker-Main-12/WARN] [GeckoLib/]: Found animation file with improper file name format; animation files should end in .animation.json: 'ars_nouveau:animations/spell_turret_animations.json'
[09апр.2026 16:42:50.785] [Worker-Main-15/WARN] [GeckoLib/]: Found animation file with improper file name format; animation files should end in .animation.json: 'ars_nouveau:animations/source_splitter_animations.json'
[09апр.2026 16:42:50.786] [Worker-Main-12/WARN] [GeckoLib/]: Found animation file with improper file name format; animation files should end in .animation.json: 'ars_nouveau:animations/spell_turret_timer_animations.json'
[09апр.2026 16:42:50.786] [Worker-Main-13/WARN] [GeckoLib/]: Found animation file with improper file name format; animation files should end in .animation.json: 'ars_nouveau:animations/spike_animations.json'
[09апр.2026 16:42:50.786] [Worker-Main-14/WARN] [GeckoLib/]: Found animation file with improper file name format; animation files should end in .animation.json: 'ars_nouveau:animations/starbuncle_animations.json'
[09апр.2026 16:42:50.786] [Worker-Main-15/WARN] [GeckoLib/]: Found animation file with improper file name format; animation files should end in .animation.json: 'ars_nouveau:animations/storage_catalog_animations.json'
[09апр.2026 16:42:50.786] [Worker-Main-6/WARN] [GeckoLib/]: Found animation file with improper file name format; animation files should end in .animation.json: 'ars_nouveau:animations/vitalic_sourcelink_animation.json'
[09апр.2026 16:42:50.786] [Worker-Main-2/WARN] [GeckoLib/]: Found animation file with improper file name format; animation files should end in .animation.json: 'ars_nouveau:animations/volcanic_sourcelink_animations.json'
[09апр.2026 16:42:50.786] [Worker-Main-11/WARN] [GeckoLib/]: Found animation file with improper file name format; animation files should end in .animation.json: 'ars_nouveau:animations/wand_animation.json'
[09апр.2026 16:42:50.786] [Worker-Main-12/WARN] [GeckoLib/]: Found animation file with improper file name format; animation files should end in .animation.json: 'ars_nouveau:animations/weald_walker_animations.json'
[09апр.2026 16:42:50.786] [Worker-Main-13/WARN] [GeckoLib/]: Found animation file with improper file name format; animation files should end in .animation.json: 'ars_nouveau:animations/weald_waddler_animations.json'
[09апр.2026 16:42:50.786] [Worker-Main-6/WARN] [GeckoLib/]: Found animation file with improper file name format; animation files should end in .animation.json: 'ars_nouveau:animations/whirlisprig_animations.json'
[09апр.2026 16:42:50.786] [Worker-Main-2/WARN] [GeckoLib/]: Found animation file with improper file name format; animation files should end in .animation.json: 'ars_nouveau:animations/whirlisprig_blossom_animations.json'
[09апр.2026 16:42:50.786] [Worker-Main-15/WARN] [GeckoLib/]: Found animation file with improper file name format; animation files should end in .animation.json: 'ars_nouveau:animations/wilden_chimera_animations.json'
[09апр.2026 16:42:50.786] [Worker-Main-13/WARN] [GeckoLib/]: Found animation file with improper file name format; animation files should end in .animation.json: 'ars_nouveau:animations/wilden_hunter_animations.json'
[09апр.2026 16:42:50.786] [Worker-Main-2/WARN] [GeckoLib/]: Found animation file with improper file name format; animation files should end in .animation.json: 'ars_nouveau:animations/wilden_stalker_animations.json'
[09апр.2026 16:42:50.787] [Worker-Main-12/WARN] [GeckoLib/]: Found animation file with improper file name format; animation files should end in .animation.json: 'ars_nouveau:animations/wixie_animations.json'
[09апр.2026 16:42:50.786] [Worker-Main-11/WARN] [GeckoLib/]: Found animation file with improper file name format; animation files should end in .animation.json: 'ars_nouveau:animations/wilden_defender_animations.json'
[09апр.2026 16:42:50.813] [Render thread/DEBUG] [net.neoforged.fml.DeferredWorkQueue/LOADING]: Synchronous work queue completed in 36.26 ms
[09апр.2026 16:42:50.879] [Worker-Main-13/INFO] [net.minecraft.client.gui.font.providers.UnihexProvider/]: Found unifont_all_no_pua-15.1.05.hex, loading
[09апр.2026 16:42:50.919] [Worker-Main-9/INFO] [net.minecraft.client.gui.font.providers.UnihexProvider/]: Found unifont_jp_patch-15.1.05.hex, loading
[09апр.2026 16:42:51.516] [NeoForge Version Check/DEBUG] [net.neoforged.fml.VersionChecker/]: [mr_health_damagehud] Received version check data:
{"homepage":"https://modrinth.com/mod/YS1sBNLx","promos":{"1.21.1-latest":"1+mod","1.21-recommended":"1+mod","1.21-latest":"1+mod","1.21.1-recommended":"1+mod"}}
[09апр.2026 16:42:51.518] [NeoForge Version Check/INFO] [net.neoforged.fml.VersionChecker/]: [mr_health_damagehud] Found status: OUTDATED Current: 1 Target: 1+mod
[09апр.2026 16:42:51.703] [Worker-Main-7/WARN] [net.minecraft.client.resources.model.BlockStateModelLoader/]: Exception loading blockstate definition: 'ars_nouveau:blockstates/particle_block.json' missing model for variant: 'ars_nouveau:particle_block#waterlogged=true'
[09апр.2026 16:42:51.704] [Worker-Main-7/WARN] [net.minecraft.client.resources.model.BlockStateModelLoader/]: Exception loading blockstate definition: 'ars_nouveau:blockstates/particle_block.json' missing model for variant: 'ars_nouveau:particle_block#waterlogged=false'
[09апр.2026 16:42:52.589] [Render thread/DEBUG] [net.neoforged.fml.DeferredWorkQueue/LOADING]: Dispatching synchronous work for work queue Complete loading of 9 mods: 1 jobs
[09апр.2026 16:42:52.594] [Render thread/DEBUG] [net.neoforged.fml.DeferredWorkQueue/LOADING]: Synchronous work queue completed in 3.830 ms
[09апр.2026 16:42:52.896] [Render thread/WARN] [net.minecraft.client.sounds.SoundEngine/]: Missing sound for event: minecraft:item.goat_horn.play
[09апр.2026 16:42:52.897] [Render thread/WARN] [net.minecraft.client.sounds.SoundEngine/]: Missing sound for event: minecraft:entity.goat.screaming.horn_break
[09апр.2026 16:42:53.515] [Render thread/INFO] [com.mojang.blaze3d.audio.Library/]: OpenAL initialized on device OpenAL Soft on Наушники (Realtek(R) Audio)
[09апр.2026 16:42:53.516] [Render thread/INFO] [net.minecraft.client.sounds.SoundEngine/SOUNDS]: Sound engine started
[09апр.2026 16:42:53.628] [Render thread/INFO] [net.minecraft.client.renderer.texture.TextureAtlas/]: Created: 2048x1024x4 minecraft:textures/atlas/blocks.png-atlas
[09апр.2026 16:42:53.641] [Render thread/INFO] [net.minecraft.client.renderer.texture.TextureAtlas/]: Created: 256x256x4 minecraft:textures/atlas/signs.png-atlas
[09апр.2026 16:42:53.641] [Render thread/INFO] [net.minecraft.client.renderer.texture.TextureAtlas/]: Created: 512x512x4 minecraft:textures/atlas/shield_patterns.png-atlas
[09апр.2026 16:42:53.642] [Render thread/INFO] [net.minecraft.client.renderer.texture.TextureAtlas/]: Created: 512x512x4 minecraft:textures/atlas/banner_patterns.png-atlas
[09апр.2026 16:42:53.643] [Render thread/INFO] [net.minecraft.client.renderer.texture.TextureAtlas/]: Created: 1024x1024x4 minecraft:textures/atlas/armor_trims.png-atlas
[09апр.2026 16:42:53.647] [Render thread/INFO] [net.minecraft.client.renderer.texture.TextureAtlas/]: Created: 128x64x4 minecraft:textures/atlas/decorated_pot.png-atlas
[09апр.2026 16:42:53.647] [Render thread/INFO] [net.minecraft.client.renderer.texture.TextureAtlas/]: Created: 256x256x4 minecraft:textures/atlas/chest.png-atlas
[09апр.2026 16:42:53.647] [Render thread/INFO] [net.minecraft.client.renderer.texture.TextureAtlas/]: Created: 512x256x4 minecraft:textures/atlas/shulker_boxes.png-atlas
[09апр.2026 16:42:53.647] [Render thread/INFO] [net.minecraft.client.renderer.texture.TextureAtlas/]: Created: 512x256x4 minecraft:textures/atlas/beds.png-atlas
[09апр.2026 16:42:53.742] [Render thread/INFO] [net.minecraft.client.renderer.texture.TextureAtlas/]: Created: 512x256x0 minecraft:textures/atlas/particles.png-atlas
[09апр.2026 16:42:53.743] [Render thread/INFO] [net.minecraft.client.renderer.texture.TextureAtlas/]: Created: 512x256x0 minecraft:textures/atlas/paintings.png-atlas
[09апр.2026 16:42:53.744] [Render thread/INFO] [net.minecraft.client.renderer.texture.TextureAtlas/]: Created: 256x128x0 minecraft:textures/atlas/mob_effects.png-atlas
[09апр.2026 16:42:53.744] [Render thread/INFO] [net.minecraft.client.renderer.texture.TextureAtlas/]: Created: 64x64x0 minecraft:textures/atlas/map_decorations.png-atlas
[09апр.2026 16:42:53.744] [Render thread/INFO] [net.minecraft.client.renderer.texture.TextureAtlas/]: Created: 1024x512x0 minecraft:textures/atlas/gui.png-atlas
[09апр.2026 16:42:53.766] [Render thread/WARN] [net.minecraft.client.renderer.ShaderInstance/]: Shader rendertype_entity_translucent_emissive could not find sampler named Sampler2 in the specified shader program.
[09апр.2026 16:42:53.810] [Render thread/WARN] [net.minecraft.client.renderer.ShaderInstance/]: Shader ars_nouveau:rainbow_entity could not find uniform named IViewRotMat in the specified shader program.
[09апр.2026 16:42:53.811] [Render thread/WARN] [net.minecraft.client.renderer.ShaderInstance/]: Shader ars_nouveau:blamed_entity could not find uniform named IViewRotMat in the specified shader program.
[09апр.2026 16:42:53.822] [Render thread/INFO] [net.neoforged.neoforge.client.entity.animation.json.AnimationLoader/]: Loaded 0 entity animations
[09апр.2026 16:43:10.929] [Render thread/INFO] [net.minecraft.world.item.crafting.RecipeManager/]: Loaded 1989 recipes
[09апр.2026 16:43:11.106] [Render thread/INFO] [net.minecraft.advancements.AdvancementTree/]: Loaded 1744 advancements
[09апр.2026 16:43:11.113] [Render thread/INFO] [Curios API/]: Loaded 11 curio slots
[09апр.2026 16:43:11.115] [Render thread/INFO] [Curios API/]: Loaded 1 curio entities
[09апр.2026 16:43:11.521] [Render thread/DEBUG] [net.neoforged.neoforge.common.CommonHooks/WP]: Gathered mod list to write to world save New World
[09апр.2026 16:43:11.540] [Render thread/DEBUG] [mixin/]: Mixing PlayerListMixin from ars_nouveau.mixins.json into net.minecraft.server.players.PlayerList
[09апр.2026 16:43:11.542] [Render thread/DEBUG] [mixin/]: Mixing camera.PlayerListMixin from ars_nouveau.mixins.json into net.minecraft.server.players.PlayerList
[09апр.2026 16:43:11.547] [Render thread/DEBUG] [mixin/]: ars_nouveau.mixins.json:PlayerListMixin from mod ars_nouveau->@Inject::onRemove(Lorg/spongepowered/asm/mixin/injection/callback/CallbackInfo;)V doesn't use it's CallbackInfo
[09апр.2026 16:43:11.547] [Render thread/DEBUG] [mixin/]: ars_nouveau.mixins.json:PlayerListMixin from mod ars_nouveau->@Inject::onRemove(Lorg/spongepowered/asm/mixin/injection/callback/CallbackInfo;)V has 0 override(s) in child classes
[09апр.2026 16:43:11.547] [Render thread/DEBUG] [mixin/]: ars_nouveau.mixins.json:PlayerListMixin from mod ars_nouveau->@Inject::onRemove(Lorg/spongepowered/asm/mixin/injection/callback/CallbackInfo;)V won't be passed a CallbackInfo as a result
[09апр.2026 16:43:11.548] [Render thread/DEBUG] [mixin/]: ars_nouveau.mixins.json:camera.PlayerListMixin from mod ars_nouveau->@Inject::anbroadcastToCameras(Lnet/minecraft/world/entity/player/Player;DDDDLnet/minecraft/resources/ResourceKey;Lnet/minecraft/network/protocol/Packet;Lorg/spongepowered/asm/mixin/injection/callback/CallbackInfo;ILnet/minecraft/server/level/ServerPlayer;)V does use it's CallbackInfo
[09апр.2026 16:43:11.572] [Server thread/INFO] [net.minecraft.client.server.IntegratedServer/]: Starting integrated minecraft server version 1.21.1
[09апр.2026 16:43:11.573] [Server thread/INFO] [net.minecraft.server.MinecraftServer/]: Generating keypair
[09апр.2026 16:43:11.625] [Server thread/DEBUG] [net.neoforged.fml.config.ConfigTracker/CONFIG]: Loading configs type SERVER
[09апр.2026 16:43:11.626] [Server thread/DEBUG] [net.neoforged.neoforge.common.NeoForgeConfig/FORGEMOD]: Loaded NeoForge config file neoforge-server.toml
[09апр.2026 16:43:11.626] [Server thread/DEBUG] [net.neoforged.fml.config.ConfigTracker/CONFIG]: Loaded TOML config file X:\Lariem\lvluping\run\config\neoforge-server.toml
[09апр.2026 16:43:11.627] [Server thread/DEBUG] [net.neoforged.fml.config.ConfigTracker/CONFIG]: Watching TOML config file X:\Lariem\lvluping\run\config\neoforge-server.toml for changes
[09апр.2026 16:43:11.627] [Server thread/DEBUG] [net.neoforged.fml.config.ConfigTracker/CONFIG]: Loaded TOML config file X:\Lariem\lvluping\run\config\curios-server.toml
[09апр.2026 16:43:11.628] [Server thread/DEBUG] [net.neoforged.fml.config.ConfigTracker/CONFIG]: Watching TOML config file X:\Lariem\lvluping\run\config\curios-server.toml for changes
[09апр.2026 16:43:11.629] [Server thread/DEBUG] [net.neoforged.fml.config.ConfigTracker/CONFIG]: Loaded TOML config file X:\Lariem\lvluping\run\config\ars_nouveau\glyph_projectile.toml
[09апр.2026 16:43:11.629] [Server thread/DEBUG] [net.neoforged.fml.config.ConfigTracker/CONFIG]: Watching TOML config file X:\Lariem\lvluping\run\config\ars_nouveau\glyph_projectile.toml for changes
[09апр.2026 16:43:11.630] [Server thread/DEBUG] [net.neoforged.fml.config.ConfigTracker/CONFIG]: Loaded TOML config file X:\Lariem\lvluping\run\config\ars_nouveau\glyph_touch.toml
[09апр.2026 16:43:11.631] [Server thread/DEBUG] [net.neoforged.fml.config.ConfigTracker/CONFIG]: Watching TOML config file X:\Lariem\lvluping\run\config\ars_nouveau\glyph_touch.toml for changes
[09апр.2026 16:43:11.632] [Server thread/DEBUG] [net.neoforged.fml.config.ConfigTracker/CONFIG]: Loaded TOML config file X:\Lariem\lvluping\run\config\ars_nouveau\glyph_self.toml
[09апр.2026 16:43:11.632] [Server thread/DEBUG] [net.neoforged.fml.config.ConfigTracker/CONFIG]: Watching TOML config file X:\Lariem\lvluping\run\config\ars_nouveau\glyph_self.toml for changes
[09апр.2026 16:43:11.633] [Server thread/DEBUG] [net.neoforged.fml.config.ConfigTracker/CONFIG]: Loaded TOML config file X:\Lariem\lvluping\run\config\ars_nouveau\glyph_pantomime.toml
[09апр.2026 16:43:11.633] [Server thread/DEBUG] [net.neoforged.fml.config.ConfigTracker/CONFIG]: Watching TOML config file X:\Lariem\lvluping\run\config\ars_nouveau\glyph_pantomime.toml for changes
[09апр.2026 16:43:11.634] [Server thread/DEBUG] [net.neoforged.fml.config.ConfigTracker/CONFIG]: Loaded TOML config file X:\Lariem\lvluping\run\config\ars_nouveau\glyph_break.toml
[09апр.2026 16:43:11.635] [Server thread/DEBUG] [net.neoforged.fml.config.ConfigTracker/CONFIG]: Watching TOML config file X:\Lariem\lvluping\run\config\ars_nouveau\glyph_break.toml for changes
[09апр.2026 16:43:11.635] [Server thread/DEBUG] [net.neoforged.fml.config.ConfigTracker/CONFIG]: Loaded TOML config file X:\Lariem\lvluping\run\config\ars_nouveau\glyph_harm.toml
[09апр.2026 16:43:11.636] [Server thread/DEBUG] [net.neoforged.fml.config.ConfigTracker/CONFIG]: Watching TOML config file X:\Lariem\lvluping\run\config\ars_nouveau\glyph_harm.toml for changes
[09апр.2026 16:43:11.637] [Server thread/DEBUG] [net.neoforged.fml.config.ConfigTracker/CONFIG]: Loaded TOML config file X:\Lariem\lvluping\run\config\ars_nouveau\glyph_ignite.toml
[09апр.2026 16:43:11.637] [Server thread/DEBUG] [net.neoforged.fml.config.ConfigTracker/CONFIG]: Watching TOML config file X:\Lariem\lvluping\run\config\ars_nouveau\glyph_ignite.toml for changes
[09апр.2026 16:43:11.638] [Server thread/DEBUG] [net.neoforged.fml.config.ConfigTracker/CONFIG]: Loaded TOML config file X:\Lariem\lvluping\run\config\ars_nouveau\glyph_phantom_block.toml
[09апр.2026 16:43:11.638] [Server thread/DEBUG] [net.neoforged.fml.config.ConfigTracker/CONFIG]: Watching TOML config file X:\Lariem\lvluping\run\config\ars_nouveau\glyph_phantom_block.toml for changes
[09апр.2026 16:43:11.639] [Server thread/DEBUG] [net.neoforged.fml.config.ConfigTracker/CONFIG]: Loaded TOML config file X:\Lariem\lvluping\run\config\ars_nouveau\glyph_heal.toml
[09апр.2026 16:43:11.640] [Server thread/DEBUG] [net.neoforged.fml.config.ConfigTracker/CONFIG]: Watching TOML config file X:\Lariem\lvluping\run\config\ars_nouveau\glyph_heal.toml for changes
[09апр.2026 16:43:11.640] [Server thread/DEBUG] [net.neoforged.fml.config.ConfigTracker/CONFIG]: Loaded TOML config file X:\Lariem\lvluping\run\config\ars_nouveau\glyph_grow.toml
[09апр.2026 16:43:11.641] [Server thread/DEBUG] [net.neoforged.fml.config.ConfigTracker/CONFIG]: Watching TOML config file X:\Lariem\lvluping\run\config\ars_nouveau\glyph_grow.toml for changes
[09апр.2026 16:43:11.642] [Server thread/DEBUG] [net.neoforged.fml.config.ConfigTracker/CONFIG]: Loaded TOML config file X:\Lariem\lvluping\run\config\ars_nouveau\glyph_gust.toml
[09апр.2026 16:43:11.642] [Server thread/DEBUG] [net.neoforged.fml.config.ConfigTracker/CONFIG]: Watching TOML config file X:\Lariem\lvluping\run\config\ars_nouveau\glyph_gust.toml for changes
[09апр.2026 16:43:11.644] [Server thread/DEBUG] [net.neoforged.fml.config.ConfigTracker/CONFIG]: Loaded TOML config file X:\Lariem\lvluping\run\config\ars_nouveau\glyph_light.toml
[09апр.2026 16:43:11.645] [Server thread/DEBUG] [net.neoforged.fml.config.ConfigTracker/CONFIG]: Watching TOML config file X:\Lariem\lvluping\run\config\ars_nouveau\glyph_light.toml for changes
[09апр.2026 16:43:11.646] [Server thread/DEBUG] [net.neoforged.fml.config.ConfigTracker/CONFIG]: Loaded TOML config file X:\Lariem\lvluping\run\config\ars_nouveau\glyph_dispel.toml
[09апр.2026 16:43:11.646] [Server thread/DEBUG] [net.neoforged.fml.config.ConfigTracker/CONFIG]: Watching TOML config file X:\Lariem\lvluping\run\config\ars_nouveau\glyph_dispel.toml for changes
[09апр.2026 16:43:11.647] [Server thread/DEBUG] [net.neoforged.fml.config.ConfigTracker/CONFIG]: Loaded TOML config file X:\Lariem\lvluping\run\config\ars_nouveau\glyph_launch.toml
[09апр.2026 16:43:11.649] [Server thread/DEBUG] [net.neoforged.fml.config.ConfigTracker/CONFIG]: Watching TOML config file X:\Lariem\lvluping\run\config\ars_nouveau\glyph_launch.toml for changes
[09апр.2026 16:43:11.650] [Server thread/DEBUG] [net.neoforged.fml.config.ConfigTracker/CONFIG]: Loaded TOML config file X:\Lariem\lvluping\run\config\ars_nouveau\glyph_pull.toml
[09апр.2026 16:43:11.651] [Server thread/DEBUG] [net.neoforged.fml.config.ConfigTracker/CONFIG]: Watching TOML config file X:\Lariem\lvluping\run\config\ars_nouveau\glyph_pull.toml for changes
[09апр.2026 16:43:11.651] [Server thread/DEBUG] [net.neoforged.fml.config.ConfigTracker/CONFIG]: Loaded TOML config file X:\Lariem\lvluping\run\config\ars_nouveau\glyph_blink.toml
[09апр.2026 16:43:11.653] [Server thread/DEBUG] [net.neoforged.fml.config.ConfigTracker/CONFIG]: Watching TOML config file X:\Lariem\lvluping\run\config\ars_nouveau\glyph_blink.toml for changes
[09апр.2026 16:43:11.653] [Server thread/DEBUG] [net.neoforged.fml.config.ConfigTracker/CONFIG]: Loaded TOML config file X:\Lariem\lvluping\run\config\ars_nouveau\glyph_explosion.toml
[09апр.2026 16:43:11.654] [Server thread/DEBUG] [net.neoforged.fml.config.ConfigTracker/CONFIG]: Watching TOML config file X:\Lariem\lvluping\run\config\ars_nouveau\glyph_explosion.toml for changes
[09апр.2026 16:43:11.655] [Server thread/DEBUG] [net.neoforged.fml.config.ConfigTracker/CONFIG]: Loaded TOML config file X:\Lariem\lvluping\run\config\ars_nouveau\glyph_lightning.toml
[09апр.2026 16:43:11.656] [Server thread/DEBUG] [net.neoforged.fml.config.ConfigTracker/CONFIG]: Watching TOML config file X:\Lariem\lvluping\run\config\ars_nouveau\glyph_lightning.toml for changes
[09апр.2026 16:43:11.657] [Server thread/DEBUG] [net.neoforged.fml.config.ConfigTracker/CONFIG]: Loaded TOML config file X:\Lariem\lvluping\run\config\ars_nouveau\glyph_slowfall.toml
[09апр.2026 16:43:11.657] [Server thread/DEBUG] [net.neoforged.fml.config.ConfigTracker/CONFIG]: Watching TOML config file X:\Lariem\lvluping\run\config\ars_nouveau\glyph_slowfall.toml for changes
[09апр.2026 16:43:11.659] [Server thread/DEBUG] [net.neoforged.fml.config.ConfigTracker/CONFIG]: Loaded TOML config file X:\Lariem\lvluping\run\config\ars_nouveau\glyph_fangs.toml
[09апр.2026 16:43:11.659] [Server thread/DEBUG] [net.neoforged.fml.config.ConfigTracker/CONFIG]: Watching TOML config file X:\Lariem\lvluping\run\config\ars_nouveau\glyph_fangs.toml for changes
[09апр.2026 16:43:11.660] [Server thread/DEBUG] [net.neoforged.fml.config.ConfigTracker/CONFIG]: Loaded TOML config file X:\Lariem\lvluping\run\config\ars_nouveau\glyph_summon_vex.toml
[09апр.2026 16:43:11.661] [Server thread/DEBUG] [net.neoforged.fml.config.ConfigTracker/CONFIG]: Watching TOML config file X:\Lariem\lvluping\run\config\ars_nouveau\glyph_summon_vex.toml for changes
[09апр.2026 16:43:11.661] [Server thread/DEBUG] [net.neoforged.fml.config.ConfigTracker/CONFIG]: Loaded TOML config file X:\Lariem\lvluping\run\config\ars_nouveau\glyph_accelerate.toml
[09апр.2026 16:43:11.662] [Server thread/DEBUG] [net.neoforged.fml.config.ConfigTracker/CONFIG]: Watching TOML config file X:\Lariem\lvluping\run\config\ars_nouveau\glyph_accelerate.toml for changes
[09апр.2026 16:43:11.662] [Server thread/DEBUG] [net.neoforged.fml.config.ConfigTracker/CONFIG]: Loaded TOML config file X:\Lariem\lvluping\run\config\ars_nouveau\glyph_decelerate.toml
[09апр.2026 16:43:11.663] [Server thread/DEBUG] [net.neoforged.fml.config.ConfigTracker/CONFIG]: Watching TOML config file X:\Lariem\lvluping\run\config\ars_nouveau\glyph_decelerate.toml for changes
[09апр.2026 16:43:11.664] [Server thread/DEBUG] [net.neoforged.fml.config.ConfigTracker/CONFIG]: Loaded TOML config file X:\Lariem\lvluping\run\config\ars_nouveau\glyph_split.toml
[09апр.2026 16:43:11.665] [Server thread/DEBUG] [net.neoforged.fml.config.ConfigTracker/CONFIG]: Watching TOML config file X:\Lariem\lvluping\run\config\ars_nouveau\glyph_split.toml for changes
[09апр.2026 16:43:11.666] [Server thread/DEBUG] [net.neoforged.fml.config.ConfigTracker/CONFIG]: Loaded TOML config file X:\Lariem\lvluping\run\config\ars_nouveau\glyph_amplify.toml
[09апр.2026 16:43:11.666] [Server thread/DEBUG] [net.neoforged.fml.config.ConfigTracker/CONFIG]: Watching TOML config file X:\Lariem\lvluping\run\config\ars_nouveau\glyph_amplify.toml for changes
[09апр.2026 16:43:11.667] [Server thread/DEBUG] [net.neoforged.fml.config.ConfigTracker/CONFIG]: Loaded TOML config file X:\Lariem\lvluping\run\config\ars_nouveau\glyph_aoe.toml
[09апр.2026 16:43:11.668] [Server thread/DEBUG] [net.neoforged.fml.config.ConfigTracker/CONFIG]: Watching TOML config file X:\Lariem\lvluping\run\config\ars_nouveau\glyph_aoe.toml for changes
[09апр.2026 16:43:11.668] [Server thread/DEBUG] [net.neoforged.fml.config.ConfigTracker/CONFIG]: Loaded TOML config file X:\Lariem\lvluping\run\config\ars_nouveau\glyph_extend_time.toml
[09апр.2026 16:43:11.669] [Server thread/DEBUG] [net.neoforged.fml.config.ConfigTracker/CONFIG]: Watching TOML config file X:\Lariem\lvluping\run\config\ars_nouveau\glyph_extend_time.toml for changes
[09апр.2026 16:43:11.669] [Server thread/DEBUG] [net.neoforged.fml.config.ConfigTracker/CONFIG]: Loaded TOML config file X:\Lariem\lvluping\run\config\ars_nouveau\glyph_pierce.toml
[09апр.2026 16:43:11.670] [Server thread/DEBUG] [net.neoforged.fml.config.ConfigTracker/CONFIG]: Watching TOML config file X:\Lariem\lvluping\run\config\ars_nouveau\glyph_pierce.toml for changes
[09апр.2026 16:43:11.670] [Server thread/DEBUG] [net.neoforged.fml.config.ConfigTracker/CONFIG]: Loaded TOML config file X:\Lariem\lvluping\run\config\ars_nouveau\glyph_dampen.toml
[09апр.2026 16:43:11.671] [Server thread/DEBUG] [net.neoforged.fml.config.ConfigTracker/CONFIG]: Watching TOML config file X:\Lariem\lvluping\run\config\ars_nouveau\glyph_dampen.toml for changes
[09апр.2026 16:43:11.672] [Server thread/DEBUG] [net.neoforged.fml.config.ConfigTracker/CONFIG]: Loaded TOML config file X:\Lariem\lvluping\run\config\ars_nouveau\glyph_extract.toml
[09апр.2026 16:43:11.673] [Server thread/DEBUG] [net.neoforged.fml.config.ConfigTracker/CONFIG]: Watching TOML config file X:\Lariem\lvluping\run\config\ars_nouveau\glyph_extract.toml for changes
[09апр.2026 16:43:11.673] [Server thread/DEBUG] [net.neoforged.fml.config.ConfigTracker/CONFIG]: Loaded TOML config file X:\Lariem\lvluping\run\config\ars_nouveau\glyph_fortune.toml
[09апр.2026 16:43:11.674] [Server thread/DEBUG] [net.neoforged.fml.config.ConfigTracker/CONFIG]: Watching TOML config file X:\Lariem\lvluping\run\config\ars_nouveau\glyph_fortune.toml for changes
[09апр.2026 16:43:11.675] [Server thread/DEBUG] [net.neoforged.fml.config.ConfigTracker/CONFIG]: Loaded TOML config file X:\Lariem\lvluping\run\config\ars_nouveau\glyph_ender_inventory.toml
[09апр.2026 16:43:11.675] [Server thread/DEBUG] [net.neoforged.fml.config.ConfigTracker/CONFIG]: Watching TOML config file X:\Lariem\lvluping\run\config\ars_nouveau\glyph_ender_inventory.toml for changes
[09апр.2026 16:43:11.676] [Server thread/DEBUG] [net.neoforged.fml.config.ConfigTracker/CONFIG]: Loaded TOML config file X:\Lariem\lvluping\run\config\ars_nouveau\glyph_harvest.toml
[09апр.2026 16:43:11.677] [Server thread/DEBUG] [net.neoforged.fml.config.ConfigTracker/CONFIG]: Watching TOML config file X:\Lariem\lvluping\run\config\ars_nouveau\glyph_harvest.toml for changes
[09апр.2026 16:43:11.678] [Server thread/DEBUG] [net.neoforged.fml.config.ConfigTracker/CONFIG]: Loaded TOML config file X:\Lariem\lvluping\run\config\ars_nouveau\glyph_fell.toml
[09апр.2026 16:43:11.678] [Server thread/DEBUG] [net.neoforged.fml.config.ConfigTracker/CONFIG]: Watching TOML config file X:\Lariem\lvluping\run\config\ars_nouveau\glyph_fell.toml for changes
[09апр.2026 16:43:11.679] [Server thread/DEBUG] [net.neoforged.fml.config.ConfigTracker/CONFIG]: Loaded TOML config file X:\Lariem\lvluping\run\config\ars_nouveau\glyph_pickup.toml
[09апр.2026 16:43:11.679] [Server thread/DEBUG] [net.neoforged.fml.config.ConfigTracker/CONFIG]: Watching TOML config file X:\Lariem\lvluping\run\config\ars_nouveau\glyph_pickup.toml for changes
[09апр.2026 16:43:11.680] [Server thread/DEBUG] [net.neoforged.fml.config.ConfigTracker/CONFIG]: Loaded TOML config file X:\Lariem\lvluping\run\config\ars_nouveau\glyph_interact.toml
[09апр.2026 16:43:11.681] [Server thread/DEBUG] [net.neoforged.fml.config.ConfigTracker/CONFIG]: Watching TOML config file X:\Lariem\lvluping\run\config\ars_nouveau\glyph_interact.toml for changes
[09апр.2026 16:43:11.681] [Server thread/DEBUG] [net.neoforged.fml.config.ConfigTracker/CONFIG]: Loaded TOML config file X:\Lariem\lvluping\run\config\ars_nouveau\glyph_place_block.toml
[09апр.2026 16:43:11.682] [Server thread/DEBUG] [net.neoforged.fml.config.ConfigTracker/CONFIG]: Watching TOML config file X:\Lariem\lvluping\run\config\ars_nouveau\glyph_place_block.toml for changes
[09апр.2026 16:43:11.683] [Server thread/DEBUG] [net.neoforged.fml.config.ConfigTracker/CONFIG]: Loaded TOML config file X:\Lariem\lvluping\run\config\ars_nouveau\glyph_snare.toml
[09апр.2026 16:43:11.683] [Server thread/DEBUG] [net.neoforged.fml.config.ConfigTracker/CONFIG]: Watching TOML config file X:\Lariem\lvluping\run\config\ars_nouveau\glyph_snare.toml for changes
[09апр.2026 16:43:11.684] [Server thread/DEBUG] [net.neoforged.fml.config.ConfigTracker/CONFIG]: Loaded TOML config file X:\Lariem\lvluping\run\config\ars_nouveau\glyph_smelt.toml
[09апр.2026 16:43:11.684] [Server thread/DEBUG] [net.neoforged.fml.config.ConfigTracker/CONFIG]: Watching TOML config file X:\Lariem\lvluping\run\config\ars_nouveau\glyph_smelt.toml for changes
[09апр.2026 16:43:11.685] [Server thread/DEBUG] [net.neoforged.fml.config.ConfigTracker/CONFIG]: Loaded TOML config file X:\Lariem\lvluping\run\config\ars_nouveau\glyph_leap.toml
[09апр.2026 16:43:11.685] [Server thread/DEBUG] [net.neoforged.fml.config.ConfigTracker/CONFIG]: Watching TOML config file X:\Lariem\lvluping\run\config\ars_nouveau\glyph_leap.toml for changes
[09апр.2026 16:43:11.686] [Server thread/DEBUG] [net.neoforged.fml.config.ConfigTracker/CONFIG]: Loaded TOML config file X:\Lariem\lvluping\run\config\ars_nouveau\glyph_delay.toml
[09апр.2026 16:43:11.686] [Server thread/DEBUG] [net.neoforged.fml.config.ConfigTracker/CONFIG]: Watching TOML config file X:\Lariem\lvluping\run\config\ars_nouveau\glyph_delay.toml for changes
[09апр.2026 16:43:11.687] [Server thread/DEBUG] [net.neoforged.fml.config.ConfigTracker/CONFIG]: Loaded TOML config file X:\Lariem\lvluping\run\config\ars_nouveau\glyph_redstone_signal.toml
[09апр.2026 16:43:11.687] [Server thread/DEBUG] [net.neoforged.fml.config.ConfigTracker/CONFIG]: Watching TOML config file X:\Lariem\lvluping\run\config\ars_nouveau\glyph_redstone_signal.toml for changes
[09апр.2026 16:43:11.688] [Server thread/DEBUG] [net.neoforged.fml.config.ConfigTracker/CONFIG]: Loaded TOML config file X:\Lariem\lvluping\run\config\ars_nouveau\glyph_intangible.toml
[09апр.2026 16:43:11.688] [Server thread/DEBUG] [net.neoforged.fml.config.ConfigTracker/CONFIG]: Watching TOML config file X:\Lariem\lvluping\run\config\ars_nouveau\glyph_intangible.toml for changes
[09апр.2026 16:43:11.689] [Server thread/DEBUG] [net.neoforged.fml.config.ConfigTracker/CONFIG]: Loaded TOML config file X:\Lariem\lvluping\run\config\ars_nouveau\glyph_invisibility.toml
[09апр.2026 16:43:11.690] [Server thread/DEBUG] [net.neoforged.fml.config.ConfigTracker/CONFIG]: Watching TOML config file X:\Lariem\lvluping\run\config\ars_nouveau\glyph_invisibility.toml for changes
[09апр.2026 16:43:11.691] [Server thread/DEBUG] [net.neoforged.fml.config.ConfigTracker/CONFIG]: Loaded TOML config file X:\Lariem\lvluping\run\config\ars_nouveau\glyph_duration_down.toml
[09апр.2026 16:43:11.691] [Server thread/DEBUG] [net.neoforged.fml.config.ConfigTracker/CONFIG]: Watching TOML config file X:\Lariem\lvluping\run\config\ars_nouveau\glyph_duration_down.toml for changes
[09апр.2026 16:43:11.692] [Server thread/DEBUG] [net.neoforged.fml.config.ConfigTracker/CONFIG]: Loaded TOML config file X:\Lariem\lvluping\run\config\ars_nouveau\glyph_wither.toml
[09апр.2026 16:43:11.692] [Server thread/DEBUG] [net.neoforged.fml.config.ConfigTracker/CONFIG]: Watching TOML config file X:\Lariem\lvluping\run\config\ars_nouveau\glyph_wither.toml for changes
[09апр.2026 16:43:11.693] [Server thread/DEBUG] [net.neoforged.fml.config.ConfigTracker/CONFIG]: Loaded TOML config file X:\Lariem\lvluping\run\config\ars_nouveau\glyph_exchange.toml
[09апр.2026 16:43:11.693] [Server thread/DEBUG] [net.neoforged.fml.config.ConfigTracker/CONFIG]: Watching TOML config file X:\Lariem\lvluping\run\config\ars_nouveau\glyph_exchange.toml for changes
[09апр.2026 16:43:11.693] [Server thread/DEBUG] [net.neoforged.fml.config.ConfigTracker/CONFIG]: Loaded TOML config file X:\Lariem\lvluping\run\config\ars_nouveau\glyph_craft.toml
[09апр.2026 16:43:11.694] [Server thread/DEBUG] [net.neoforged.fml.config.ConfigTracker/CONFIG]: Watching TOML config file X:\Lariem\lvluping\run\config\ars_nouveau\glyph_craft.toml for changes
[09апр.2026 16:43:11.694] [Server thread/DEBUG] [net.neoforged.fml.config.ConfigTracker/CONFIG]: Loaded TOML config file X:\Lariem\lvluping\run\config\ars_nouveau\glyph_flare.toml
[09апр.2026 16:43:11.695] [Server thread/DEBUG] [net.neoforged.fml.config.ConfigTracker/CONFIG]: Watching TOML config file X:\Lariem\lvluping\run\config\ars_nouveau\glyph_flare.toml for changes
[09апр.2026 16:43:11.695] [Server thread/DEBUG] [net.neoforged.fml.config.ConfigTracker/CONFIG]: Loaded TOML config file X:\Lariem\lvluping\run\config\ars_nouveau\glyph_cold_snap.toml
[09апр.2026 16:43:11.696] [Server thread/DEBUG] [net.neoforged.fml.config.ConfigTracker/CONFIG]: Watching TOML config file X:\Lariem\lvluping\run\config\ars_nouveau\glyph_cold_snap.toml for changes
[09апр.2026 16:43:11.697] [Server thread/DEBUG] [net.neoforged.fml.config.ConfigTracker/CONFIG]: Loaded TOML config file X:\Lariem\lvluping\run\config\ars_nouveau\glyph_conjure_water.toml
[09апр.2026 16:43:11.697] [Server thread/DEBUG] [net.neoforged.fml.config.ConfigTracker/CONFIG]: Watching TOML config file X:\Lariem\lvluping\run\config\ars_nouveau\glyph_conjure_water.toml for changes
[09апр.2026 16:43:11.698] [Server thread/DEBUG] [net.neoforged.fml.config.ConfigTracker/CONFIG]: Loaded TOML config file X:\Lariem\lvluping\run\config\ars_nouveau\glyph_gravity.toml
[09апр.2026 16:43:11.699] [Server thread/DEBUG] [net.neoforged.fml.config.ConfigTracker/CONFIG]: Watching TOML config file X:\Lariem\lvluping\run\config\ars_nouveau\glyph_gravity.toml for changes
[09апр.2026 16:43:11.700] [Server thread/DEBUG] [net.neoforged.fml.config.ConfigTracker/CONFIG]: Loaded TOML config file X:\Lariem\lvluping\run\config\ars_nouveau\glyph_cut.toml
[09апр.2026 16:43:11.700] [Server thread/DEBUG] [net.neoforged.fml.config.ConfigTracker/CONFIG]: Watching TOML config file X:\Lariem\lvluping\run\config\ars_nouveau\glyph_cut.toml for changes
[09апр.2026 16:43:11.701] [Server thread/DEBUG] [net.neoforged.fml.config.ConfigTracker/CONFIG]: Loaded TOML config file X:\Lariem\lvluping\run\config\ars_nouveau\glyph_crush.toml
[09апр.2026 16:43:11.701] [Server thread/DEBUG] [net.neoforged.fml.config.ConfigTracker/CONFIG]: Watching TOML config file X:\Lariem\lvluping\run\config\ars_nouveau\glyph_crush.toml for changes
[09апр.2026 16:43:11.702] [Server thread/DEBUG] [net.neoforged.fml.config.ConfigTracker/CONFIG]: Loaded TOML config file X:\Lariem\lvluping\run\config\ars_nouveau\glyph_summon_wolves.toml
[09апр.2026 16:43:11.702] [Server thread/DEBUG] [net.neoforged.fml.config.ConfigTracker/CONFIG]: Watching TOML config file X:\Lariem\lvluping\run\config\ars_nouveau\glyph_summon_wolves.toml for changes
[09апр.2026 16:43:11.703] [Server thread/DEBUG] [net.neoforged.fml.config.ConfigTracker/CONFIG]: Loaded TOML config file X:\Lariem\lvluping\run\config\ars_nouveau\glyph_summon_steed.toml
[09апр.2026 16:43:11.703] [Server thread/DEBUG] [net.neoforged.fml.config.ConfigTracker/CONFIG]: Watching TOML config file X:\Lariem\lvluping\run\config\ars_nouveau\glyph_summon_steed.toml for changes
[09апр.2026 16:43:11.704] [Server thread/DEBUG] [net.neoforged.fml.config.ConfigTracker/CONFIG]: Loaded TOML config file X:\Lariem\lvluping\run\config\ars_nouveau\glyph_summon_decoy.toml
[09апр.2026 16:43:11.705] [Server thread/DEBUG] [net.neoforged.fml.config.ConfigTracker/CONFIG]: Watching TOML config file X:\Lariem\lvluping\run\config\ars_nouveau\glyph_summon_decoy.toml for changes
[09апр.2026 16:43:11.705] [Server thread/DEBUG] [net.neoforged.fml.config.ConfigTracker/CONFIG]: Loaded TOML config file X:\Lariem\lvluping\run\config\ars_nouveau\glyph_hex.toml
[09апр.2026 16:43:11.706] [Server thread/DEBUG] [net.neoforged.fml.config.ConfigTracker/CONFIG]: Watching TOML config file X:\Lariem\lvluping\run\config\ars_nouveau\glyph_hex.toml for changes
[09апр.2026 16:43:11.707] [Server thread/DEBUG] [net.neoforged.fml.config.ConfigTracker/CONFIG]: Loaded TOML config file X:\Lariem\lvluping\run\config\ars_nouveau\glyph_underfoot.toml
[09апр.2026 16:43:11.708] [Server thread/DEBUG] [net.neoforged.fml.config.ConfigTracker/CONFIG]: Watching TOML config file X:\Lariem\lvluping\run\config\ars_nouveau\glyph_underfoot.toml for changes
[09апр.2026 16:43:11.708] [Server thread/DEBUG] [net.neoforged.fml.config.ConfigTracker/CONFIG]: Loaded TOML config file X:\Lariem\lvluping\run\config\ars_nouveau\glyph_glide.toml
[09апр.2026 16:43:11.709] [Server thread/DEBUG] [net.neoforged.fml.config.ConfigTracker/CONFIG]: Watching TOML config file X:\Lariem\lvluping\run\config\ars_nouveau\glyph_glide.toml for changes
[09апр.2026 16:43:11.710] [Server thread/DEBUG] [net.neoforged.fml.config.ConfigTracker/CONFIG]: Loaded TOML config file X:\Lariem\lvluping\run\config\ars_nouveau\glyph_rune.toml
[09апр.2026 16:43:11.710] [Server thread/DEBUG] [net.neoforged.fml.config.ConfigTracker/CONFIG]: Watching TOML config file X:\Lariem\lvluping\run\config\ars_nouveau\glyph_rune.toml for changes
[09апр.2026 16:43:11.711] [Server thread/DEBUG] [net.neoforged.fml.config.ConfigTracker/CONFIG]: Loaded TOML config file X:\Lariem\lvluping\run\config\ars_nouveau\glyph_freeze.toml
[09апр.2026 16:43:11.711] [Server thread/DEBUG] [net.neoforged.fml.config.ConfigTracker/CONFIG]: Watching TOML config file X:\Lariem\lvluping\run\config\ars_nouveau\glyph_freeze.toml for changes
[09апр.2026 16:43:11.712] [Server thread/DEBUG] [net.neoforged.fml.config.ConfigTracker/CONFIG]: Loaded TOML config file X:\Lariem\lvluping\run\config\ars_nouveau\glyph_name.toml
[09апр.2026 16:43:11.712] [Server thread/DEBUG] [net.neoforged.fml.config.ConfigTracker/CONFIG]: Watching TOML config file X:\Lariem\lvluping\run\config\ars_nouveau\glyph_name.toml for changes
[09апр.2026 16:43:11.713] [Server thread/DEBUG] [net.neoforged.fml.config.ConfigTracker/CONFIG]: Loaded TOML config file X:\Lariem\lvluping\run\config\ars_nouveau\glyph_summon_undead.toml
[09апр.2026 16:43:11.714] [Server thread/DEBUG] [net.neoforged.fml.config.ConfigTracker/CONFIG]: Watching TOML config file X:\Lariem\lvluping\run\config\ars_nouveau\glyph_summon_undead.toml for changes
[09апр.2026 16:43:11.714] [Server thread/DEBUG] [net.neoforged.fml.config.ConfigTracker/CONFIG]: Loaded TOML config file X:\Lariem\lvluping\run\config\ars_nouveau\glyph_firework.toml
[09апр.2026 16:43:11.715] [Server thread/DEBUG] [net.neoforged.fml.config.ConfigTracker/CONFIG]: Watching TOML config file X:\Lariem\lvluping\run\config\ars_nouveau\glyph_firework.toml for changes
[09апр.2026 16:43:11.715] [Server thread/DEBUG] [net.neoforged.fml.config.ConfigTracker/CONFIG]: Loaded TOML config file X:\Lariem\lvluping\run\config\ars_nouveau\glyph_toss.toml
[09апр.2026 16:43:11.716] [Server thread/DEBUG] [net.neoforged.fml.config.ConfigTracker/CONFIG]: Watching TOML config file X:\Lariem\lvluping\run\config\ars_nouveau\glyph_toss.toml for changes
[09апр.2026 16:43:11.717] [Server thread/DEBUG] [net.neoforged.fml.config.ConfigTracker/CONFIG]: Loaded TOML config file X:\Lariem\lvluping\run\config\ars_nouveau\glyph_bounce.toml
[09апр.2026 16:43:11.717] [Server thread/DEBUG] [net.neoforged.fml.config.ConfigTracker/CONFIG]: Watching TOML config file X:\Lariem\lvluping\run\config\ars_nouveau\glyph_bounce.toml for changes
[09апр.2026 16:43:11.717] [Server thread/DEBUG] [net.neoforged.fml.config.ConfigTracker/CONFIG]: Loaded TOML config file X:\Lariem\lvluping\run\config\ars_nouveau\glyph_sensitive.toml
[09апр.2026 16:43:11.718] [Server thread/DEBUG] [net.neoforged.fml.config.ConfigTracker/CONFIG]: Watching TOML config file X:\Lariem\lvluping\run\config\ars_nouveau\glyph_sensitive.toml for changes
[09апр.2026 16:43:11.718] [Server thread/DEBUG] [net.neoforged.fml.config.ConfigTracker/CONFIG]: Loaded TOML config file X:\Lariem\lvluping\run\config\ars_nouveau\glyph_wind_shear.toml
[09апр.2026 16:43:11.718] [Server thread/DEBUG] [net.neoforged.fml.config.ConfigTracker/CONFIG]: Watching TOML config file X:\Lariem\lvluping\run\config\ars_nouveau\glyph_wind_shear.toml for changes
[09апр.2026 16:43:11.719] [Server thread/DEBUG] [net.neoforged.fml.config.ConfigTracker/CONFIG]: Loaded TOML config file X:\Lariem\lvluping\run\config\ars_nouveau\glyph_evaporate.toml
[09апр.2026 16:43:11.719] [Server thread/DEBUG] [net.neoforged.fml.config.ConfigTracker/CONFIG]: Watching TOML config file X:\Lariem\lvluping\run\config\ars_nouveau\glyph_evaporate.toml for changes
[09апр.2026 16:43:11.720] [Server thread/DEBUG] [net.neoforged.fml.config.ConfigTracker/CONFIG]: Loaded TOML config file X:\Lariem\lvluping\run\config\ars_nouveau\glyph_linger.toml
[09апр.2026 16:43:11.720] [Server thread/DEBUG] [net.neoforged.fml.config.ConfigTracker/CONFIG]: Watching TOML config file X:\Lariem\lvluping\run\config\ars_nouveau\glyph_linger.toml for changes
[09апр.2026 16:43:11.720] [Server thread/DEBUG] [net.neoforged.fml.config.ConfigTracker/CONFIG]: Loaded TOML config file X:\Lariem\lvluping\run\config\ars_nouveau\glyph_sense_magic.toml
[09апр.2026 16:43:11.721] [Server thread/DEBUG] [net.neoforged.fml.config.ConfigTracker/CONFIG]: Watching TOML config file X:\Lariem\lvluping\run\config\ars_nouveau\glyph_sense_magic.toml for changes
[09апр.2026 16:43:11.721] [Server thread/DEBUG] [net.neoforged.fml.config.ConfigTracker/CONFIG]: Loaded TOML config file X:\Lariem\lvluping\run\config\ars_nouveau\glyph_infuse.toml
[09апр.2026 16:43:11.721] [Server thread/DEBUG] [net.neoforged.fml.config.ConfigTracker/CONFIG]: Watching TOML config file X:\Lariem\lvluping\run\config\ars_nouveau\glyph_infuse.toml for changes
[09апр.2026 16:43:11.722] [Server thread/DEBUG] [net.neoforged.fml.config.ConfigTracker/CONFIG]: Loaded TOML config file X:\Lariem\lvluping\run\config\ars_nouveau\glyph_rotate.toml
[09апр.2026 16:43:11.723] [Server thread/DEBUG] [net.neoforged.fml.config.ConfigTracker/CONFIG]: Watching TOML config file X:\Lariem\lvluping\run\config\ars_nouveau\glyph_rotate.toml for changes
[09апр.2026 16:43:11.723] [Server thread/DEBUG] [net.neoforged.fml.config.ConfigTracker/CONFIG]: Loaded TOML config file X:\Lariem\lvluping\run\config\ars_nouveau\glyph_wall.toml
[09апр.2026 16:43:11.723] [Server thread/DEBUG] [net.neoforged.fml.config.ConfigTracker/CONFIG]: Watching TOML config file X:\Lariem\lvluping\run\config\ars_nouveau\glyph_wall.toml for changes
[09апр.2026 16:43:11.723] [Server thread/DEBUG] [net.neoforged.fml.config.ConfigTracker/CONFIG]: Loaded TOML config file X:\Lariem\lvluping\run\config\ars_nouveau\glyph_animate_block.toml
[09апр.2026 16:43:11.724] [Server thread/DEBUG] [net.neoforged.fml.config.ConfigTracker/CONFIG]: Watching TOML config file X:\Lariem\lvluping\run\config\ars_nouveau\glyph_animate_block.toml for changes
[09апр.2026 16:43:11.724] [Server thread/DEBUG] [net.neoforged.fml.config.ConfigTracker/CONFIG]: Loaded TOML config file X:\Lariem\lvluping\run\config\ars_nouveau\glyph_burst.toml
[09апр.2026 16:43:11.724] [Server thread/DEBUG] [net.neoforged.fml.config.ConfigTracker/CONFIG]: Watching TOML config file X:\Lariem\lvluping\run\config\ars_nouveau\glyph_burst.toml for changes
[09апр.2026 16:43:11.725] [Server thread/DEBUG] [net.neoforged.fml.config.ConfigTracker/CONFIG]: Loaded TOML config file X:\Lariem\lvluping\run\config\ars_nouveau\glyph_randomize.toml
[09апр.2026 16:43:11.725] [Server thread/DEBUG] [net.neoforged.fml.config.ConfigTracker/CONFIG]: Watching TOML config file X:\Lariem\lvluping\run\config\ars_nouveau\glyph_randomize.toml for changes
[09апр.2026 16:43:11.725] [Server thread/DEBUG] [net.neoforged.fml.config.ConfigTracker/CONFIG]: Loaded TOML config file X:\Lariem\lvluping\run\config\ars_nouveau\glyph_orbit.toml
[09апр.2026 16:43:11.726] [Server thread/DEBUG] [net.neoforged.fml.config.ConfigTracker/CONFIG]: Watching TOML config file X:\Lariem\lvluping\run\config\ars_nouveau\glyph_orbit.toml for changes
[09апр.2026 16:43:11.726] [Server thread/DEBUG] [net.neoforged.fml.config.ConfigTracker/CONFIG]: Loaded TOML config file X:\Lariem\lvluping\run\config\ars_nouveau\reset.toml
[09апр.2026 16:43:11.726] [Server thread/DEBUG] [net.neoforged.fml.config.ConfigTracker/CONFIG]: Watching TOML config file X:\Lariem\lvluping\run\config\ars_nouveau\reset.toml for changes
[09апр.2026 16:43:11.726] [Server thread/DEBUG] [net.neoforged.fml.config.ConfigTracker/CONFIG]: Loaded TOML config file X:\Lariem\lvluping\run\config\ars_nouveau\wololo.toml
[09апр.2026 16:43:11.727] [Server thread/DEBUG] [net.neoforged.fml.config.ConfigTracker/CONFIG]: Watching TOML config file X:\Lariem\lvluping\run\config\ars_nouveau\wololo.toml for changes
[09апр.2026 16:43:11.727] [Server thread/DEBUG] [net.neoforged.fml.config.ConfigTracker/CONFIG]: Loaded TOML config file X:\Lariem\lvluping\run\config\ars_nouveau\rewind.toml
[09апр.2026 16:43:11.727] [Server thread/DEBUG] [net.neoforged.fml.config.ConfigTracker/CONFIG]: Watching TOML config file X:\Lariem\lvluping\run\config\ars_nouveau\rewind.toml for changes
[09апр.2026 16:43:11.728] [Server thread/DEBUG] [net.neoforged.fml.config.ConfigTracker/CONFIG]: Loaded TOML config file X:\Lariem\lvluping\run\config\ars_nouveau\glyph_bubble.toml
[09апр.2026 16:43:11.728] [Server thread/DEBUG] [net.neoforged.fml.config.ConfigTracker/CONFIG]: Watching TOML config file X:\Lariem\lvluping\run\config\ars_nouveau\glyph_bubble.toml for changes
[09апр.2026 16:43:11.728] [Server thread/DEBUG] [net.neoforged.fml.config.ConfigTracker/CONFIG]: Loaded TOML config file X:\Lariem\lvluping\run\config\ars_nouveau\glyph_wind_burst.toml
[09апр.2026 16:43:11.729] [Server thread/DEBUG] [net.neoforged.fml.config.ConfigTracker/CONFIG]: Watching TOML config file X:\Lariem\lvluping\run\config\ars_nouveau\glyph_wind_burst.toml for changes
[09апр.2026 16:43:11.729] [Server thread/DEBUG] [net.neoforged.fml.config.ConfigTracker/CONFIG]: Loaded TOML config file X:\Lariem\lvluping\run\config\ars_nouveau\glyph_prestidigitation.toml
[09апр.2026 16:43:11.729] [Server thread/DEBUG] [net.neoforged.fml.config.ConfigTracker/CONFIG]: Watching TOML config file X:\Lariem\lvluping\run\config\ars_nouveau\glyph_prestidigitation.toml for changes
[09апр.2026 16:43:11.730] [Server thread/DEBUG] [net.neoforged.fml.config.ConfigTracker/CONFIG]: Loaded TOML config file X:\Lariem\lvluping\run\config\ars_nouveau-server.toml
[09апр.2026 16:43:11.730] [Server thread/DEBUG] [net.neoforged.fml.config.ConfigTracker/CONFIG]: Watching TOML config file X:\Lariem\lvluping\run\config\ars_nouveau-server.toml for changes
[09апр.2026 16:43:11.800] [Server thread/DEBUG] [mixin/]: Mixing camera.ChunkMapMixin from ars_nouveau.mixins.json into net.minecraft.server.level.ChunkMap
[09апр.2026 16:43:11.802] [Server thread/DEBUG] [mixin/]: Renaming synthetic method lambda$an$onUpdateChunkTracking$2(Lnet/minecraft/server/level/ServerPlayer;Lnet/minecraft/world/level/ChunkPos;)V to md47713b$ars_nouveau$lambda$an$onUpdateChunkTracking$2$0 in ars_nouveau.mixins.json:camera.ChunkMapMixin from mod ars_nouveau
[09апр.2026 16:43:11.802] [Server thread/DEBUG] [mixin/]: Renaming synthetic method lambda$an$onUpdateChunkTracking$1(Lnet/minecraft/world/level/ChunkPos;)V to md47713b$ars_nouveau$lambda$an$onUpdateChunkTracking$1$1 in ars_nouveau.mixins.json:camera.ChunkMapMixin from mod ars_nouveau
[09апр.2026 16:43:11.802] [Server thread/DEBUG] [mixin/]: Renaming synthetic method lambda$an$onUpdateChunkTracking$0(Lnet/minecraft/server/level/ServerPlayer;Lnet/minecraft/world/level/ChunkPos;)V to md47713b$ars_nouveau$lambda$an$onUpdateChunkTracking$0$2 in ars_nouveau.mixins.json:camera.ChunkMapMixin from mod ars_nouveau
[09апр.2026 16:43:11.811] [Server thread/DEBUG] [mixin/]: ars_nouveau.mixins.json:camera.ChunkMapMixin from mod ars_nouveau->@Inject::an$onUpdateChunkTracking(Lnet/minecraft/server/level/ServerPlayer;Lorg/spongepowered/asm/mixin/injection/callback/CallbackInfo;)V doesn't use it's CallbackInfo
[09апр.2026 16:43:11.811] [Server thread/DEBUG] [mixin/]: ars_nouveau.mixins.json:camera.ChunkMapMixin from mod ars_nouveau->@Inject::an$onUpdateChunkTracking(Lnet/minecraft/server/level/ServerPlayer;Lorg/spongepowered/asm/mixin/injection/callback/CallbackInfo;)V has 0 override(s) in child classes
[09апр.2026 16:43:11.811] [Server thread/DEBUG] [mixin/]: ars_nouveau.mixins.json:camera.ChunkMapMixin from mod ars_nouveau->@Inject::an$onUpdateChunkTracking(Lnet/minecraft/server/level/ServerPlayer;Lorg/spongepowered/asm/mixin/injection/callback/CallbackInfo;)V won't be passed a CallbackInfo as a result
[09апр.2026 16:43:11.811] [Server thread/DEBUG] [mixin/]: ars_nouveau.mixins.json:camera.ChunkMapMixin from mod ars_nouveau->@Inject::an$sendChunksToCameras(Lnet/minecraft/world/level/chunk/LevelChunk;Lorg/spongepowered/asm/mixin/injection/callback/CallbackInfo;)V doesn't use it's CallbackInfo
[09апр.2026 16:43:11.811] [Server thread/DEBUG] [mixin/]: ars_nouveau.mixins.json:camera.ChunkMapMixin from mod ars_nouveau->@Inject::an$sendChunksToCameras(Lnet/minecraft/world/level/chunk/LevelChunk;Lorg/spongepowered/asm/mixin/injection/callback/CallbackInfo;)V has 0 override(s) in child classes
[09апр.2026 16:43:11.811] [Server thread/DEBUG] [mixin/]: ars_nouveau.mixins.json:camera.ChunkMapMixin from mod ars_nouveau->@Inject::an$sendChunksToCameras(Lnet/minecraft/world/level/chunk/LevelChunk;Lorg/spongepowered/asm/mixin/injection/callback/CallbackInfo;)V won't be passed a CallbackInfo as a result
[09апр.2026 16:43:11.811] [Server thread/DEBUG] [mixin/]: ars_nouveau.mixins.json:camera.ChunkMapMixin from mod ars_nouveau->@Inject::an$onIsChunkTracked(Lnet/minecraft/server/level/ServerPlayer;IILorg/spongepowered/asm/mixin/injection/callback/CallbackInfoReturnable;)V does use it's CallbackInfoReturnable
[09апр.2026 16:43:12.469] [Server thread/INFO] [net.minecraft.server.MinecraftServer/]: Preparing start region for dimension minecraft:overworld
[09апр.2026 16:43:12.679] [progressListener/INFO] [net.minecraft.server.level.progress.LoggerChunkProgressListener/]: Подготовка области возрождения: 0%
[09апр.2026 16:43:12.784] [Server thread/INFO] [net.neoforged.neoforge.server.permission.PermissionAPI/]: Successfully initialized permission handler neoforge:default_handler
[09апр.2026 16:43:12.796] [Server thread/INFO] [org.mrutcka.lvluping.LvlupingMod/]: LVLuping: данные игроков и пресет — X:\Lariem\lvluping\run\lvluping
[09апр.2026 16:43:12.797] [progressListener/INFO] [net.minecraft.server.level.progress.LoggerChunkProgressListener/]: Time elapsed: 323 ms
[09апр.2026 16:43:13.002] [Server thread/DEBUG] [mixin/]: Mixing camera.TrackedEntityMixin from ars_nouveau.mixins.json into net.minecraft.server.level.ChunkMap$TrackedEntity
[09апр.2026 16:43:13.030] [Server thread/INFO] [net.minecraft.client.server.IntegratedServer/]: Changing view distance to 12, from 10
[09апр.2026 16:43:13.030] [Server thread/INFO] [net.minecraft.client.server.IntegratedServer/]: Changing simulation distance to 12, from 0
[09апр.2026 16:43:13.046] [Render thread/DEBUG] [io.netty.channel.MultithreadEventLoopGroup/]: -Dio.netty.eventLoopThreads: 32
[09апр.2026 16:43:13.055] [Render thread/DEBUG] [io.netty.util.concurrent.GlobalEventExecutor/]: -Dio.netty.globalEventExecutor.quietPeriodSeconds: 1
[09апр.2026 16:43:13.065] [Render thread/DEBUG] [io.netty.channel.nio.NioEventLoop/]: -Dio.netty.noKeySetOptimization: false
[09апр.2026 16:43:13.065] [Render thread/DEBUG] [io.netty.channel.nio.NioEventLoop/]: -Dio.netty.selectorAutoRebuildThreshold: 512
[09апр.2026 16:43:13.070] [Render thread/DEBUG] [io.netty.util.internal.PlatformDependent/]: org.jctools-core.MpscChunkedArrayQueue: available
[09апр.2026 16:43:13.144] [Render thread/DEBUG] [io.netty.channel.DefaultChannelId/]: -Dio.netty.processId: 22660 (auto-detected)
[09апр.2026 16:43:13.146] [Render thread/DEBUG] [io.netty.util.NetUtil/]: -Djava.net.preferIPv4Stack: false
[09апр.2026 16:43:13.147] [Render thread/DEBUG] [io.netty.util.NetUtil/]: -Djava.net.preferIPv6Addresses: system
[09апр.2026 16:43:13.151] [Render thread/DEBUG] [io.netty.util.NetUtilInitializations/]: Loopback interface: loopback_0 (Software Loopback Interface 1, 0:0:0:0:0:0:0:1)
[09апр.2026 16:43:13.154] [Render thread/DEBUG] [io.netty.util.NetUtil/]: Failed to get SOMAXCONN from sysctl and file \proc\sys\net\core\somaxconn. Default: 200
[09апр.2026 16:43:13.156] [Render thread/DEBUG] [io.netty.channel.DefaultChannelId/]: -Dio.netty.machineId: 00:00:00:00:00:00:00:e0 (auto-detected)
[09апр.2026 16:43:13.232] [Render thread/DEBUG] [io.netty.util.Recycler/]: -Dio.netty.recycler.maxCapacityPerThread: 4096
[09апр.2026 16:43:13.232] [Render thread/DEBUG] [io.netty.util.Recycler/]: -Dio.netty.recycler.ratio: 8
[09апр.2026 16:43:13.232] [Render thread/DEBUG] [io.netty.util.Recycler/]: -Dio.netty.recycler.chunkSize: 32
[09апр.2026 16:43:13.232] [Render thread/DEBUG] [io.netty.util.Recycler/]: -Dio.netty.recycler.blocking: false
[09апр.2026 16:43:13.233] [Render thread/DEBUG] [io.netty.util.Recycler/]: -Dio.netty.recycler.batchFastThreadLocalOnly: true
[09апр.2026 16:43:13.418] [Netty Server IO #1/DEBUG] [net.neoforged.neoforge.network.filters.NetworkFilters/]: Injected net.neoforged.neoforge.network.filters.GenericPacketSplitter@768ff287 into net.minecraft.network.Connection@715ae8f3
[09апр.2026 16:43:13.432] [Netty Local Client IO #0/DEBUG] [net.neoforged.neoforge.network.filters.NetworkFilters/]: Injected net.neoforged.neoforge.network.filters.GenericPacketSplitter@47b61ac9 into net.minecraft.network.Connection@5f3b219f
[09апр.2026 16:43:13.649] [Netty Server IO #1/DEBUG] [net.neoforged.neoforge.network.filters.NetworkFilters/]: Injected net.neoforged.neoforge.network.filters.GenericPacketSplitter@15b5ad15 into net.minecraft.network.Connection@715ae8f3
[09апр.2026 16:43:13.686] [Server thread/INFO] [net.minecraft.server.players.PlayerList/]: Dev[local:E:ea08ab66] logged in with entity id 43 at (5.9637921896809205, 70.0, 103.07519372900025)
[09апр.2026 16:43:13.709] [Render thread/DEBUG] [mixin/]: Mixing camera.ClientChunkCacheMixin from ars_nouveau.mixins.json into net.minecraft.client.multiplayer.ClientChunkCache
[09апр.2026 16:43:13.722] [Render thread/DEBUG] [mixin/]: ars_nouveau.mixins.json:camera.ClientChunkCacheMixin from mod ars_nouveau->@Inject::an$onInit(Lnet/minecraft/client/multiplayer/ClientLevel;ILorg/spongepowered/asm/mixin/injection/callback/CallbackInfo;)V doesn't use it's CallbackInfo
[09апр.2026 16:43:13.722] [Render thread/DEBUG] [mixin/]: ars_nouveau.mixins.json:camera.ClientChunkCacheMixin from mod ars_nouveau->@Inject::an$onInit(Lnet/minecraft/client/multiplayer/ClientLevel;ILorg/spongepowered/asm/mixin/injection/callback/CallbackInfo;)V has 0 override(s) in child classes
[09апр.2026 16:43:13.723] [Render thread/DEBUG] [mixin/]: ars_nouveau.mixins.json:camera.ClientChunkCacheMixin from mod ars_nouveau->@Inject::an$onInit(Lnet/minecraft/client/multiplayer/ClientLevel;ILorg/spongepowered/asm/mixin/injection/callback/CallbackInfo;)V won't be passed a CallbackInfo as a result
[09апр.2026 16:43:13.723] [Render thread/DEBUG] [mixin/]: ars_nouveau.mixins.json:camera.ClientChunkCacheMixin from mod ars_nouveau->@Inject::an$onUpdateViewRadius(ILorg/spongepowered/asm/mixin/injection/callback/CallbackInfo;)V doesn't use it's CallbackInfo
[09апр.2026 16:43:13.723] [Render thread/DEBUG] [mixin/]: ars_nouveau.mixins.json:camera.ClientChunkCacheMixin from mod ars_nouveau->@Inject::an$onUpdateViewRadius(ILorg/spongepowered/asm/mixin/injection/callback/CallbackInfo;)V has 0 override(s) in child classes
[09апр.2026 16:43:13.723] [Render thread/DEBUG] [mixin/]: ars_nouveau.mixins.json:camera.ClientChunkCacheMixin from mod ars_nouveau->@Inject::an$onUpdateViewRadius(ILorg/spongepowered/asm/mixin/injection/callback/CallbackInfo;)V won't be passed a CallbackInfo as a result
[09апр.2026 16:43:13.723] [Render thread/DEBUG] [mixin/]: ars_nouveau.mixins.json:camera.ClientChunkCacheMixin from mod ars_nouveau->@Inject::an$onDrop(Lnet/minecraft/world/level/ChunkPos;Lorg/spongepowered/asm/mixin/injection/callback/CallbackInfo;)V doesn't use it's CallbackInfo
[09апр.2026 16:43:13.723] [Render thread/DEBUG] [mixin/]: ars_nouveau.mixins.json:camera.ClientChunkCacheMixin from mod ars_nouveau->@Inject::an$onDrop(Lnet/minecraft/world/level/ChunkPos;Lorg/spongepowered/asm/mixin/injection/callback/CallbackInfo;)V has 0 override(s) in child classes
[09апр.2026 16:43:13.723] [Render thread/DEBUG] [mixin/]: ars_nouveau.mixins.json:camera.ClientChunkCacheMixin from mod ars_nouveau->@Inject::an$onDrop(Lnet/minecraft/world/level/ChunkPos;Lorg/spongepowered/asm/mixin/injection/callback/CallbackInfo;)V won't be passed a CallbackInfo as a result
[09апр.2026 16:43:13.723] [Render thread/DEBUG] [mixin/]: ars_nouveau.mixins.json:camera.ClientChunkCacheMixin from mod ars_nouveau->@Inject::as$useStorage(IILnet/minecraft/network/FriendlyByteBuf;Lnet/minecraft/nbt/CompoundTag;Ljava/util/function/Consumer;Lorg/spongepowered/asm/mixin/injection/callback/CallbackInfoReturnable;)V doesn't use it's CallbackInfoReturnable
[09апр.2026 16:43:13.723] [Render thread/DEBUG] [mixin/]: ars_nouveau.mixins.json:camera.ClientChunkCacheMixin from mod ars_nouveau->@Inject::as$useStorage(IILnet/minecraft/network/FriendlyByteBuf;Lnet/minecraft/nbt/CompoundTag;Ljava/util/function/Consumer;Lorg/spongepowered/asm/mixin/injection/callback/CallbackInfoReturnable;)V has 0 override(s) in child classes
[09апр.2026 16:43:13.723] [Render thread/DEBUG] [mixin/]: ars_nouveau.mixins.json:camera.ClientChunkCacheMixin from mod ars_nouveau->@Inject::as$useStorage(IILnet/minecraft/network/FriendlyByteBuf;Lnet/minecraft/nbt/CompoundTag;Ljava/util/function/Consumer;Lorg/spongepowered/asm/mixin/injection/callback/CallbackInfoReturnable;)V won't be passed a CallbackInfoReturnable as a result
[09апр.2026 16:43:13.727] [Render thread/DEBUG] [mixin/]: ars_nouveau.mixins.json:camera.ClientChunkCacheMixin from mod ars_nouveau->@Inject::an$onGetChunk(IILnet/minecraft/world/level/chunk/status/ChunkStatus;ZLorg/spongepowered/asm/mixin/injection/callback/CallbackInfoReturnable;)V does use it's CallbackInfoReturnable
[09апр.2026 16:43:13.768] [Server thread/INFO] [net.minecraft.server.MinecraftServer/]: ★★ Dev [0] присоединился к игре
[09апр.2026 16:43:13.991] [Render thread/WARN] [net.minecraft.client.ClientRecipeBook/]: Unknown recipe category: ars_nouveau:imbuement/ars_nouveau:imbuement_amethyst_block
[09апр.2026 16:43:13.991] [Render thread/WARN] [net.minecraft.client.ClientRecipeBook/]: Unknown recipe category: ars_nouveau:imbuement/ars_nouveau:imbuement_lapis
[09апр.2026 16:43:13.992] [Render thread/WARN] [net.minecraft.client.ClientRecipeBook/]: Unknown recipe category: ars_nouveau:imbuement/ars_nouveau:imbuement_abjuration_essence
[09апр.2026 16:43:13.992] [Render thread/WARN] [net.minecraft.client.ClientRecipeBook/]: Unknown recipe category: ars_nouveau:imbuement/ars_nouveau:imbuement_earth_essence
[09апр.2026 16:43:13.992] [Render thread/WARN] [net.minecraft.client.ClientRecipeBook/]: Unknown recipe category: ars_nouveau:imbuement/ars_nouveau:imbuement_manipulation_essence
[09апр.2026 16:43:13.992] [Render thread/WARN] [net.minecraft.client.ClientRecipeBook/]: Unknown recipe category: ars_nouveau:imbuement/ars_nouveau:imbuement_air_essence
[09апр.2026 16:43:13.992] [Render thread/WARN] [net.minecraft.client.ClientRecipeBook/]: Unknown recipe category: ars_nouveau:imbuement/ars_nouveau:imbuement_split_arrow
[09апр.2026 16:43:13.992] [Render thread/WARN] [net.minecraft.client.ClientRecipeBook/]: Unknown recipe category: ars_nouveau:imbuement/ars_nouveau:imbuement_conjuration_essence
[09апр.2026 16:43:13.993] [Render thread/WARN] [net.minecraft.client.ClientRecipeBook/]: Unknown recipe category: ars_nouveau:imbuement/ars_nouveau:imbuement_amethyst
[09апр.2026 16:43:13.993] [Render thread/WARN] [net.minecraft.client.ClientRecipeBook/]: Unknown recipe category: ars_nouveau:imbuement/ars_nouveau:imbuement_fire_essence
[09апр.2026 16:43:13.993] [Render thread/WARN] [net.minecraft.client.ClientRecipeBook/]: Unknown recipe category: ars_nouveau:imbuement/ars_nouveau:imbuement_pierce_arrow
[09апр.2026 16:43:13.993] [Render thread/WARN] [net.minecraft.client.ClientRecipeBook/]: Unknown recipe category: ars_nouveau:imbuement/ars_nouveau:imbuement_water_essence
[09апр.2026 16:43:13.993] [Render thread/WARN] [net.minecraft.client.ClientRecipeBook/]: Unknown recipe category: ars_nouveau:imbuement/ars_nouveau:imbuement_amplify_arrow
[09апр.2026 16:43:14.859] [Render thread/INFO] [ars_nouveau/]: Documentation loaded in 790ms
[09апр.2026 16:43:14.865] [Render thread/INFO] [net.minecraft.advancements.AdvancementTree/]: Loaded 493 advancements
[09апр.2026 16:43:16.676] [Render thread/INFO] [net.minecraft.client.gui.components.ChatComponent/]: [System] [CHAT] Тренировка: Скорость +1 (1/30)
[09апр.2026 16:43:16.682] [Render thread/INFO] [net.minecraft.client.gui.components.ChatComponent/]: [System] [CHAT] Тренировка: Скорость +1 (2/30)
[09апр.2026 16:43:16.683] [Render thread/INFO] [net.minecraft.client.gui.components.ChatComponent/]: [System] [CHAT] Тренировка: Скорость +1 (3/30)
[09апр.2026 16:43:16.684] [Render thread/INFO] [net.minecraft.client.gui.components.ChatComponent/]: [System] [CHAT] Тренировка: Скорость +1 (4/30)
[09апр.2026 16:43:16.684] [Render thread/INFO] [net.minecraft.client.gui.components.ChatComponent/]: [System] [CHAT] Тренировка: Скорость +1 (5/30)
[09апр.2026 16:43:16.684] [Render thread/INFO] [net.minecraft.client.gui.components.ChatComponent/]: [System] [CHAT] Тренировка: Скорость +1 (6/30)
[09апр.2026 16:43:16.684] [Render thread/INFO] [net.minecraft.client.gui.components.ChatComponent/]: [System] [CHAT] Тренировка: Скорость +1 (7/30)
[09апр.2026 16:43:16.685] [Render thread/INFO] [net.minecraft.client.gui.components.ChatComponent/]: [System] [CHAT] Тренировка: Скорость +1 (8/30)
[09апр.2026 16:43:16.685] [Render thread/INFO] [net.minecraft.client.gui.components.ChatComponent/]: [System] [CHAT] Тренировка: Скорость +1 (9/30)
[09апр.2026 16:43:16.686] [Render thread/INFO] [net.minecraft.client.gui.components.ChatComponent/]: [System] [CHAT] Тренировка: Скорость +1 (10/30)
[09апр.2026 16:43:16.686] [Render thread/INFO] [net.minecraft.client.gui.components.ChatComponent/]: [System] [CHAT] Тренировка: Скорость +1 (11/30)
[09апр.2026 16:43:16.686] [Render thread/INFO] [net.minecraft.client.gui.components.ChatComponent/]: [System] [CHAT] Тренировка: Скорость +1 (12/30)
[09апр.2026 16:43:16.687] [Render thread/INFO] [net.minecraft.client.gui.components.ChatComponent/]: [System] [CHAT] Тренировка: Скорость +1 (13/30)
[09апр.2026 16:43:16.687] [Render thread/INFO] [net.minecraft.client.gui.components.ChatComponent/]: [System] [CHAT] Тренировка: Скорость +1 (14/30)
[09апр.2026 16:43:19.216] [Server thread/DEBUG] [mixin/]: Mixing structure.StructureTemplateAccessor from ars_nouveau.mixins.json into net.minecraft.world.level.levelgen.structure.templatesystem.StructureTemplate
[09апр.2026 16:43:19.218] [Server thread/DEBUG] [mixin/]: Mixing structure.StructureTemplateMixin from ars_nouveau.mixins.json into net.minecraft.world.level.levelgen.structure.templatesystem.StructureTemplate
[09апр.2026 16:43:19.218] [Server thread/DEBUG] [mixin/]: Renaming synthetic method lambda$ars_nouveau_preventAutoWaterlogging$0(Lnet/minecraft/world/level/levelgen/structure/templatesystem/StructureProcessor;)Z to md47713b$ars_nouveau$lambda$ars_nouveau_preventAutoWaterlogging$0$0 in ars_nouveau.mixins.json:structure.StructureTemplateMixin from mod ars_nouveau
[09апр.2026 16:43:19.227] [Server thread/DEBUG] [mixin/]: ars_nouveau.mixins.json:structure.StructureTemplateMixin from mod ars_nouveau->@Inject::ars_nouveau_preventAutoWaterlogging(Lnet/minecraft/world/level/ServerLevelAccessor;Lnet/minecraft/core/BlockPos;Lnet/minecraft/core/BlockPos;Lnet/minecraft/world/level/levelgen/structure/templatesystem/StructurePlaceSettings;Lnet/minecraft/util/RandomSource;ILorg/spongepowered/asm/mixin/injection/callback/CallbackInfoReturnable;)V doesn't use it's CallbackInfoReturnable
[09апр.2026 16:43:19.228] [Server thread/DEBUG] [mixin/]: ars_nouveau.mixins.json:structure.StructureTemplateMixin from mod ars_nouveau->@Inject::ars_nouveau_preventAutoWaterlogging(Lnet/minecraft/world/level/ServerLevelAccessor;Lnet/minecraft/core/BlockPos;Lnet/minecraft/core/BlockPos;Lnet/minecraft/world/level/levelgen/structure/templatesystem/StructurePlaceSettings;Lnet/minecraft/util/RandomSource;ILorg/spongepowered/asm/mixin/injection/callback/CallbackInfoReturnable;)V has 0 override(s) in child classes
[09апр.2026 16:43:19.228] [Server thread/DEBUG] [mixin/]: ars_nouveau.mixins.json:structure.StructureTemplateMixin from mod ars_nouveau->@Inject::ars_nouveau_preventAutoWaterlogging(Lnet/minecraft/world/level/ServerLevelAccessor;Lnet/minecraft/core/BlockPos;Lnet/minecraft/core/BlockPos;Lnet/minecraft/world/level/levelgen/structure/templatesystem/StructurePlaceSettings;Lnet/minecraft/util/RandomSource;ILorg/spongepowered/asm/mixin/injection/callback/CallbackInfoReturnable;)V won't be passed a CallbackInfoReturnable as a result
[09апр.2026 16:43:19.585] [Render thread/INFO] [net.minecraft.client.gui.components.ChatComponent/]: [System] [CHAT] Тренировка: Скорость +1 (15/30)
[09апр.2026 16:43:21.897] [Render thread/INFO] [net.minecraft.client.gui.components.ChatComponent/]: [System] [CHAT] Тренировка: Скорость +1 (16/30)
[09апр.2026 16:43:24.387] [Render thread/INFO] [net.minecraft.client.gui.components.ChatComponent/]: [System] [CHAT] Тренировка: Скорость +1 (17/30)
[09апр.2026 16:43:25.641] [Render thread/INFO] [net.minecraft.client.gui.components.ChatComponent/]: [System] [CHAT] Тренировка: Скорость +1 (18/30)
[09апр.2026 16:43:26.882] [Render thread/INFO] [net.minecraft.client.gui.components.ChatComponent/]: [System] [CHAT] Тренировка: Скорость +1 (19/30)
[09апр.2026 16:43:27.635] [Render thread/INFO] [net.minecraft.client.gui.components.ChatComponent/]: [System] [CHAT] Тренировка: Скорость +1 (20/30)
[09апр.2026 16:43:28.387] [Render thread/INFO] [net.minecraft.client.gui.components.ChatComponent/]: [System] [CHAT] Тренировка: Скорость +1 (21/30)
[09апр.2026 16:43:29.132] [Render thread/INFO] [net.minecraft.client.gui.components.ChatComponent/]: [System] [CHAT] Тренировка: Скорость +1 (22/30)
[09апр.2026 16:43:29.886] [Render thread/INFO] [net.minecraft.client.gui.components.ChatComponent/]: [System] [CHAT] Тренировка: Скорость +1 (23/30)
[09апр.2026 16:43:32.432] [Render thread/INFO] [net.minecraft.client.gui.components.ChatComponent/]: [System] [CHAT] Тренировка: Сила +1 (1/30)
[09апр.2026 16:43:32.432] [Render thread/INFO] [net.minecraft.client.gui.components.ChatComponent/]: [System] [CHAT] Тренировка: Сила +1 (2/30)
[09апр.2026 16:43:34.386] [Render thread/INFO] [net.minecraft.client.gui.components.ChatComponent/]: [System] [CHAT] Тренировка: Сила +1 (3/30)
[09апр.2026 16:43:35.639] [Render thread/INFO] [net.minecraft.client.gui.components.ChatComponent/]: [System] [CHAT] Тренировка: Сила +1 (4/30)
[09апр.2026 16:43:48.125] [Server thread/INFO] [net.minecraft.client.server.IntegratedServer/]: Saving and pausing game...
[09апр.2026 16:43:48.153] [Server thread/INFO] [net.minecraft.server.MinecraftServer/]: Saving chunks for level 'ServerLevel[New World]'/minecraft:overworld
[09апр.2026 16:43:48.173] [Server thread/INFO] [net.minecraft.server.MinecraftServer/]: Saving chunks for level 'ServerLevel[New World]'/minecraft:the_nether
[09апр.2026 16:43:48.174] [Server thread/INFO] [net.minecraft.server.MinecraftServer/]: Saving chunks for level 'ServerLevel[New World]'/minecraft:the_end
[09апр.2026 16:43:48.177] [Server thread/DEBUG] [net.neoforged.neoforge.common.CommonHooks/WP]: Gathered mod list to write to world save New World
[09апр.2026 16:43:54.468] [Server thread/INFO] [net.minecraft.server.MinecraftServer/]: [★★ Dev [0]: Ранг игрока Dev изменен на ★★★★★★★ (7)]
[09апр.2026 16:43:54.469] [Render thread/INFO] [net.minecraft.client.gui.components.ChatComponent/]: [System] [CHAT] Ранг игрока Dev изменен на ★★★★★★★ (7)
[09апр.2026 16:43:58.767] [Server thread/INFO] [net.minecraft.server.MinecraftServer/]: [★★★★★★★ Dev [0]: Уровень игрока Dev изменен на 100 (Макс: 105)]
[09апр.2026 16:43:58.769] [Render thread/INFO] [net.minecraft.client.gui.components.ChatComponent/]: [System] [CHAT] Уровень игрока Dev изменен на 100 (Макс: 105)
[09апр.2026 16:44:08.324] [Server thread/INFO] [net.minecraft.client.server.IntegratedServer/]: Saving and pausing game...
[09апр.2026 16:44:08.334] [Server thread/INFO] [net.minecraft.server.MinecraftServer/]: Saving chunks for level 'ServerLevel[New World]'/minecraft:overworld
[09апр.2026 16:44:08.341] [Server thread/INFO] [net.minecraft.server.MinecraftServer/]: Saving chunks for level 'ServerLevel[New World]'/minecraft:the_nether
[09апр.2026 16:44:08.342] [Server thread/INFO] [net.minecraft.server.MinecraftServer/]: Saving chunks for level 'ServerLevel[New World]'/minecraft:the_end
[09апр.2026 16:44:08.343] [Server thread/DEBUG] [net.neoforged.neoforge.common.CommonHooks/WP]: Gathered mod list to write to world save New World
[09апр.2026 16:44:08.780] [Server thread/INFO] [net.minecraft.server.network.ServerGamePacketListenerImpl/]: Dev lost connection: Отключение
[09апр.2026 16:44:08.780] [Server thread/INFO] [net.minecraft.server.MinecraftServer/]: ★★★★★★★ Dev [100] покинул игру
[09апр.2026 16:44:08.792] [Server thread/INFO] [net.minecraft.server.network.ServerCommonPacketListenerImpl/]: Stopping singleplayer server as player logged out
[09апр.2026 16:44:08.840] [Server thread/INFO] [net.minecraft.server.MinecraftServer/]: Stopping server
[09апр.2026 16:44:08.841] [Server thread/INFO] [net.minecraft.server.MinecraftServer/]: Saving players
[09апр.2026 16:44:08.841] [Server thread/INFO] [net.minecraft.server.MinecraftServer/]: Saving worlds
[09апр.2026 16:44:08.904] [Server thread/INFO] [net.minecraft.server.MinecraftServer/]: Saving chunks for level 'ServerLevel[New World]'/minecraft:overworld
[09апр.2026 16:44:08.961] [Server thread/INFO] [net.minecraft.server.MinecraftServer/]: Saving chunks for level 'ServerLevel[New World]'/minecraft:the_nether
[09апр.2026 16:44:08.967] [Server thread/INFO] [net.minecraft.server.MinecraftServer/]: Saving chunks for level 'ServerLevel[New World]'/minecraft:the_end
[09апр.2026 16:44:08.972] [Server thread/DEBUG] [net.neoforged.neoforge.common.CommonHooks/WP]: Gathered mod list to write to world save New World
[09апр.2026 16:44:08.976] [Server thread/INFO] [net.minecraft.server.MinecraftServer/]: ThreadedAnvilChunkStorage (New World): All chunks are saved
[09апр.2026 16:44:08.977] [Server thread/INFO] [net.minecraft.server.MinecraftServer/]: ThreadedAnvilChunkStorage (DIM-1): All chunks are saved
[09апр.2026 16:44:08.977] [Server thread/INFO] [net.minecraft.server.MinecraftServer/]: ThreadedAnvilChunkStorage (DIM1): All chunks are saved
[09апр.2026 16:44:08.977] [Server thread/INFO] [net.minecraft.server.MinecraftServer/]: ThreadedAnvilChunkStorage: All dimensions are saved
[09апр.2026 16:44:08.987] [Server thread/DEBUG] [net.neoforged.fml.config.ConfigTracker/CONFIG]: Unloading configs type SERVER
[09апр.2026 16:44:09.522] [Render thread/INFO] [net.minecraft.client.Minecraft/]: Stopping!
