[18мар.2026 16:02:19.214] [main/INFO] [cpw.mods.modlauncher.Launcher/MODLAUNCHER]: ModLauncher running: args [--launchTarget, forgeclientdev, --version, 21.1.214, --assetIndex, 17, --assetsDir, C:\\Users\\MrUtcka\\.gradle\\caches\\neoformruntime\\assets, --gameDir, ., --fml.fmlVersion, 4.0.42, --fml.mcVersion, 1.21.1, --fml.neoForgeVersion, 21.1.214, --fml.neoFormVersion, 20240808.144430]
[18мар.2026 16:02:19.223] [main/INFO] [cpw.mods.modlauncher.Launcher/MODLAUNCHER]: JVM identified as Eclipse Adoptium OpenJDK 64-Bit Server VM 21.0.9+10-LTS
[18мар.2026 16:02:19.227] [main/INFO] [cpw.mods.modlauncher.Launcher/MODLAUNCHER]: ModLauncher 11.0.5+main.901c6ea8 starting: java version 21.0.9 by Eclipse Adoptium; OS Windows 10 arch amd64 version 10.0
[18мар.2026 16:02:19.460] [main/INFO] [net.neoforged.fml.loading.ImmediateWindowHandler/]: Loading ImmediateWindowProvider fmlearlywindow
[18мар.2026 16:02:19.666] [main/INFO] [EARLYDISPLAY/]: Trying GL version 4.6
[18мар.2026 16:02:19.930] [main/INFO] [EARLYDISPLAY/]: Requested GL version 4.6 got version 4.6
[18мар.2026 16:02:20.161] [main/INFO] [mixin/]: SpongePowered MIXIN Subsystem Version=0.8.7 Source=union:/C:/Users/MrUtcka/.gradle/caches/modules-2/files-2.1/net.fabricmc/sponge-mixin/0.15.2+mixin.0.8.7/2af2f021d8e02a0220dc27a7a72b4666d66d44ca/sponge-mixin-0.15.2+mixin.0.8.7.jar%23138!/ Service=ModLauncher Env=CLIENT
[18мар.2026 16:02:20.642] [pool-2-thread-1/INFO] [EARLYDISPLAY/]: GL info: NVIDIA GeForce RTX 3050 Laptop GPU/PCIe/SSE2 GL version 4.6.0 NVIDIA 591.59, NVIDIA Corporation
[18мар.2026 16:02:21.166] [main/INFO] [net.neoforged.fml.loading.moddiscovery.locators.JarInJarDependencyLocator/]: Found 7 dependencies adding them to mods collection
[18мар.2026 16:02:21.170] [main/INFO] [net.neoforged.fml.loading.moddiscovery.ModDiscoverer/]: 
     Mod List:
		Name Version (Mod Id)

		Ars Nouveau 5.10.6 (ars_nouveau)
		Curios API 9.5.1+1.21.1 (curios)
		GeckoLib 4 4.8.2 (geckolib)
		LambDynamicLights (API) 4.5.1+1.21.1 (lambdynlights_api)
		LVLuping 0.7 (lvluping)
		Minecraft 1.21.1 (minecraft)
		NeoForge 21.1.214 (neoforge)
		Nuggets 1.0.10.41 (nuggets)
[18мар.2026 16:02:24.061] [main/INFO] [mixin/]: Compatibility level set to JAVA_21
[18мар.2026 16:02:24.111] [main/INFO] [cpw.mods.modlauncher.LaunchServiceHandler/MODLAUNCHER]: Launching target 'forgeclientdev' with arguments [--version, 21.1.214, --gameDir, ., --assetsDir, C:\Users\MrUtcka\.gradle\caches\neoformruntime\assets, --assetIndex, 17]
[18мар.2026 16:02:24.234] [main/WARN] [mixin/]: Reference map 'curios.refmap.json' for curios.neoforge.mixins.json could not be read. If this is a development environment you can ignore this message
[18мар.2026 16:02:24.236] [main/WARN] [mixin/]: Reference map 'curios.refmap.json' for curios.mixins.json could not be read. If this is a development environment you can ignore this message
[18мар.2026 16:02:24.237] [main/WARN] [mixin/]: Reference map 'geckolib.refmap.json' for geckolib.mixins.json could not be read. If this is a development environment you can ignore this message
[18мар.2026 16:02:24.444] [main/WARN] [mixin/]: Reference map 'ars_nouveau.refmap.json' for ars_nouveau.mixins.json could not be read. If this is a development environment you can ignore this message
[18мар.2026 16:02:24.447] [main/WARN] [mixin/]: Reference map 'nuggets.refmap.json' for nuggets.mixins.json could not be read. If this is a development environment you can ignore this message
[18мар.2026 16:02:25.163] [main/INFO] [MixinExtras|Service/]: Initializing MixinExtras via com.llamalad7.mixinextras.service.MixinExtrasServiceImpl(version=0.5.0).
[18мар.2026 16:02:28.364] [Datafixer Bootstrap/INFO] [com.mojang.datafixers.DataFixerBuilder/]: 229 Datafixer optimizations took 663 milliseconds
[18мар.2026 16:02:37.615] [main/WARN] [net.minecraft.commands.Commands/]: Ambiguity between arguments [teleport, location] and [teleport, destination] with inputs: [0.1 -0.5 .9, 0 0 0]
[18мар.2026 16:02:37.617] [main/WARN] [net.minecraft.commands.Commands/]: Ambiguity between arguments [teleport, location] and [teleport, targets] with inputs: [0.1 -0.5 .9, 0 0 0]
[18мар.2026 16:02:37.622] [main/WARN] [net.minecraft.commands.Commands/]: Ambiguity between arguments [teleport, destination] and [teleport, targets] with inputs: [Player, 0123, @e, dd12be42-52a9-4a91-a8a1-11c01849e498]
[18мар.2026 16:02:37.624] [main/WARN] [net.minecraft.commands.Commands/]: Ambiguity between arguments [teleport, targets] and [teleport, destination] with inputs: [Player, 0123, dd12be42-52a9-4a91-a8a1-11c01849e498]
[18мар.2026 16:02:37.626] [main/WARN] [net.minecraft.commands.Commands/]: Ambiguity between arguments [teleport, targets, location] and [teleport, targets, destination] with inputs: [0.1 -0.5 .9, 0 0 0]
[18мар.2026 16:02:37.841] [Render thread/WARN] [net.minecraft.server.packs.VanillaPackResourcesBuilder/]: Assets URL 'union:/X:/Lariem/lvluping/build/moddev/artifacts/neoforge-21.1.214.jar%23192!/assets/.mcassetsroot' uses unexpected schema
[18мар.2026 16:02:37.842] [Render thread/WARN] [net.minecraft.server.packs.VanillaPackResourcesBuilder/]: Assets URL 'union:/X:/Lariem/lvluping/build/moddev/artifacts/neoforge-21.1.214.jar%23192!/data/.mcassetsroot' uses unexpected schema
[18мар.2026 16:02:37.893] [Render thread/INFO] [com.mojang.authlib.yggdrasil.YggdrasilAuthenticationService/]: Environment: Environment[sessionHost=https://sessionserver.mojang.com, servicesHost=https://api.minecraftservices.com, name=PROD]
[18мар.2026 16:02:37.913] [Render thread/INFO] [net.minecraft.client.Minecraft/]: Setting user: Dev
[18мар.2026 16:02:38.090] [Render thread/INFO] [net.minecraft.client.Minecraft/]: Backend library: LWJGL version 3.3.3+5
[18мар.2026 16:02:38.687] [modloading-worker-0/INFO] [net.neoforged.neoforge.common.NeoForgeMod/NEOFORGE-MOD]: NeoForge mod loading, version 21.1.214, for MC 1.21.1
[18мар.2026 16:02:41.817] [Render thread/INFO] [net.neoforged.neoforge.gametest.GameTestHooks/]: Enabled Gametest Namespaces: [lvluping]
[18мар.2026 16:02:42.360] [Render thread/INFO] [net.minecraft.server.packs.resources.ReloadableResourceManager/]: Reloading ResourceManager: vanilla, mod_resources, mod/curios, mod/lambdynlights_api, mod/geckolib, mod/ars_nouveau, mod/lvluping, mod/neoforge, mod/nuggets
[18мар.2026 16:02:42.396] [Worker-Main-4/INFO] [org.mrutcka.lvluping.LvlupingMod/]: Lvluping Mod Setup
[18мар.2026 16:02:42.420] [Worker-Main-5/WARN] [GeckoLib/]: Found animation file with improper file name format; animation files should end in .animation.json: 'ars_nouveau:animations/basic_spell_turret_animations.json'
[18мар.2026 16:02:42.420] [Worker-Main-9/WARN] [GeckoLib/]: Found animation file with improper file name format; animation files should end in .animation.json: 'ars_nouveau:animations/amethyst_golem_animations.json'
[18мар.2026 16:02:42.420] [Worker-Main-10/WARN] [GeckoLib/]: Found animation file with improper file name format; animation files should end in .animation.json: 'ars_nouveau:animations/animated_block_animations.json'
[18мар.2026 16:02:42.420] [Worker-Main-11/WARN] [GeckoLib/]: Found animation file with improper file name format; animation files should end in .animation.json: 'ars_nouveau:animations/arcane_core_animations.json'
[18мар.2026 16:02:42.420] [Worker-Main-7/WARN] [GeckoLib/]: Found animation file with improper file name format; animation files should end in .animation.json: 'ars_nouveau:animations/alteration_apparatus_animations.json'
[18мар.2026 16:02:42.420] [Worker-Main-14/WARN] [GeckoLib/]: Found animation file with improper file name format; animation files should end in .animation.json: 'ars_nouveau:animations/book_wyrm_animation.json'
[18мар.2026 16:02:42.420] [Worker-Main-15/WARN] [GeckoLib/]: Found animation file with improper file name format; animation files should end in .animation.json: 'ars_nouveau:animations/book_wyrm_lectern_animations.json'
[18мар.2026 16:02:42.420] [Worker-Main-6/WARN] [GeckoLib/]: Found animation file with improper file name format; animation files should end in .animation.json: 'ars_nouveau:animations/agronomic_sourcelink_animation.json'
[18мар.2026 16:02:42.420] [Worker-Main-2/WARN] [GeckoLib/]: Found animation file with improper file name format; animation files should end in .animation.json: 'ars_nouveau:animations/alchemical_sourcelink_animation.json'
[18мар.2026 16:02:42.420] [Worker-Main-12/WARN] [GeckoLib/]: Found animation file with improper file name format; animation files should end in .animation.json: 'ars_nouveau:animations/arcane_pedestal_animations.json'
[18мар.2026 16:02:42.523] [Worker-Main-6/WARN] [GeckoLib/]: Found animation file with improper file name format; animation files should end in .animation.json: 'ars_nouveau:animations/drygmy_animations.json'
[18мар.2026 16:02:42.523] [Worker-Main-5/WARN] [GeckoLib/]: Found animation file with improper file name format; animation files should end in .animation.json: 'ars_nouveau:animations/imbuement_chamber_animations.json'
[18мар.2026 16:02:42.523] [Worker-Main-11/WARN] [GeckoLib/]: Found animation file with improper file name format; animation files should end in .animation.json: 'ars_nouveau:animations/empty.json'
[18мар.2026 16:02:42.523] [Worker-Main-14/WARN] [GeckoLib/]: Found animation file with improper file name format; animation files should end in .animation.json: 'ars_nouveau:animations/lily_animations.json'
[18мар.2026 16:02:42.523] [Worker-Main-12/WARN] [GeckoLib/]: Found animation file with improper file name format; animation files should end in .animation.json: 'ars_nouveau:animations/enchanting_apparatus_animations.json'
[18мар.2026 16:02:42.523] [Worker-Main-2/WARN] [GeckoLib/]: Found animation file with improper file name format; animation files should end in .animation.json: 'ars_nouveau:animations/decor_blossom_animations.json'
[18мар.2026 16:02:42.524] [Worker-Main-10/WARN] [GeckoLib/]: Found animation file with improper file name format; animation files should end in .animation.json: 'ars_nouveau:animations/mana_relay_animation.json'
[18мар.2026 16:02:42.525] [Worker-Main-10/WARN] [GeckoLib/]: Found animation file with improper file name format; animation files should end in .animation.json: 'ars_nouveau:animations/mana_splitter_animation.json'
[18мар.2026 16:02:42.525] [Worker-Main-10/WARN] [GeckoLib/]: Found animation file with improper file name format; animation files should end in .animation.json: 'ars_nouveau:animations/nook_animation.json'
[18мар.2026 16:02:42.528] [Worker-Main-2/WARN] [GeckoLib/]: Found animation file with improper file name format; animation files should end in .animation.json: 'ars_nouveau:animations/potion_melder_animation.json'
[18мар.2026 16:02:42.528] [Worker-Main-6/WARN] [GeckoLib/]: Found animation file with improper file name format; animation files should end in .animation.json: 'ars_nouveau:animations/press_animations.json'
[18мар.2026 16:02:42.529] [Worker-Main-2/WARN] [GeckoLib/]: Found animation file with improper file name format; animation files should end in .animation.json: 'ars_nouveau:animations/redstone_relay_animations.json'
[18мар.2026 16:02:42.529] [Worker-Main-2/WARN] [GeckoLib/]: Found animation file with improper file name format; animation files should end in .animation.json: 'ars_nouveau:animations/ritual.json'
[18мар.2026 16:02:42.529] [Worker-Main-9/WARN] [GeckoLib/]: Found animation file with improper file name format; animation files should end in .animation.json: 'ars_nouveau:animations/rune.json'
[18мар.2026 16:02:42.531] [Worker-Main-6/WARN] [GeckoLib/]: Found animation file with improper file name format; animation files should end in .animation.json: 'ars_nouveau:animations/scribes_table_animations.json'
[18мар.2026 16:02:42.561] [Worker-Main-8/WARN] [GeckoLib/]: Found animation file with improper file name format; animation files should end in .animation.json: 'ars_nouveau:animations/scryers_eye_animation.json'
[18мар.2026 16:02:42.580] [Worker-Main-7/WARN] [GeckoLib/]: Found animation file with improper file name format; animation files should end in .animation.json: 'ars_nouveau:animations/source_deposit_animations.json'
[18мар.2026 16:02:42.581] [Worker-Main-5/WARN] [GeckoLib/]: Found animation file with improper file name format; animation files should end in .animation.json: 'ars_nouveau:animations/source_relay_animations.json'
[18мар.2026 16:02:42.581] [Worker-Main-12/WARN] [GeckoLib/]: Found animation file with improper file name format; animation files should end in .animation.json: 'ars_nouveau:animations/source_splitter_animations.json'
[18мар.2026 16:02:42.580] [Worker-Main-15/WARN] [GeckoLib/]: Found animation file with improper file name format; animation files should end in .animation.json: 'ars_nouveau:animations/source_collector_animations.json'
[18мар.2026 16:02:42.581] [Worker-Main-9/WARN] [GeckoLib/]: Found animation file with improper file name format; animation files should end in .animation.json: 'ars_nouveau:animations/source_warp_animations.json'
[18мар.2026 16:02:42.581] [Worker-Main-2/WARN] [GeckoLib/]: Found animation file with improper file name format; animation files should end in .animation.json: 'ars_nouveau:animations/spell_turret_animations.json'
[18мар.2026 16:02:42.581] [Worker-Main-8/WARN] [GeckoLib/]: Found animation file with improper file name format; animation files should end in .animation.json: 'ars_nouveau:animations/spike_animations.json'
[18мар.2026 16:02:42.581] [Worker-Main-11/WARN] [GeckoLib/]: Found animation file with improper file name format; animation files should end in .animation.json: 'ars_nouveau:animations/spell_turret_timer_animations.json'
[18мар.2026 16:02:42.581] [Worker-Main-5/WARN] [GeckoLib/]: Found animation file with improper file name format; animation files should end in .animation.json: 'ars_nouveau:animations/storage_catalog_animations.json'
[18мар.2026 16:02:42.581] [Worker-Main-12/WARN] [GeckoLib/]: Found animation file with improper file name format; animation files should end in .animation.json: 'ars_nouveau:animations/volcanic_sourcelink_animations.json'
[18мар.2026 16:02:42.581] [Worker-Main-15/WARN] [GeckoLib/]: Found animation file with improper file name format; animation files should end in .animation.json: 'ars_nouveau:animations/vitalic_sourcelink_animation.json'
[18мар.2026 16:02:42.581] [Worker-Main-2/WARN] [GeckoLib/]: Found animation file with improper file name format; animation files should end in .animation.json: 'ars_nouveau:animations/wand_animation.json'
[18мар.2026 16:02:42.581] [Worker-Main-8/WARN] [GeckoLib/]: Found animation file with improper file name format; animation files should end in .animation.json: 'ars_nouveau:animations/weald_waddler_animations.json'
[18мар.2026 16:02:42.582] [Worker-Main-7/WARN] [GeckoLib/]: Found animation file with improper file name format; animation files should end in .animation.json: 'ars_nouveau:animations/weald_walker_animations.json'
[18мар.2026 16:02:42.582] [Worker-Main-11/WARN] [GeckoLib/]: Found animation file with improper file name format; animation files should end in .animation.json: 'ars_nouveau:animations/whirlisprig_blossom_animations.json'
[18мар.2026 16:02:42.582] [Worker-Main-8/WARN] [GeckoLib/]: Found animation file with improper file name format; animation files should end in .animation.json: 'ars_nouveau:animations/wilden_defender_animations.json'
[18мар.2026 16:02:42.582] [Worker-Main-5/WARN] [GeckoLib/]: Found animation file with improper file name format; animation files should end in .animation.json: 'ars_nouveau:animations/wilden_hunter_animations.json'
[18мар.2026 16:02:42.581] [Worker-Main-9/WARN] [GeckoLib/]: Found animation file with improper file name format; animation files should end in .animation.json: 'ars_nouveau:animations/starbuncle_animations.json'
[18мар.2026 16:02:42.582] [Worker-Main-15/WARN] [GeckoLib/]: Found animation file with improper file name format; animation files should end in .animation.json: 'ars_nouveau:animations/wilden_chimera_animations.json'
[18мар.2026 16:02:42.582] [Worker-Main-12/WARN] [GeckoLib/]: Found animation file with improper file name format; animation files should end in .animation.json: 'ars_nouveau:animations/whirlisprig_animations.json'
[18мар.2026 16:02:42.582] [Worker-Main-11/WARN] [GeckoLib/]: Found animation file with improper file name format; animation files should end in .animation.json: 'ars_nouveau:animations/wixie_animations.json'
[18мар.2026 16:02:42.582] [Worker-Main-2/WARN] [GeckoLib/]: Found animation file with improper file name format; animation files should end in .animation.json: 'ars_nouveau:animations/wilden_stalker_animations.json'
[18мар.2026 16:02:42.785] [Worker-Main-4/INFO] [net.minecraft.client.gui.font.providers.UnihexProvider/]: Found unifont_all_no_pua-15.1.05.hex, loading
[18мар.2026 16:02:42.878] [Worker-Main-2/INFO] [net.minecraft.client.gui.font.providers.UnihexProvider/]: Found unifont_jp_patch-15.1.05.hex, loading
[18мар.2026 16:02:44.310] [Worker-Main-1/WARN] [net.minecraft.client.resources.model.BlockStateModelLoader/]: Exception loading blockstate definition: 'ars_nouveau:blockstates/particle_block.json' missing model for variant: 'ars_nouveau:particle_block#waterlogged=true'
[18мар.2026 16:02:44.312] [Worker-Main-1/WARN] [net.minecraft.client.resources.model.BlockStateModelLoader/]: Exception loading blockstate definition: 'ars_nouveau:blockstates/particle_block.json' missing model for variant: 'ars_nouveau:particle_block#waterlogged=false'
[18мар.2026 16:02:45.795] [Render thread/WARN] [net.minecraft.client.sounds.SoundEngine/]: Missing sound for event: minecraft:item.goat_horn.play
[18мар.2026 16:02:45.795] [Render thread/WARN] [net.minecraft.client.sounds.SoundEngine/]: Missing sound for event: minecraft:entity.goat.screaming.horn_break
[18мар.2026 16:02:45.866] [Render thread/INFO] [com.mojang.blaze3d.audio.Library/]: OpenAL initialized on device OpenAL Soft on Наушники (Realtek(R) Audio)
[18мар.2026 16:02:45.868] [Render thread/INFO] [net.minecraft.client.sounds.SoundEngine/SOUNDS]: Sound engine started
[18мар.2026 16:02:46.052] [Render thread/INFO] [net.minecraft.client.renderer.texture.TextureAtlas/]: Created: 2048x1024x4 minecraft:textures/atlas/blocks.png-atlas
[18мар.2026 16:02:46.085] [Render thread/INFO] [net.minecraft.client.renderer.texture.TextureAtlas/]: Created: 256x256x4 minecraft:textures/atlas/signs.png-atlas
[18мар.2026 16:02:46.086] [Render thread/INFO] [net.minecraft.client.renderer.texture.TextureAtlas/]: Created: 512x512x4 minecraft:textures/atlas/shield_patterns.png-atlas
[18мар.2026 16:02:46.087] [Render thread/INFO] [net.minecraft.client.renderer.texture.TextureAtlas/]: Created: 512x512x4 minecraft:textures/atlas/banner_patterns.png-atlas
[18мар.2026 16:02:46.089] [Render thread/INFO] [net.minecraft.client.renderer.texture.TextureAtlas/]: Created: 1024x1024x4 minecraft:textures/atlas/armor_trims.png-atlas
[18мар.2026 16:02:46.096] [Render thread/INFO] [net.minecraft.client.renderer.texture.TextureAtlas/]: Created: 256x256x4 minecraft:textures/atlas/chest.png-atlas
[18мар.2026 16:02:46.097] [Render thread/INFO] [net.minecraft.client.renderer.texture.TextureAtlas/]: Created: 128x64x4 minecraft:textures/atlas/decorated_pot.png-atlas
[18мар.2026 16:02:46.097] [Render thread/INFO] [net.minecraft.client.renderer.texture.TextureAtlas/]: Created: 512x256x4 minecraft:textures/atlas/beds.png-atlas
[18мар.2026 16:02:46.097] [Render thread/INFO] [net.minecraft.client.renderer.texture.TextureAtlas/]: Created: 512x256x4 minecraft:textures/atlas/shulker_boxes.png-atlas
[18мар.2026 16:02:46.207] [Render thread/INFO] [net.minecraft.client.renderer.texture.TextureAtlas/]: Created: 512x256x0 minecraft:textures/atlas/particles.png-atlas
[18мар.2026 16:02:46.210] [Render thread/INFO] [net.minecraft.client.renderer.texture.TextureAtlas/]: Created: 512x256x0 minecraft:textures/atlas/paintings.png-atlas
[18мар.2026 16:02:46.211] [Render thread/INFO] [net.minecraft.client.renderer.texture.TextureAtlas/]: Created: 256x128x0 minecraft:textures/atlas/mob_effects.png-atlas
[18мар.2026 16:02:46.212] [Render thread/INFO] [net.minecraft.client.renderer.texture.TextureAtlas/]: Created: 64x64x0 minecraft:textures/atlas/map_decorations.png-atlas
[18мар.2026 16:02:46.212] [Render thread/INFO] [net.minecraft.client.renderer.texture.TextureAtlas/]: Created: 1024x512x0 minecraft:textures/atlas/gui.png-atlas
[18мар.2026 16:02:46.258] [Render thread/WARN] [net.minecraft.client.renderer.ShaderInstance/]: Shader rendertype_entity_translucent_emissive could not find sampler named Sampler2 in the specified shader program.
[18мар.2026 16:02:46.459] [Render thread/WARN] [net.minecraft.client.renderer.ShaderInstance/]: Shader ars_nouveau:rainbow_entity could not find uniform named IViewRotMat in the specified shader program.
[18мар.2026 16:02:46.500] [Render thread/WARN] [net.minecraft.client.renderer.ShaderInstance/]: Shader ars_nouveau:blamed_entity could not find uniform named IViewRotMat in the specified shader program.
[18мар.2026 16:02:46.517] [Render thread/INFO] [net.neoforged.neoforge.client.entity.animation.json.AnimationLoader/]: Loaded 0 entity animations
[18мар.2026 16:03:48.135] [Render thread/INFO] [net.minecraft.world.item.crafting.RecipeManager/]: Loaded 1989 recipes
[18мар.2026 16:03:48.394] [Render thread/INFO] [net.minecraft.advancements.AdvancementTree/]: Loaded 1741 advancements
[18мар.2026 16:03:48.404] [Render thread/INFO] [Curios API/]: Loaded 11 curio slots
[18мар.2026 16:03:48.407] [Render thread/INFO] [Curios API/]: Loaded 1 curio entities
[18мар.2026 16:03:49.068] [Server thread/INFO] [net.minecraft.client.server.IntegratedServer/]: Starting integrated minecraft server version 1.21.1
[18мар.2026 16:03:49.068] [Server thread/INFO] [net.minecraft.server.MinecraftServer/]: Generating keypair
[18мар.2026 16:03:50.620] [Server thread/INFO] [net.minecraft.server.MinecraftServer/]: Preparing start region for dimension minecraft:overworld
[18мар.2026 16:03:50.968] [progressListener/INFO] [net.minecraft.server.level.progress.LoggerChunkProgressListener/]: Preparing spawn area: 0%
[18мар.2026 16:03:51.152] [Server thread/INFO] [net.neoforged.neoforge.server.permission.PermissionAPI/]: Successfully initialized permission handler neoforge:default_handler
[18мар.2026 16:03:51.158] [progressListener/INFO] [net.minecraft.server.level.progress.LoggerChunkProgressListener/]: Time elapsed: 522 ms
[18мар.2026 16:03:51.497] [Server thread/INFO] [net.minecraft.client.server.IntegratedServer/]: Changing view distance to 12, from 10
[18мар.2026 16:03:51.497] [Server thread/INFO] [net.minecraft.client.server.IntegratedServer/]: Changing simulation distance to 12, from 0
[18мар.2026 16:03:52.486] [Server thread/INFO] [net.minecraft.server.players.PlayerList/]: Dev[local:E:5d312ae7] logged in with entity id 93 at (-14.525175487881292, 63.0, 68.80930757240334)
[18мар.2026 16:03:52.564] [Server thread/INFO] [net.minecraft.server.MinecraftServer/]: ★★★★★★★ Dev [20] joined the game
[18мар.2026 16:03:52.603] [Server thread/INFO] [org.mrutcka.lvluping.LvlupingMod/]: Применены стартовые параметры для Dev: Раса=Человек, Звезды=2
[18мар.2026 16:03:52.715] [Render thread/INFO] [net.minecraft.client.gui.components.ChatComponent/]: [System] [CHAT] Ars Nouveau adds built in dynamic lights. Enable with `/ars-light on`. This won't appear again!
[18мар.2026 16:03:52.888] [Render thread/WARN] [net.minecraft.client.ClientRecipeBook/]: Unknown recipe category: ars_nouveau:imbuement/ars_nouveau:imbuement_amethyst_block
[18мар.2026 16:03:52.888] [Render thread/WARN] [net.minecraft.client.ClientRecipeBook/]: Unknown recipe category: ars_nouveau:imbuement/ars_nouveau:imbuement_lapis
[18мар.2026 16:03:52.889] [Render thread/WARN] [net.minecraft.client.ClientRecipeBook/]: Unknown recipe category: ars_nouveau:imbuement/ars_nouveau:imbuement_abjuration_essence
[18мар.2026 16:03:52.889] [Render thread/WARN] [net.minecraft.client.ClientRecipeBook/]: Unknown recipe category: ars_nouveau:imbuement/ars_nouveau:imbuement_earth_essence
[18мар.2026 16:03:52.889] [Render thread/WARN] [net.minecraft.client.ClientRecipeBook/]: Unknown recipe category: ars_nouveau:imbuement/ars_nouveau:imbuement_manipulation_essence
[18мар.2026 16:03:52.890] [Render thread/WARN] [net.minecraft.client.ClientRecipeBook/]: Unknown recipe category: ars_nouveau:imbuement/ars_nouveau:imbuement_air_essence
[18мар.2026 16:03:52.890] [Render thread/WARN] [net.minecraft.client.ClientRecipeBook/]: Unknown recipe category: ars_nouveau:imbuement/ars_nouveau:imbuement_split_arrow
[18мар.2026 16:03:52.890] [Render thread/WARN] [net.minecraft.client.ClientRecipeBook/]: Unknown recipe category: ars_nouveau:imbuement/ars_nouveau:imbuement_conjuration_essence
[18мар.2026 16:03:52.890] [Render thread/WARN] [net.minecraft.client.ClientRecipeBook/]: Unknown recipe category: ars_nouveau:imbuement/ars_nouveau:imbuement_amethyst
[18мар.2026 16:03:52.890] [Render thread/WARN] [net.minecraft.client.ClientRecipeBook/]: Unknown recipe category: ars_nouveau:imbuement/ars_nouveau:imbuement_fire_essence
[18мар.2026 16:03:52.891] [Render thread/WARN] [net.minecraft.client.ClientRecipeBook/]: Unknown recipe category: ars_nouveau:imbuement/ars_nouveau:imbuement_pierce_arrow
[18мар.2026 16:03:52.891] [Render thread/WARN] [net.minecraft.client.ClientRecipeBook/]: Unknown recipe category: ars_nouveau:imbuement/ars_nouveau:imbuement_water_essence
[18мар.2026 16:03:52.891] [Render thread/WARN] [net.minecraft.client.ClientRecipeBook/]: Unknown recipe category: ars_nouveau:imbuement/ars_nouveau:imbuement_amplify_arrow
[18мар.2026 16:03:54.046] [Render thread/INFO] [ars_nouveau/]: Documentation loaded in 1097ms
[18мар.2026 16:03:54.050] [Render thread/INFO] [net.minecraft.client.gui.components.ChatComponent/]: [System] [CHAT] Ars Nouveau supporter rewards enabled, thank you! Rewards can be accessed in the Settings page of the spell book.
[18мар.2026 16:03:54.183] [Render thread/INFO] [net.minecraft.advancements.AdvancementTree/]: Loaded 330 advancements
[18мар.2026 16:03:54.239] [Render thread/WARN] [net.minecraft.client.multiplayer.ClientPacketListener/]: Received passengers for unknown entity
[18мар.2026 16:04:05.879] [Render thread/WARN] [net.minecraft.client.renderer.texture.TextureManager/]: Failed to load texture: lvluping:textures/gui/talents/warrior_base.png
java.io.FileNotFoundException: lvluping:textures/gui/talents/warrior_base.png
	at TRANSFORMER/minecraft@1.21.1/net.minecraft.server.packs.resources.ResourceProvider.lambda$getResourceOrThrow$1(ResourceProvider.java:18) ~[neoforge-21.1.214.jar%23192!/:?]
	at java.base/java.util.Optional.orElseThrow(Optional.java:403) ~[?:?]
	at TRANSFORMER/minecraft@1.21.1/net.minecraft.server.packs.resources.ResourceProvider.getResourceOrThrow(ResourceProvider.java:18) ~[neoforge-21.1.214.jar%23192!/:?]
	at TRANSFORMER/geckolib@4.8.2/software.bernie.geckolib.cache.texture.AnimatableTexture.load(AnimatableTexture.java:40) ~[geckolib-neoforge-1.21.1-4.8.2.jar%23196!/:4.8.2]
	at TRANSFORMER/minecraft@1.21.1/net.minecraft.client.renderer.texture.TextureManager.loadTexture(TextureManager.java:92) ~[neoforge-21.1.214.jar%23192!/:?]
	at TRANSFORMER/minecraft@1.21.1/net.minecraft.client.renderer.texture.TextureManager.register(TextureManager.java:63) ~[neoforge-21.1.214.jar%23192!/:?]
	at TRANSFORMER/minecraft@1.21.1/net.minecraft.client.renderer.texture.TextureManager.wrapOperation$zbc000$geckolib$replaceAnimatableTexture(TextureManager.java:531) ~[neoforge-21.1.214.jar%23192!/:?]
	at TRANSFORMER/minecraft@1.21.1/net.minecraft.client.renderer.texture.TextureManager.getTexture(TextureManager.java:112) ~[neoforge-21.1.214.jar%23192!/:?]
	at TRANSFORMER/minecraft@1.21.1/com.mojang.blaze3d.systems.RenderSystem._setShaderTexture(RenderSystem.java:725) ~[neoforge-21.1.214.jar%23192!/:?]
	at TRANSFORMER/minecraft@1.21.1/com.mojang.blaze3d.systems.RenderSystem.setShaderTexture(RenderSystem.java:718) ~[neoforge-21.1.214.jar%23192!/:?]
	at TRANSFORMER/minecraft@1.21.1/net.minecraft.client.gui.GuiGraphics.innerBlit(GuiGraphics.java:965) ~[neoforge-21.1.214.jar%23192!/:?]
	at TRANSFORMER/minecraft@1.21.1/net.minecraft.client.gui.GuiGraphics.blit(GuiGraphics.java:923) ~[neoforge-21.1.214.jar%23192!/:?]
	at TRANSFORMER/minecraft@1.21.1/net.minecraft.client.gui.GuiGraphics.blit(GuiGraphics.java:865) ~[neoforge-21.1.214.jar%23192!/:?]
	at TRANSFORMER/minecraft@1.21.1/net.minecraft.client.gui.GuiGraphics.blit(GuiGraphics.java:888) ~[neoforge-21.1.214.jar%23192!/:?]
	at TRANSFORMER/lvluping@0.7/org.mrutcka.lvluping.client.TalentScreen.renderTalentsArea(TalentScreen.java:109) ~[%23197!/:?]
	at TRANSFORMER/lvluping@0.7/org.mrutcka.lvluping.client.TalentScreen.render(TalentScreen.java:48) ~[%23197!/:?]
	at TRANSFORMER/minecraft@1.21.1/net.minecraft.client.gui.screens.Screen.renderWithTooltip(Screen.java:112) ~[neoforge-21.1.214.jar%23192!/:?]
	at TRANSFORMER/neoforge@21.1.214/net.neoforged.neoforge.client.ClientHooks.drawScreenInternal(ClientHooks.java:429) ~[neoforge-21.1.214.jar%23193!/:?]
	at TRANSFORMER/neoforge@21.1.214/net.neoforged.neoforge.client.ClientHooks.drawScreen(ClientHooks.java:423) ~[neoforge-21.1.214.jar%23193!/:?]
	at TRANSFORMER/minecraft@1.21.1/net.minecraft.client.renderer.GameRenderer.render(GameRenderer.java:1098) ~[neoforge-21.1.214.jar%23192!/:?]
	at TRANSFORMER/minecraft@1.21.1/net.minecraft.client.Minecraft.runTick(Minecraft.java:1201) ~[neoforge-21.1.214.jar%23192!/:?]
	at TRANSFORMER/minecraft@1.21.1/net.minecraft.client.Minecraft.run(Minecraft.java:813) ~[neoforge-21.1.214.jar%23192!/:?]
	at TRANSFORMER/minecraft@1.21.1/net.minecraft.client.main.Main.main(Main.java:230) ~[neoforge-21.1.214.jar%23192!/:?]
	at java.base/jdk.internal.reflect.DirectMethodHandleAccessor.invoke(DirectMethodHandleAccessor.java:103) ~[?:?]
	at java.base/java.lang.reflect.Method.invoke(Method.java:580) ~[?:?]
	at MC-BOOTSTRAP/fml_loader@4.0.42/net.neoforged.fml.loading.targets.CommonLaunchHandler.runTarget(CommonLaunchHandler.java:136) ~[loader-4.0.42.jar%23146!/:4.0]
	at MC-BOOTSTRAP/fml_loader@4.0.42/net.neoforged.fml.loading.targets.CommonLaunchHandler.clientService(CommonLaunchHandler.java:124) ~[loader-4.0.42.jar%23146!/:4.0]
	at MC-BOOTSTRAP/fml_loader@4.0.42/net.neoforged.fml.loading.targets.NeoForgeClientDevLaunchHandler.runService(NeoForgeClientDevLaunchHandler.java:23) ~[loader-4.0.42.jar%23146!/:4.0]
	at MC-BOOTSTRAP/fml_loader@4.0.42/net.neoforged.fml.loading.targets.CommonLaunchHandler.lambda$launchService$4(CommonLaunchHandler.java:118) ~[loader-4.0.42.jar%23146!/:4.0]
	at MC-BOOTSTRAP/cpw.mods.modlauncher@11.0.5/cpw.mods.modlauncher.LaunchServiceHandlerDecorator.launch(LaunchServiceHandlerDecorator.java:30) [modlauncher-11.0.5.jar%23128!/:?]
	at MC-BOOTSTRAP/cpw.mods.modlauncher@11.0.5/cpw.mods.modlauncher.LaunchServiceHandler.launch(LaunchServiceHandler.java:53) [modlauncher-11.0.5.jar%23128!/:?]
	at MC-BOOTSTRAP/cpw.mods.modlauncher@11.0.5/cpw.mods.modlauncher.LaunchServiceHandler.launch(LaunchServiceHandler.java:71) [modlauncher-11.0.5.jar%23128!/:?]
	at MC-BOOTSTRAP/cpw.mods.modlauncher@11.0.5/cpw.mods.modlauncher.Launcher.run(Launcher.java:103) [modlauncher-11.0.5.jar%23128!/:?]
	at MC-BOOTSTRAP/cpw.mods.modlauncher@11.0.5/cpw.mods.modlauncher.Launcher.main(Launcher.java:74) [modlauncher-11.0.5.jar%23128!/:?]
	at MC-BOOTSTRAP/cpw.mods.modlauncher@11.0.5/cpw.mods.modlauncher.BootstrapLaunchConsumer.accept(BootstrapLaunchConsumer.java:26) [modlauncher-11.0.5.jar%23128!/:?]
	at MC-BOOTSTRAP/cpw.mods.modlauncher@11.0.5/cpw.mods.modlauncher.BootstrapLaunchConsumer.accept(BootstrapLaunchConsumer.java:23) [modlauncher-11.0.5.jar%23128!/:?]
	at cpw.mods.bootstraplauncher@2.0.2/cpw.mods.bootstraplauncher.BootstrapLauncher.run(BootstrapLauncher.java:210) [bootstraplauncher-2.0.2.jar:?]
	at cpw.mods.bootstraplauncher@2.0.2/cpw.mods.bootstraplauncher.BootstrapLauncher.main(BootstrapLauncher.java:69) [bootstraplauncher-2.0.2.jar:?]
	at java.base/jdk.internal.reflect.DirectMethodHandleAccessor.invoke(DirectMethodHandleAccessor.java:103) ~[?:?]
	at java.base/java.lang.reflect.Method.invoke(Method.java:580) ~[?:?]
	at net.neoforged.devlaunch.Main.main(Main.java:57) [DevLaunch-1.0.2.jar:?]
[18мар.2026 16:04:05.882] [Render thread/WARN] [net.minecraft.client.renderer.texture.TextureManager/]: Failed to load texture: lvluping:textures/gui/talents/warrior_base.png
java.io.FileNotFoundException: lvluping:textures/gui/talents/warrior_base.png
	at TRANSFORMER/minecraft@1.21.1/net.minecraft.server.packs.resources.ResourceProvider.lambda$getResourceOrThrow$1(ResourceProvider.java:18) ~[neoforge-21.1.214.jar%23192!/:?]
	at java.base/java.util.Optional.orElseThrow(Optional.java:403) ~[?:?]
	at TRANSFORMER/minecraft@1.21.1/net.minecraft.server.packs.resources.ResourceProvider.getResourceOrThrow(ResourceProvider.java:18) ~[neoforge-21.1.214.jar%23192!/:?]
	at TRANSFORMER/minecraft@1.21.1/net.minecraft.client.renderer.texture.SimpleTexture$TextureImage.load(SimpleTexture.java:83) ~[neoforge-21.1.214.jar%23192!/:?]
	at TRANSFORMER/minecraft@1.21.1/net.minecraft.client.renderer.texture.SimpleTexture.getTextureImage(SimpleTexture.java:57) ~[neoforge-21.1.214.jar%23192!/:?]
	at TRANSFORMER/minecraft@1.21.1/net.minecraft.client.renderer.texture.SimpleTexture.load(SimpleTexture.java:30) ~[neoforge-21.1.214.jar%23192!/:?]
	at TRANSFORMER/minecraft@1.21.1/net.minecraft.client.renderer.texture.TextureManager.loadTexture(TextureManager.java:92) ~[neoforge-21.1.214.jar%23192!/:?]
	at TRANSFORMER/minecraft@1.21.1/net.minecraft.client.renderer.texture.TextureManager.register(TextureManager.java:63) ~[neoforge-21.1.214.jar%23192!/:?]
	at TRANSFORMER/minecraft@1.21.1/net.minecraft.client.renderer.texture.TextureManager.getTexture(TextureManager.java:113) ~[neoforge-21.1.214.jar%23192!/:?]
	at TRANSFORMER/minecraft@1.21.1/com.mojang.blaze3d.systems.RenderSystem._setShaderTexture(RenderSystem.java:725) ~[neoforge-21.1.214.jar%23192!/:?]
	at TRANSFORMER/minecraft@1.21.1/com.mojang.blaze3d.systems.RenderSystem.setShaderTexture(RenderSystem.java:718) ~[neoforge-21.1.214.jar%23192!/:?]
	at TRANSFORMER/minecraft@1.21.1/net.minecraft.client.gui.GuiGraphics.innerBlit(GuiGraphics.java:965) ~[neoforge-21.1.214.jar%23192!/:?]
	at TRANSFORMER/minecraft@1.21.1/net.minecraft.client.gui.GuiGraphics.blit(GuiGraphics.java:923) ~[neoforge-21.1.214.jar%23192!/:?]
	at TRANSFORMER/minecraft@1.21.1/net.minecraft.client.gui.GuiGraphics.blit(GuiGraphics.java:865) ~[neoforge-21.1.214.jar%23192!/:?]
	at TRANSFORMER/minecraft@1.21.1/net.minecraft.client.gui.GuiGraphics.blit(GuiGraphics.java:888) ~[neoforge-21.1.214.jar%23192!/:?]
	at TRANSFORMER/lvluping@0.7/org.mrutcka.lvluping.client.TalentScreen.renderTalentsArea(TalentScreen.java:109) ~[%23197!/:?]
	at TRANSFORMER/lvluping@0.7/org.mrutcka.lvluping.client.TalentScreen.render(TalentScreen.java:48) ~[%23197!/:?]
	at TRANSFORMER/minecraft@1.21.1/net.minecraft.client.gui.screens.Screen.renderWithTooltip(Screen.java:112) ~[neoforge-21.1.214.jar%23192!/:?]
	at TRANSFORMER/neoforge@21.1.214/net.neoforged.neoforge.client.ClientHooks.drawScreenInternal(ClientHooks.java:429) ~[neoforge-21.1.214.jar%23193!/:?]
	at TRANSFORMER/neoforge@21.1.214/net.neoforged.neoforge.client.ClientHooks.drawScreen(ClientHooks.java:423) ~[neoforge-21.1.214.jar%23193!/:?]
	at TRANSFORMER/minecraft@1.21.1/net.minecraft.client.renderer.GameRenderer.render(GameRenderer.java:1098) ~[neoforge-21.1.214.jar%23192!/:?]
	at TRANSFORMER/minecraft@1.21.1/net.minecraft.client.Minecraft.runTick(Minecraft.java:1201) ~[neoforge-21.1.214.jar%23192!/:?]
	at TRANSFORMER/minecraft@1.21.1/net.minecraft.client.Minecraft.run(Minecraft.java:813) ~[neoforge-21.1.214.jar%23192!/:?]
	at TRANSFORMER/minecraft@1.21.1/net.minecraft.client.main.Main.main(Main.java:230) ~[neoforge-21.1.214.jar%23192!/:?]
	at java.base/jdk.internal.reflect.DirectMethodHandleAccessor.invoke(DirectMethodHandleAccessor.java:103) ~[?:?]
	at java.base/java.lang.reflect.Method.invoke(Method.java:580) ~[?:?]
	at MC-BOOTSTRAP/fml_loader@4.0.42/net.neoforged.fml.loading.targets.CommonLaunchHandler.runTarget(CommonLaunchHandler.java:136) ~[loader-4.0.42.jar%23146!/:4.0]
	at MC-BOOTSTRAP/fml_loader@4.0.42/net.neoforged.fml.loading.targets.CommonLaunchHandler.clientService(CommonLaunchHandler.java:124) ~[loader-4.0.42.jar%23146!/:4.0]
	at MC-BOOTSTRAP/fml_loader@4.0.42/net.neoforged.fml.loading.targets.NeoForgeClientDevLaunchHandler.runService(NeoForgeClientDevLaunchHandler.java:23) ~[loader-4.0.42.jar%23146!/:4.0]
	at MC-BOOTSTRAP/fml_loader@4.0.42/net.neoforged.fml.loading.targets.CommonLaunchHandler.lambda$launchService$4(CommonLaunchHandler.java:118) ~[loader-4.0.42.jar%23146!/:4.0]
	at MC-BOOTSTRAP/cpw.mods.modlauncher@11.0.5/cpw.mods.modlauncher.LaunchServiceHandlerDecorator.launch(LaunchServiceHandlerDecorator.java:30) [modlauncher-11.0.5.jar%23128!/:?]
	at MC-BOOTSTRAP/cpw.mods.modlauncher@11.0.5/cpw.mods.modlauncher.LaunchServiceHandler.launch(LaunchServiceHandler.java:53) [modlauncher-11.0.5.jar%23128!/:?]
	at MC-BOOTSTRAP/cpw.mods.modlauncher@11.0.5/cpw.mods.modlauncher.LaunchServiceHandler.launch(LaunchServiceHandler.java:71) [modlauncher-11.0.5.jar%23128!/:?]
	at MC-BOOTSTRAP/cpw.mods.modlauncher@11.0.5/cpw.mods.modlauncher.Launcher.run(Launcher.java:103) [modlauncher-11.0.5.jar%23128!/:?]
	at MC-BOOTSTRAP/cpw.mods.modlauncher@11.0.5/cpw.mods.modlauncher.Launcher.main(Launcher.java:74) [modlauncher-11.0.5.jar%23128!/:?]
	at MC-BOOTSTRAP/cpw.mods.modlauncher@11.0.5/cpw.mods.modlauncher.BootstrapLaunchConsumer.accept(BootstrapLaunchConsumer.java:26) [modlauncher-11.0.5.jar%23128!/:?]
	at MC-BOOTSTRAP/cpw.mods.modlauncher@11.0.5/cpw.mods.modlauncher.BootstrapLaunchConsumer.accept(BootstrapLaunchConsumer.java:23) [modlauncher-11.0.5.jar%23128!/:?]
	at cpw.mods.bootstraplauncher@2.0.2/cpw.mods.bootstraplauncher.BootstrapLauncher.run(BootstrapLauncher.java:210) [bootstraplauncher-2.0.2.jar:?]
	at cpw.mods.bootstraplauncher@2.0.2/cpw.mods.bootstraplauncher.BootstrapLauncher.main(BootstrapLauncher.java:69) [bootstraplauncher-2.0.2.jar:?]
	at java.base/jdk.internal.reflect.DirectMethodHandleAccessor.invoke(DirectMethodHandleAccessor.java:103) ~[?:?]
	at java.base/java.lang.reflect.Method.invoke(Method.java:580) ~[?:?]
	at net.neoforged.devlaunch.Main.main(Main.java:57) [DevLaunch-1.0.2.jar:?]
[18мар.2026 16:04:05.885] [Render thread/WARN] [net.minecraft.client.renderer.texture.TextureManager/]: Failed to load texture: lvluping:textures/gui/talents/archer_base.png
java.io.FileNotFoundException: lvluping:textures/gui/talents/archer_base.png
	at TRANSFORMER/minecraft@1.21.1/net.minecraft.server.packs.resources.ResourceProvider.lambda$getResourceOrThrow$1(ResourceProvider.java:18) ~[neoforge-21.1.214.jar%23192!/:?]
	at java.base/java.util.Optional.orElseThrow(Optional.java:403) ~[?:?]
	at TRANSFORMER/minecraft@1.21.1/net.minecraft.server.packs.resources.ResourceProvider.getResourceOrThrow(ResourceProvider.java:18) ~[neoforge-21.1.214.jar%23192!/:?]
	at TRANSFORMER/geckolib@4.8.2/software.bernie.geckolib.cache.texture.AnimatableTexture.load(AnimatableTexture.java:40) ~[geckolib-neoforge-1.21.1-4.8.2.jar%23196!/:4.8.2]
	at TRANSFORMER/minecraft@1.21.1/net.minecraft.client.renderer.texture.TextureManager.loadTexture(TextureManager.java:92) ~[neoforge-21.1.214.jar%23192!/:?]
	at TRANSFORMER/minecraft@1.21.1/net.minecraft.client.renderer.texture.TextureManager.register(TextureManager.java:63) ~[neoforge-21.1.214.jar%23192!/:?]
	at TRANSFORMER/minecraft@1.21.1/net.minecraft.client.renderer.texture.TextureManager.wrapOperation$zbc000$geckolib$replaceAnimatableTexture(TextureManager.java:531) ~[neoforge-21.1.214.jar%23192!/:?]
	at TRANSFORMER/minecraft@1.21.1/net.minecraft.client.renderer.texture.TextureManager.getTexture(TextureManager.java:112) ~[neoforge-21.1.214.jar%23192!/:?]
	at TRANSFORMER/minecraft@1.21.1/com.mojang.blaze3d.systems.RenderSystem._setShaderTexture(RenderSystem.java:725) ~[neoforge-21.1.214.jar%23192!/:?]
	at TRANSFORMER/minecraft@1.21.1/com.mojang.blaze3d.systems.RenderSystem.setShaderTexture(RenderSystem.java:718) ~[neoforge-21.1.214.jar%23192!/:?]
	at TRANSFORMER/minecraft@1.21.1/net.minecraft.client.gui.GuiGraphics.innerBlit(GuiGraphics.java:965) ~[neoforge-21.1.214.jar%23192!/:?]
	at TRANSFORMER/minecraft@1.21.1/net.minecraft.client.gui.GuiGraphics.blit(GuiGraphics.java:923) ~[neoforge-21.1.214.jar%23192!/:?]
	at TRANSFORMER/minecraft@1.21.1/net.minecraft.client.gui.GuiGraphics.blit(GuiGraphics.java:865) ~[neoforge-21.1.214.jar%23192!/:?]
	at TRANSFORMER/minecraft@1.21.1/net.minecraft.client.gui.GuiGraphics.blit(GuiGraphics.java:888) ~[neoforge-21.1.214.jar%23192!/:?]
	at TRANSFORMER/lvluping@0.7/org.mrutcka.lvluping.client.TalentScreen.renderTalentsArea(TalentScreen.java:109) ~[%23197!/:?]
	at TRANSFORMER/lvluping@0.7/org.mrutcka.lvluping.client.TalentScreen.render(TalentScreen.java:48) ~[%23197!/:?]
	at TRANSFORMER/minecraft@1.21.1/net.minecraft.client.gui.screens.Screen.renderWithTooltip(Screen.java:112) ~[neoforge-21.1.214.jar%23192!/:?]
	at TRANSFORMER/neoforge@21.1.214/net.neoforged.neoforge.client.ClientHooks.drawScreenInternal(ClientHooks.java:429) ~[neoforge-21.1.214.jar%23193!/:?]
	at TRANSFORMER/neoforge@21.1.214/net.neoforged.neoforge.client.ClientHooks.drawScreen(ClientHooks.java:423) ~[neoforge-21.1.214.jar%23193!/:?]
	at TRANSFORMER/minecraft@1.21.1/net.minecraft.client.renderer.GameRenderer.render(GameRenderer.java:1098) ~[neoforge-21.1.214.jar%23192!/:?]
	at TRANSFORMER/minecraft@1.21.1/net.minecraft.client.Minecraft.runTick(Minecraft.java:1201) ~[neoforge-21.1.214.jar%23192!/:?]
	at TRANSFORMER/minecraft@1.21.1/net.minecraft.client.Minecraft.run(Minecraft.java:813) ~[neoforge-21.1.214.jar%23192!/:?]
	at TRANSFORMER/minecraft@1.21.1/net.minecraft.client.main.Main.main(Main.java:230) ~[neoforge-21.1.214.jar%23192!/:?]
	at java.base/jdk.internal.reflect.DirectMethodHandleAccessor.invoke(DirectMethodHandleAccessor.java:103) ~[?:?]
	at java.base/java.lang.reflect.Method.invoke(Method.java:580) ~[?:?]
	at MC-BOOTSTRAP/fml_loader@4.0.42/net.neoforged.fml.loading.targets.CommonLaunchHandler.runTarget(CommonLaunchHandler.java:136) ~[loader-4.0.42.jar%23146!/:4.0]
	at MC-BOOTSTRAP/fml_loader@4.0.42/net.neoforged.fml.loading.targets.CommonLaunchHandler.clientService(CommonLaunchHandler.java:124) ~[loader-4.0.42.jar%23146!/:4.0]
	at MC-BOOTSTRAP/fml_loader@4.0.42/net.neoforged.fml.loading.targets.NeoForgeClientDevLaunchHandler.runService(NeoForgeClientDevLaunchHandler.java:23) ~[loader-4.0.42.jar%23146!/:4.0]
	at MC-BOOTSTRAP/fml_loader@4.0.42/net.neoforged.fml.loading.targets.CommonLaunchHandler.lambda$launchService$4(CommonLaunchHandler.java:118) ~[loader-4.0.42.jar%23146!/:4.0]
	at MC-BOOTSTRAP/cpw.mods.modlauncher@11.0.5/cpw.mods.modlauncher.LaunchServiceHandlerDecorator.launch(LaunchServiceHandlerDecorator.java:30) [modlauncher-11.0.5.jar%23128!/:?]
	at MC-BOOTSTRAP/cpw.mods.modlauncher@11.0.5/cpw.mods.modlauncher.LaunchServiceHandler.launch(LaunchServiceHandler.java:53) [modlauncher-11.0.5.jar%23128!/:?]
	at MC-BOOTSTRAP/cpw.mods.modlauncher@11.0.5/cpw.mods.modlauncher.LaunchServiceHandler.launch(LaunchServiceHandler.java:71) [modlauncher-11.0.5.jar%23128!/:?]
	at MC-BOOTSTRAP/cpw.mods.modlauncher@11.0.5/cpw.mods.modlauncher.Launcher.run(Launcher.java:103) [modlauncher-11.0.5.jar%23128!/:?]
	at MC-BOOTSTRAP/cpw.mods.modlauncher@11.0.5/cpw.mods.modlauncher.Launcher.main(Launcher.java:74) [modlauncher-11.0.5.jar%23128!/:?]
	at MC-BOOTSTRAP/cpw.mods.modlauncher@11.0.5/cpw.mods.modlauncher.BootstrapLaunchConsumer.accept(BootstrapLaunchConsumer.java:26) [modlauncher-11.0.5.jar%23128!/:?]
	at MC-BOOTSTRAP/cpw.mods.modlauncher@11.0.5/cpw.mods.modlauncher.BootstrapLaunchConsumer.accept(BootstrapLaunchConsumer.java:23) [modlauncher-11.0.5.jar%23128!/:?]
	at cpw.mods.bootstraplauncher@2.0.2/cpw.mods.bootstraplauncher.BootstrapLauncher.run(BootstrapLauncher.java:210) [bootstraplauncher-2.0.2.jar:?]
	at cpw.mods.bootstraplauncher@2.0.2/cpw.mods.bootstraplauncher.BootstrapLauncher.main(BootstrapLauncher.java:69) [bootstraplauncher-2.0.2.jar:?]
	at java.base/jdk.internal.reflect.DirectMethodHandleAccessor.invoke(DirectMethodHandleAccessor.java:103) ~[?:?]
	at java.base/java.lang.reflect.Method.invoke(Method.java:580) ~[?:?]
	at net.neoforged.devlaunch.Main.main(Main.java:57) [DevLaunch-1.0.2.jar:?]
[18мар.2026 16:04:05.887] [Render thread/WARN] [net.minecraft.client.renderer.texture.TextureManager/]: Failed to load texture: lvluping:textures/gui/talents/archer_base.png
java.io.FileNotFoundException: lvluping:textures/gui/talents/archer_base.png
	at TRANSFORMER/minecraft@1.21.1/net.minecraft.server.packs.resources.ResourceProvider.lambda$getResourceOrThrow$1(ResourceProvider.java:18) ~[neoforge-21.1.214.jar%23192!/:?]
	at java.base/java.util.Optional.orElseThrow(Optional.java:403) ~[?:?]
	at TRANSFORMER/minecraft@1.21.1/net.minecraft.server.packs.resources.ResourceProvider.getResourceOrThrow(ResourceProvider.java:18) ~[neoforge-21.1.214.jar%23192!/:?]
	at TRANSFORMER/minecraft@1.21.1/net.minecraft.client.renderer.texture.SimpleTexture$TextureImage.load(SimpleTexture.java:83) ~[neoforge-21.1.214.jar%23192!/:?]
	at TRANSFORMER/minecraft@1.21.1/net.minecraft.client.renderer.texture.SimpleTexture.getTextureImage(SimpleTexture.java:57) ~[neoforge-21.1.214.jar%23192!/:?]
	at TRANSFORMER/minecraft@1.21.1/net.minecraft.client.renderer.texture.SimpleTexture.load(SimpleTexture.java:30) ~[neoforge-21.1.214.jar%23192!/:?]
	at TRANSFORMER/minecraft@1.21.1/net.minecraft.client.renderer.texture.TextureManager.loadTexture(TextureManager.java:92) ~[neoforge-21.1.214.jar%23192!/:?]
	at TRANSFORMER/minecraft@1.21.1/net.minecraft.client.renderer.texture.TextureManager.register(TextureManager.java:63) ~[neoforge-21.1.214.jar%23192!/:?]
	at TRANSFORMER/minecraft@1.21.1/net.minecraft.client.renderer.texture.TextureManager.getTexture(TextureManager.java:113) ~[neoforge-21.1.214.jar%23192!/:?]
	at TRANSFORMER/minecraft@1.21.1/com.mojang.blaze3d.systems.RenderSystem._setShaderTexture(RenderSystem.java:725) ~[neoforge-21.1.214.jar%23192!/:?]
	at TRANSFORMER/minecraft@1.21.1/com.mojang.blaze3d.systems.RenderSystem.setShaderTexture(RenderSystem.java:718) ~[neoforge-21.1.214.jar%23192!/:?]
	at TRANSFORMER/minecraft@1.21.1/net.minecraft.client.gui.GuiGraphics.innerBlit(GuiGraphics.java:965) ~[neoforge-21.1.214.jar%23192!/:?]
	at TRANSFORMER/minecraft@1.21.1/net.minecraft.client.gui.GuiGraphics.blit(GuiGraphics.java:923) ~[neoforge-21.1.214.jar%23192!/:?]
	at TRANSFORMER/minecraft@1.21.1/net.minecraft.client.gui.GuiGraphics.blit(GuiGraphics.java:865) ~[neoforge-21.1.214.jar%23192!/:?]
	at TRANSFORMER/minecraft@1.21.1/net.minecraft.client.gui.GuiGraphics.blit(GuiGraphics.java:888) ~[neoforge-21.1.214.jar%23192!/:?]
	at TRANSFORMER/lvluping@0.7/org.mrutcka.lvluping.client.TalentScreen.renderTalentsArea(TalentScreen.java:109) ~[%23197!/:?]
	at TRANSFORMER/lvluping@0.7/org.mrutcka.lvluping.client.TalentScreen.render(TalentScreen.java:48) ~[%23197!/:?]
	at TRANSFORMER/minecraft@1.21.1/net.minecraft.client.gui.screens.Screen.renderWithTooltip(Screen.java:112) ~[neoforge-21.1.214.jar%23192!/:?]
	at TRANSFORMER/neoforge@21.1.214/net.neoforged.neoforge.client.ClientHooks.drawScreenInternal(ClientHooks.java:429) ~[neoforge-21.1.214.jar%23193!/:?]
	at TRANSFORMER/neoforge@21.1.214/net.neoforged.neoforge.client.ClientHooks.drawScreen(ClientHooks.java:423) ~[neoforge-21.1.214.jar%23193!/:?]
	at TRANSFORMER/minecraft@1.21.1/net.minecraft.client.renderer.GameRenderer.render(GameRenderer.java:1098) ~[neoforge-21.1.214.jar%23192!/:?]
	at TRANSFORMER/minecraft@1.21.1/net.minecraft.client.Minecraft.runTick(Minecraft.java:1201) ~[neoforge-21.1.214.jar%23192!/:?]
	at TRANSFORMER/minecraft@1.21.1/net.minecraft.client.Minecraft.run(Minecraft.java:813) ~[neoforge-21.1.214.jar%23192!/:?]
	at TRANSFORMER/minecraft@1.21.1/net.minecraft.client.main.Main.main(Main.java:230) ~[neoforge-21.1.214.jar%23192!/:?]
	at java.base/jdk.internal.reflect.DirectMethodHandleAccessor.invoke(DirectMethodHandleAccessor.java:103) ~[?:?]
	at java.base/java.lang.reflect.Method.invoke(Method.java:580) ~[?:?]
	at MC-BOOTSTRAP/fml_loader@4.0.42/net.neoforged.fml.loading.targets.CommonLaunchHandler.runTarget(CommonLaunchHandler.java:136) ~[loader-4.0.42.jar%23146!/:4.0]
	at MC-BOOTSTRAP/fml_loader@4.0.42/net.neoforged.fml.loading.targets.CommonLaunchHandler.clientService(CommonLaunchHandler.java:124) ~[loader-4.0.42.jar%23146!/:4.0]
	at MC-BOOTSTRAP/fml_loader@4.0.42/net.neoforged.fml.loading.targets.NeoForgeClientDevLaunchHandler.runService(NeoForgeClientDevLaunchHandler.java:23) ~[loader-4.0.42.jar%23146!/:4.0]
	at MC-BOOTSTRAP/fml_loader@4.0.42/net.neoforged.fml.loading.targets.CommonLaunchHandler.lambda$launchService$4(CommonLaunchHandler.java:118) ~[loader-4.0.42.jar%23146!/:4.0]
	at MC-BOOTSTRAP/cpw.mods.modlauncher@11.0.5/cpw.mods.modlauncher.LaunchServiceHandlerDecorator.launch(LaunchServiceHandlerDecorator.java:30) [modlauncher-11.0.5.jar%23128!/:?]
	at MC-BOOTSTRAP/cpw.mods.modlauncher@11.0.5/cpw.mods.modlauncher.LaunchServiceHandler.launch(LaunchServiceHandler.java:53) [modlauncher-11.0.5.jar%23128!/:?]
	at MC-BOOTSTRAP/cpw.mods.modlauncher@11.0.5/cpw.mods.modlauncher.LaunchServiceHandler.launch(LaunchServiceHandler.java:71) [modlauncher-11.0.5.jar%23128!/:?]
	at MC-BOOTSTRAP/cpw.mods.modlauncher@11.0.5/cpw.mods.modlauncher.Launcher.run(Launcher.java:103) [modlauncher-11.0.5.jar%23128!/:?]
	at MC-BOOTSTRAP/cpw.mods.modlauncher@11.0.5/cpw.mods.modlauncher.Launcher.main(Launcher.java:74) [modlauncher-11.0.5.jar%23128!/:?]
	at MC-BOOTSTRAP/cpw.mods.modlauncher@11.0.5/cpw.mods.modlauncher.BootstrapLaunchConsumer.accept(BootstrapLaunchConsumer.java:26) [modlauncher-11.0.5.jar%23128!/:?]
	at MC-BOOTSTRAP/cpw.mods.modlauncher@11.0.5/cpw.mods.modlauncher.BootstrapLaunchConsumer.accept(BootstrapLaunchConsumer.java:23) [modlauncher-11.0.5.jar%23128!/:?]
	at cpw.mods.bootstraplauncher@2.0.2/cpw.mods.bootstraplauncher.BootstrapLauncher.run(BootstrapLauncher.java:210) [bootstraplauncher-2.0.2.jar:?]
	at cpw.mods.bootstraplauncher@2.0.2/cpw.mods.bootstraplauncher.BootstrapLauncher.main(BootstrapLauncher.java:69) [bootstraplauncher-2.0.2.jar:?]
	at java.base/jdk.internal.reflect.DirectMethodHandleAccessor.invoke(DirectMethodHandleAccessor.java:103) ~[?:?]
	at java.base/java.lang.reflect.Method.invoke(Method.java:580) ~[?:?]
	at net.neoforged.devlaunch.Main.main(Main.java:57) [DevLaunch-1.0.2.jar:?]
[18мар.2026 16:04:05.889] [Render thread/WARN] [net.minecraft.client.renderer.texture.TextureManager/]: Failed to load texture: lvluping:textures/gui/talents/mage_base.png
java.io.FileNotFoundException: lvluping:textures/gui/talents/mage_base.png
	at TRANSFORMER/minecraft@1.21.1/net.minecraft.server.packs.resources.ResourceProvider.lambda$getResourceOrThrow$1(ResourceProvider.java:18) ~[neoforge-21.1.214.jar%23192!/:?]
	at java.base/java.util.Optional.orElseThrow(Optional.java:403) ~[?:?]
	at TRANSFORMER/minecraft@1.21.1/net.minecraft.server.packs.resources.ResourceProvider.getResourceOrThrow(ResourceProvider.java:18) ~[neoforge-21.1.214.jar%23192!/:?]
	at TRANSFORMER/geckolib@4.8.2/software.bernie.geckolib.cache.texture.AnimatableTexture.load(AnimatableTexture.java:40) ~[geckolib-neoforge-1.21.1-4.8.2.jar%23196!/:4.8.2]
	at TRANSFORMER/minecraft@1.21.1/net.minecraft.client.renderer.texture.TextureManager.loadTexture(TextureManager.java:92) ~[neoforge-21.1.214.jar%23192!/:?]
	at TRANSFORMER/minecraft@1.21.1/net.minecraft.client.renderer.texture.TextureManager.register(TextureManager.java:63) ~[neoforge-21.1.214.jar%23192!/:?]
	at TRANSFORMER/minecraft@1.21.1/net.minecraft.client.renderer.texture.TextureManager.wrapOperation$zbc000$geckolib$replaceAnimatableTexture(TextureManager.java:531) ~[neoforge-21.1.214.jar%23192!/:?]
	at TRANSFORMER/minecraft@1.21.1/net.minecraft.client.renderer.texture.TextureManager.getTexture(TextureManager.java:112) ~[neoforge-21.1.214.jar%23192!/:?]
	at TRANSFORMER/minecraft@1.21.1/com.mojang.blaze3d.systems.RenderSystem._setShaderTexture(RenderSystem.java:725) ~[neoforge-21.1.214.jar%23192!/:?]
	at TRANSFORMER/minecraft@1.21.1/com.mojang.blaze3d.systems.RenderSystem.setShaderTexture(RenderSystem.java:718) ~[neoforge-21.1.214.jar%23192!/:?]
	at TRANSFORMER/minecraft@1.21.1/net.minecraft.client.gui.GuiGraphics.innerBlit(GuiGraphics.java:965) ~[neoforge-21.1.214.jar%23192!/:?]
	at TRANSFORMER/minecraft@1.21.1/net.minecraft.client.gui.GuiGraphics.blit(GuiGraphics.java:923) ~[neoforge-21.1.214.jar%23192!/:?]
	at TRANSFORMER/minecraft@1.21.1/net.minecraft.client.gui.GuiGraphics.blit(GuiGraphics.java:865) ~[neoforge-21.1.214.jar%23192!/:?]
	at TRANSFORMER/minecraft@1.21.1/net.minecraft.client.gui.GuiGraphics.blit(GuiGraphics.java:888) ~[neoforge-21.1.214.jar%23192!/:?]
	at TRANSFORMER/lvluping@0.7/org.mrutcka.lvluping.client.TalentScreen.renderTalentsArea(TalentScreen.java:109) ~[%23197!/:?]
	at TRANSFORMER/lvluping@0.7/org.mrutcka.lvluping.client.TalentScreen.render(TalentScreen.java:48) ~[%23197!/:?]
	at TRANSFORMER/minecraft@1.21.1/net.minecraft.client.gui.screens.Screen.renderWithTooltip(Screen.java:112) ~[neoforge-21.1.214.jar%23192!/:?]
	at TRANSFORMER/neoforge@21.1.214/net.neoforged.neoforge.client.ClientHooks.drawScreenInternal(ClientHooks.java:429) ~[neoforge-21.1.214.jar%23193!/:?]
	at TRANSFORMER/neoforge@21.1.214/net.neoforged.neoforge.client.ClientHooks.drawScreen(ClientHooks.java:423) ~[neoforge-21.1.214.jar%23193!/:?]
	at TRANSFORMER/minecraft@1.21.1/net.minecraft.client.renderer.GameRenderer.render(GameRenderer.java:1098) ~[neoforge-21.1.214.jar%23192!/:?]
	at TRANSFORMER/minecraft@1.21.1/net.minecraft.client.Minecraft.runTick(Minecraft.java:1201) ~[neoforge-21.1.214.jar%23192!/:?]
	at TRANSFORMER/minecraft@1.21.1/net.minecraft.client.Minecraft.run(Minecraft.java:813) ~[neoforge-21.1.214.jar%23192!/:?]
	at TRANSFORMER/minecraft@1.21.1/net.minecraft.client.main.Main.main(Main.java:230) ~[neoforge-21.1.214.jar%23192!/:?]
	at java.base/jdk.internal.reflect.DirectMethodHandleAccessor.invoke(DirectMethodHandleAccessor.java:103) ~[?:?]
	at java.base/java.lang.reflect.Method.invoke(Method.java:580) ~[?:?]
	at MC-BOOTSTRAP/fml_loader@4.0.42/net.neoforged.fml.loading.targets.CommonLaunchHandler.runTarget(CommonLaunchHandler.java:136) ~[loader-4.0.42.jar%23146!/:4.0]
	at MC-BOOTSTRAP/fml_loader@4.0.42/net.neoforged.fml.loading.targets.CommonLaunchHandler.clientService(CommonLaunchHandler.java:124) ~[loader-4.0.42.jar%23146!/:4.0]
	at MC-BOOTSTRAP/fml_loader@4.0.42/net.neoforged.fml.loading.targets.NeoForgeClientDevLaunchHandler.runService(NeoForgeClientDevLaunchHandler.java:23) ~[loader-4.0.42.jar%23146!/:4.0]
	at MC-BOOTSTRAP/fml_loader@4.0.42/net.neoforged.fml.loading.targets.CommonLaunchHandler.lambda$launchService$4(CommonLaunchHandler.java:118) ~[loader-4.0.42.jar%23146!/:4.0]
	at MC-BOOTSTRAP/cpw.mods.modlauncher@11.0.5/cpw.mods.modlauncher.LaunchServiceHandlerDecorator.launch(LaunchServiceHandlerDecorator.java:30) [modlauncher-11.0.5.jar%23128!/:?]
	at MC-BOOTSTRAP/cpw.mods.modlauncher@11.0.5/cpw.mods.modlauncher.LaunchServiceHandler.launch(LaunchServiceHandler.java:53) [modlauncher-11.0.5.jar%23128!/:?]
	at MC-BOOTSTRAP/cpw.mods.modlauncher@11.0.5/cpw.mods.modlauncher.LaunchServiceHandler.launch(LaunchServiceHandler.java:71) [modlauncher-11.0.5.jar%23128!/:?]
	at MC-BOOTSTRAP/cpw.mods.modlauncher@11.0.5/cpw.mods.modlauncher.Launcher.run(Launcher.java:103) [modlauncher-11.0.5.jar%23128!/:?]
	at MC-BOOTSTRAP/cpw.mods.modlauncher@11.0.5/cpw.mods.modlauncher.Launcher.main(Launcher.java:74) [modlauncher-11.0.5.jar%23128!/:?]
	at MC-BOOTSTRAP/cpw.mods.modlauncher@11.0.5/cpw.mods.modlauncher.BootstrapLaunchConsumer.accept(BootstrapLaunchConsumer.java:26) [modlauncher-11.0.5.jar%23128!/:?]
	at MC-BOOTSTRAP/cpw.mods.modlauncher@11.0.5/cpw.mods.modlauncher.BootstrapLaunchConsumer.accept(BootstrapLaunchConsumer.java:23) [modlauncher-11.0.5.jar%23128!/:?]
	at cpw.mods.bootstraplauncher@2.0.2/cpw.mods.bootstraplauncher.BootstrapLauncher.run(BootstrapLauncher.java:210) [bootstraplauncher-2.0.2.jar:?]
	at cpw.mods.bootstraplauncher@2.0.2/cpw.mods.bootstraplauncher.BootstrapLauncher.main(BootstrapLauncher.java:69) [bootstraplauncher-2.0.2.jar:?]
	at java.base/jdk.internal.reflect.DirectMethodHandleAccessor.invoke(DirectMethodHandleAccessor.java:103) ~[?:?]
	at java.base/java.lang.reflect.Method.invoke(Method.java:580) ~[?:?]
	at net.neoforged.devlaunch.Main.main(Main.java:57) [DevLaunch-1.0.2.jar:?]
[18мар.2026 16:04:05.891] [Render thread/WARN] [net.minecraft.client.renderer.texture.TextureManager/]: Failed to load texture: lvluping:textures/gui/talents/mage_base.png
java.io.FileNotFoundException: lvluping:textures/gui/talents/mage_base.png
	at TRANSFORMER/minecraft@1.21.1/net.minecraft.server.packs.resources.ResourceProvider.lambda$getResourceOrThrow$1(ResourceProvider.java:18) ~[neoforge-21.1.214.jar%23192!/:?]
	at java.base/java.util.Optional.orElseThrow(Optional.java:403) ~[?:?]
	at TRANSFORMER/minecraft@1.21.1/net.minecraft.server.packs.resources.ResourceProvider.getResourceOrThrow(ResourceProvider.java:18) ~[neoforge-21.1.214.jar%23192!/:?]
	at TRANSFORMER/minecraft@1.21.1/net.minecraft.client.renderer.texture.SimpleTexture$TextureImage.load(SimpleTexture.java:83) ~[neoforge-21.1.214.jar%23192!/:?]
	at TRANSFORMER/minecraft@1.21.1/net.minecraft.client.renderer.texture.SimpleTexture.getTextureImage(SimpleTexture.java:57) ~[neoforge-21.1.214.jar%23192!/:?]
	at TRANSFORMER/minecraft@1.21.1/net.minecraft.client.renderer.texture.SimpleTexture.load(SimpleTexture.java:30) ~[neoforge-21.1.214.jar%23192!/:?]
	at TRANSFORMER/minecraft@1.21.1/net.minecraft.client.renderer.texture.TextureManager.loadTexture(TextureManager.java:92) ~[neoforge-21.1.214.jar%23192!/:?]
	at TRANSFORMER/minecraft@1.21.1/net.minecraft.client.renderer.texture.TextureManager.register(TextureManager.java:63) ~[neoforge-21.1.214.jar%23192!/:?]
	at TRANSFORMER/minecraft@1.21.1/net.minecraft.client.renderer.texture.TextureManager.getTexture(TextureManager.java:113) ~[neoforge-21.1.214.jar%23192!/:?]
	at TRANSFORMER/minecraft@1.21.1/com.mojang.blaze3d.systems.RenderSystem._setShaderTexture(RenderSystem.java:725) ~[neoforge-21.1.214.jar%23192!/:?]
	at TRANSFORMER/minecraft@1.21.1/com.mojang.blaze3d.systems.RenderSystem.setShaderTexture(RenderSystem.java:718) ~[neoforge-21.1.214.jar%23192!/:?]
	at TRANSFORMER/minecraft@1.21.1/net.minecraft.client.gui.GuiGraphics.innerBlit(GuiGraphics.java:965) ~[neoforge-21.1.214.jar%23192!/:?]
	at TRANSFORMER/minecraft@1.21.1/net.minecraft.client.gui.GuiGraphics.blit(GuiGraphics.java:923) ~[neoforge-21.1.214.jar%23192!/:?]
	at TRANSFORMER/minecraft@1.21.1/net.minecraft.client.gui.GuiGraphics.blit(GuiGraphics.java:865) ~[neoforge-21.1.214.jar%23192!/:?]
	at TRANSFORMER/minecraft@1.21.1/net.minecraft.client.gui.GuiGraphics.blit(GuiGraphics.java:888) ~[neoforge-21.1.214.jar%23192!/:?]
	at TRANSFORMER/lvluping@0.7/org.mrutcka.lvluping.client.TalentScreen.renderTalentsArea(TalentScreen.java:109) ~[%23197!/:?]
	at TRANSFORMER/lvluping@0.7/org.mrutcka.lvluping.client.TalentScreen.render(TalentScreen.java:48) ~[%23197!/:?]
	at TRANSFORMER/minecraft@1.21.1/net.minecraft.client.gui.screens.Screen.renderWithTooltip(Screen.java:112) ~[neoforge-21.1.214.jar%23192!/:?]
	at TRANSFORMER/neoforge@21.1.214/net.neoforged.neoforge.client.ClientHooks.drawScreenInternal(ClientHooks.java:429) ~[neoforge-21.1.214.jar%23193!/:?]
	at TRANSFORMER/neoforge@21.1.214/net.neoforged.neoforge.client.ClientHooks.drawScreen(ClientHooks.java:423) ~[neoforge-21.1.214.jar%23193!/:?]
	at TRANSFORMER/minecraft@1.21.1/net.minecraft.client.renderer.GameRenderer.render(GameRenderer.java:1098) ~[neoforge-21.1.214.jar%23192!/:?]
	at TRANSFORMER/minecraft@1.21.1/net.minecraft.client.Minecraft.runTick(Minecraft.java:1201) ~[neoforge-21.1.214.jar%23192!/:?]
	at TRANSFORMER/minecraft@1.21.1/net.minecraft.client.Minecraft.run(Minecraft.java:813) ~[neoforge-21.1.214.jar%23192!/:?]
	at TRANSFORMER/minecraft@1.21.1/net.minecraft.client.main.Main.main(Main.java:230) ~[neoforge-21.1.214.jar%23192!/:?]
	at java.base/jdk.internal.reflect.DirectMethodHandleAccessor.invoke(DirectMethodHandleAccessor.java:103) ~[?:?]
	at java.base/java.lang.reflect.Method.invoke(Method.java:580) ~[?:?]
	at MC-BOOTSTRAP/fml_loader@4.0.42/net.neoforged.fml.loading.targets.CommonLaunchHandler.runTarget(CommonLaunchHandler.java:136) ~[loader-4.0.42.jar%23146!/:4.0]
	at MC-BOOTSTRAP/fml_loader@4.0.42/net.neoforged.fml.loading.targets.CommonLaunchHandler.clientService(CommonLaunchHandler.java:124) ~[loader-4.0.42.jar%23146!/:4.0]
	at MC-BOOTSTRAP/fml_loader@4.0.42/net.neoforged.fml.loading.targets.NeoForgeClientDevLaunchHandler.runService(NeoForgeClientDevLaunchHandler.java:23) ~[loader-4.0.42.jar%23146!/:4.0]
	at MC-BOOTSTRAP/fml_loader@4.0.42/net.neoforged.fml.loading.targets.CommonLaunchHandler.lambda$launchService$4(CommonLaunchHandler.java:118) ~[loader-4.0.42.jar%23146!/:4.0]
	at MC-BOOTSTRAP/cpw.mods.modlauncher@11.0.5/cpw.mods.modlauncher.LaunchServiceHandlerDecorator.launch(LaunchServiceHandlerDecorator.java:30) [modlauncher-11.0.5.jar%23128!/:?]
	at MC-BOOTSTRAP/cpw.mods.modlauncher@11.0.5/cpw.mods.modlauncher.LaunchServiceHandler.launch(LaunchServiceHandler.java:53) [modlauncher-11.0.5.jar%23128!/:?]
	at MC-BOOTSTRAP/cpw.mods.modlauncher@11.0.5/cpw.mods.modlauncher.LaunchServiceHandler.launch(LaunchServiceHandler.java:71) [modlauncher-11.0.5.jar%23128!/:?]
	at MC-BOOTSTRAP/cpw.mods.modlauncher@11.0.5/cpw.mods.modlauncher.Launcher.run(Launcher.java:103) [modlauncher-11.0.5.jar%23128!/:?]
	at MC-BOOTSTRAP/cpw.mods.modlauncher@11.0.5/cpw.mods.modlauncher.Launcher.main(Launcher.java:74) [modlauncher-11.0.5.jar%23128!/:?]
	at MC-BOOTSTRAP/cpw.mods.modlauncher@11.0.5/cpw.mods.modlauncher.BootstrapLaunchConsumer.accept(BootstrapLaunchConsumer.java:26) [modlauncher-11.0.5.jar%23128!/:?]
	at MC-BOOTSTRAP/cpw.mods.modlauncher@11.0.5/cpw.mods.modlauncher.BootstrapLaunchConsumer.accept(BootstrapLaunchConsumer.java:23) [modlauncher-11.0.5.jar%23128!/:?]
	at cpw.mods.bootstraplauncher@2.0.2/cpw.mods.bootstraplauncher.BootstrapLauncher.run(BootstrapLauncher.java:210) [bootstraplauncher-2.0.2.jar:?]
	at cpw.mods.bootstraplauncher@2.0.2/cpw.mods.bootstraplauncher.BootstrapLauncher.main(BootstrapLauncher.java:69) [bootstraplauncher-2.0.2.jar:?]
	at java.base/jdk.internal.reflect.DirectMethodHandleAccessor.invoke(DirectMethodHandleAccessor.java:103) ~[?:?]
	at java.base/java.lang.reflect.Method.invoke(Method.java:580) ~[?:?]
	at net.neoforged.devlaunch.Main.main(Main.java:57) [DevLaunch-1.0.2.jar:?]
[18мар.2026 16:04:05.892] [Render thread/WARN] [net.minecraft.client.renderer.texture.TextureManager/]: Failed to load texture: lvluping:textures/gui/talents/assassin_base.png
java.io.FileNotFoundException: lvluping:textures/gui/talents/assassin_base.png
	at TRANSFORMER/minecraft@1.21.1/net.minecraft.server.packs.resources.ResourceProvider.lambda$getResourceOrThrow$1(ResourceProvider.java:18) ~[neoforge-21.1.214.jar%23192!/:?]
	at java.base/java.util.Optional.orElseThrow(Optional.java:403) ~[?:?]
	at TRANSFORMER/minecraft@1.21.1/net.minecraft.server.packs.resources.ResourceProvider.getResourceOrThrow(ResourceProvider.java:18) ~[neoforge-21.1.214.jar%23192!/:?]
	at TRANSFORMER/geckolib@4.8.2/software.bernie.geckolib.cache.texture.AnimatableTexture.load(AnimatableTexture.java:40) ~[geckolib-neoforge-1.21.1-4.8.2.jar%23196!/:4.8.2]
	at TRANSFORMER/minecraft@1.21.1/net.minecraft.client.renderer.texture.TextureManager.loadTexture(TextureManager.java:92) ~[neoforge-21.1.214.jar%23192!/:?]
	at TRANSFORMER/minecraft@1.21.1/net.minecraft.client.renderer.texture.TextureManager.register(TextureManager.java:63) ~[neoforge-21.1.214.jar%23192!/:?]
	at TRANSFORMER/minecraft@1.21.1/net.minecraft.client.renderer.texture.TextureManager.wrapOperation$zbc000$geckolib$replaceAnimatableTexture(TextureManager.java:531) ~[neoforge-21.1.214.jar%23192!/:?]
	at TRANSFORMER/minecraft@1.21.1/net.minecraft.client.renderer.texture.TextureManager.getTexture(TextureManager.java:112) ~[neoforge-21.1.214.jar%23192!/:?]
	at TRANSFORMER/minecraft@1.21.1/com.mojang.blaze3d.systems.RenderSystem._setShaderTexture(RenderSystem.java:725) ~[neoforge-21.1.214.jar%23192!/:?]
	at TRANSFORMER/minecraft@1.21.1/com.mojang.blaze3d.systems.RenderSystem.setShaderTexture(RenderSystem.java:718) ~[neoforge-21.1.214.jar%23192!/:?]
	at TRANSFORMER/minecraft@1.21.1/net.minecraft.client.gui.GuiGraphics.innerBlit(GuiGraphics.java:965) ~[neoforge-21.1.214.jar%23192!/:?]
	at TRANSFORMER/minecraft@1.21.1/net.minecraft.client.gui.GuiGraphics.blit(GuiGraphics.java:923) ~[neoforge-21.1.214.jar%23192!/:?]
	at TRANSFORMER/minecraft@1.21.1/net.minecraft.client.gui.GuiGraphics.blit(GuiGraphics.java:865) ~[neoforge-21.1.214.jar%23192!/:?]
	at TRANSFORMER/minecraft@1.21.1/net.minecraft.client.gui.GuiGraphics.blit(GuiGraphics.java:888) ~[neoforge-21.1.214.jar%23192!/:?]
	at TRANSFORMER/lvluping@0.7/org.mrutcka.lvluping.client.TalentScreen.renderTalentsArea(TalentScreen.java:109) ~[%23197!/:?]
	at TRANSFORMER/lvluping@0.7/org.mrutcka.lvluping.client.TalentScreen.render(TalentScreen.java:48) ~[%23197!/:?]
	at TRANSFORMER/minecraft@1.21.1/net.minecraft.client.gui.screens.Screen.renderWithTooltip(Screen.java:112) ~[neoforge-21.1.214.jar%23192!/:?]
	at TRANSFORMER/neoforge@21.1.214/net.neoforged.neoforge.client.ClientHooks.drawScreenInternal(ClientHooks.java:429) ~[neoforge-21.1.214.jar%23193!/:?]
	at TRANSFORMER/neoforge@21.1.214/net.neoforged.neoforge.client.ClientHooks.drawScreen(ClientHooks.java:423) ~[neoforge-21.1.214.jar%23193!/:?]
	at TRANSFORMER/minecraft@1.21.1/net.minecraft.client.renderer.GameRenderer.render(GameRenderer.java:1098) ~[neoforge-21.1.214.jar%23192!/:?]
	at TRANSFORMER/minecraft@1.21.1/net.minecraft.client.Minecraft.runTick(Minecraft.java:1201) ~[neoforge-21.1.214.jar%23192!/:?]
	at TRANSFORMER/minecraft@1.21.1/net.minecraft.client.Minecraft.run(Minecraft.java:813) ~[neoforge-21.1.214.jar%23192!/:?]
	at TRANSFORMER/minecraft@1.21.1/net.minecraft.client.main.Main.main(Main.java:230) ~[neoforge-21.1.214.jar%23192!/:?]
	at java.base/jdk.internal.reflect.DirectMethodHandleAccessor.invoke(DirectMethodHandleAccessor.java:103) ~[?:?]
	at java.base/java.lang.reflect.Method.invoke(Method.java:580) ~[?:?]
	at MC-BOOTSTRAP/fml_loader@4.0.42/net.neoforged.fml.loading.targets.CommonLaunchHandler.runTarget(CommonLaunchHandler.java:136) ~[loader-4.0.42.jar%23146!/:4.0]
	at MC-BOOTSTRAP/fml_loader@4.0.42/net.neoforged.fml.loading.targets.CommonLaunchHandler.clientService(CommonLaunchHandler.java:124) ~[loader-4.0.42.jar%23146!/:4.0]
	at MC-BOOTSTRAP/fml_loader@4.0.42/net.neoforged.fml.loading.targets.NeoForgeClientDevLaunchHandler.runService(NeoForgeClientDevLaunchHandler.java:23) ~[loader-4.0.42.jar%23146!/:4.0]
	at MC-BOOTSTRAP/fml_loader@4.0.42/net.neoforged.fml.loading.targets.CommonLaunchHandler.lambda$launchService$4(CommonLaunchHandler.java:118) ~[loader-4.0.42.jar%23146!/:4.0]
	at MC-BOOTSTRAP/cpw.mods.modlauncher@11.0.5/cpw.mods.modlauncher.LaunchServiceHandlerDecorator.launch(LaunchServiceHandlerDecorator.java:30) [modlauncher-11.0.5.jar%23128!/:?]
	at MC-BOOTSTRAP/cpw.mods.modlauncher@11.0.5/cpw.mods.modlauncher.LaunchServiceHandler.launch(LaunchServiceHandler.java:53) [modlauncher-11.0.5.jar%23128!/:?]
	at MC-BOOTSTRAP/cpw.mods.modlauncher@11.0.5/cpw.mods.modlauncher.LaunchServiceHandler.launch(LaunchServiceHandler.java:71) [modlauncher-11.0.5.jar%23128!/:?]
	at MC-BOOTSTRAP/cpw.mods.modlauncher@11.0.5/cpw.mods.modlauncher.Launcher.run(Launcher.java:103) [modlauncher-11.0.5.jar%23128!/:?]
	at MC-BOOTSTRAP/cpw.mods.modlauncher@11.0.5/cpw.mods.modlauncher.Launcher.main(Launcher.java:74) [modlauncher-11.0.5.jar%23128!/:?]
	at MC-BOOTSTRAP/cpw.mods.modlauncher@11.0.5/cpw.mods.modlauncher.BootstrapLaunchConsumer.accept(BootstrapLaunchConsumer.java:26) [modlauncher-11.0.5.jar%23128!/:?]
	at MC-BOOTSTRAP/cpw.mods.modlauncher@11.0.5/cpw.mods.modlauncher.BootstrapLaunchConsumer.accept(BootstrapLaunchConsumer.java:23) [modlauncher-11.0.5.jar%23128!/:?]
	at cpw.mods.bootstraplauncher@2.0.2/cpw.mods.bootstraplauncher.BootstrapLauncher.run(BootstrapLauncher.java:210) [bootstraplauncher-2.0.2.jar:?]
	at cpw.mods.bootstraplauncher@2.0.2/cpw.mods.bootstraplauncher.BootstrapLauncher.main(BootstrapLauncher.java:69) [bootstraplauncher-2.0.2.jar:?]
	at java.base/jdk.internal.reflect.DirectMethodHandleAccessor.invoke(DirectMethodHandleAccessor.java:103) ~[?:?]
	at java.base/java.lang.reflect.Method.invoke(Method.java:580) ~[?:?]
	at net.neoforged.devlaunch.Main.main(Main.java:57) [DevLaunch-1.0.2.jar:?]
[18мар.2026 16:04:05.894] [Render thread/WARN] [net.minecraft.client.renderer.texture.TextureManager/]: Failed to load texture: lvluping:textures/gui/talents/assassin_base.png
java.io.FileNotFoundException: lvluping:textures/gui/talents/assassin_base.png
	at TRANSFORMER/minecraft@1.21.1/net.minecraft.server.packs.resources.ResourceProvider.lambda$getResourceOrThrow$1(ResourceProvider.java:18) ~[neoforge-21.1.214.jar%23192!/:?]
	at java.base/java.util.Optional.orElseThrow(Optional.java:403) ~[?:?]
	at TRANSFORMER/minecraft@1.21.1/net.minecraft.server.packs.resources.ResourceProvider.getResourceOrThrow(ResourceProvider.java:18) ~[neoforge-21.1.214.jar%23192!/:?]
	at TRANSFORMER/minecraft@1.21.1/net.minecraft.client.renderer.texture.SimpleTexture$TextureImage.load(SimpleTexture.java:83) ~[neoforge-21.1.214.jar%23192!/:?]
	at TRANSFORMER/minecraft@1.21.1/net.minecraft.client.renderer.texture.SimpleTexture.getTextureImage(SimpleTexture.java:57) ~[neoforge-21.1.214.jar%23192!/:?]
	at TRANSFORMER/minecraft@1.21.1/net.minecraft.client.renderer.texture.SimpleTexture.load(SimpleTexture.java:30) ~[neoforge-21.1.214.jar%23192!/:?]
	at TRANSFORMER/minecraft@1.21.1/net.minecraft.client.renderer.texture.TextureManager.loadTexture(TextureManager.java:92) ~[neoforge-21.1.214.jar%23192!/:?]
	at TRANSFORMER/minecraft@1.21.1/net.minecraft.client.renderer.texture.TextureManager.register(TextureManager.java:63) ~[neoforge-21.1.214.jar%23192!/:?]
	at TRANSFORMER/minecraft@1.21.1/net.minecraft.client.renderer.texture.TextureManager.getTexture(TextureManager.java:113) ~[neoforge-21.1.214.jar%23192!/:?]
	at TRANSFORMER/minecraft@1.21.1/com.mojang.blaze3d.systems.RenderSystem._setShaderTexture(RenderSystem.java:725) ~[neoforge-21.1.214.jar%23192!/:?]
	at TRANSFORMER/minecraft@1.21.1/com.mojang.blaze3d.systems.RenderSystem.setShaderTexture(RenderSystem.java:718) ~[neoforge-21.1.214.jar%23192!/:?]
	at TRANSFORMER/minecraft@1.21.1/net.minecraft.client.gui.GuiGraphics.innerBlit(GuiGraphics.java:965) ~[neoforge-21.1.214.jar%23192!/:?]
	at TRANSFORMER/minecraft@1.21.1/net.minecraft.client.gui.GuiGraphics.blit(GuiGraphics.java:923) ~[neoforge-21.1.214.jar%23192!/:?]
	at TRANSFORMER/minecraft@1.21.1/net.minecraft.client.gui.GuiGraphics.blit(GuiGraphics.java:865) ~[neoforge-21.1.214.jar%23192!/:?]
	at TRANSFORMER/minecraft@1.21.1/net.minecraft.client.gui.GuiGraphics.blit(GuiGraphics.java:888) ~[neoforge-21.1.214.jar%23192!/:?]
	at TRANSFORMER/lvluping@0.7/org.mrutcka.lvluping.client.TalentScreen.renderTalentsArea(TalentScreen.java:109) ~[%23197!/:?]
	at TRANSFORMER/lvluping@0.7/org.mrutcka.lvluping.client.TalentScreen.render(TalentScreen.java:48) ~[%23197!/:?]
	at TRANSFORMER/minecraft@1.21.1/net.minecraft.client.gui.screens.Screen.renderWithTooltip(Screen.java:112) ~[neoforge-21.1.214.jar%23192!/:?]
	at TRANSFORMER/neoforge@21.1.214/net.neoforged.neoforge.client.ClientHooks.drawScreenInternal(ClientHooks.java:429) ~[neoforge-21.1.214.jar%23193!/:?]
	at TRANSFORMER/neoforge@21.1.214/net.neoforged.neoforge.client.ClientHooks.drawScreen(ClientHooks.java:423) ~[neoforge-21.1.214.jar%23193!/:?]
	at TRANSFORMER/minecraft@1.21.1/net.minecraft.client.renderer.GameRenderer.render(GameRenderer.java:1098) ~[neoforge-21.1.214.jar%23192!/:?]
	at TRANSFORMER/minecraft@1.21.1/net.minecraft.client.Minecraft.runTick(Minecraft.java:1201) ~[neoforge-21.1.214.jar%23192!/:?]
	at TRANSFORMER/minecraft@1.21.1/net.minecraft.client.Minecraft.run(Minecraft.java:813) ~[neoforge-21.1.214.jar%23192!/:?]
	at TRANSFORMER/minecraft@1.21.1/net.minecraft.client.main.Main.main(Main.java:230) ~[neoforge-21.1.214.jar%23192!/:?]
	at java.base/jdk.internal.reflect.DirectMethodHandleAccessor.invoke(DirectMethodHandleAccessor.java:103) ~[?:?]
	at java.base/java.lang.reflect.Method.invoke(Method.java:580) ~[?:?]
	at MC-BOOTSTRAP/fml_loader@4.0.42/net.neoforged.fml.loading.targets.CommonLaunchHandler.runTarget(CommonLaunchHandler.java:136) ~[loader-4.0.42.jar%23146!/:4.0]
	at MC-BOOTSTRAP/fml_loader@4.0.42/net.neoforged.fml.loading.targets.CommonLaunchHandler.clientService(CommonLaunchHandler.java:124) ~[loader-4.0.42.jar%23146!/:4.0]
	at MC-BOOTSTRAP/fml_loader@4.0.42/net.neoforged.fml.loading.targets.NeoForgeClientDevLaunchHandler.runService(NeoForgeClientDevLaunchHandler.java:23) ~[loader-4.0.42.jar%23146!/:4.0]
	at MC-BOOTSTRAP/fml_loader@4.0.42/net.neoforged.fml.loading.targets.CommonLaunchHandler.lambda$launchService$4(CommonLaunchHandler.java:118) ~[loader-4.0.42.jar%23146!/:4.0]
	at MC-BOOTSTRAP/cpw.mods.modlauncher@11.0.5/cpw.mods.modlauncher.LaunchServiceHandlerDecorator.launch(LaunchServiceHandlerDecorator.java:30) [modlauncher-11.0.5.jar%23128!/:?]
	at MC-BOOTSTRAP/cpw.mods.modlauncher@11.0.5/cpw.mods.modlauncher.LaunchServiceHandler.launch(LaunchServiceHandler.java:53) [modlauncher-11.0.5.jar%23128!/:?]
	at MC-BOOTSTRAP/cpw.mods.modlauncher@11.0.5/cpw.mods.modlauncher.LaunchServiceHandler.launch(LaunchServiceHandler.java:71) [modlauncher-11.0.5.jar%23128!/:?]
	at MC-BOOTSTRAP/cpw.mods.modlauncher@11.0.5/cpw.mods.modlauncher.Launcher.run(Launcher.java:103) [modlauncher-11.0.5.jar%23128!/:?]
	at MC-BOOTSTRAP/cpw.mods.modlauncher@11.0.5/cpw.mods.modlauncher.Launcher.main(Launcher.java:74) [modlauncher-11.0.5.jar%23128!/:?]
	at MC-BOOTSTRAP/cpw.mods.modlauncher@11.0.5/cpw.mods.modlauncher.BootstrapLaunchConsumer.accept(BootstrapLaunchConsumer.java:26) [modlauncher-11.0.5.jar%23128!/:?]
	at MC-BOOTSTRAP/cpw.mods.modlauncher@11.0.5/cpw.mods.modlauncher.BootstrapLaunchConsumer.accept(BootstrapLaunchConsumer.java:23) [modlauncher-11.0.5.jar%23128!/:?]
	at cpw.mods.bootstraplauncher@2.0.2/cpw.mods.bootstraplauncher.BootstrapLauncher.run(BootstrapLauncher.java:210) [bootstraplauncher-2.0.2.jar:?]
	at cpw.mods.bootstraplauncher@2.0.2/cpw.mods.bootstraplauncher.BootstrapLauncher.main(BootstrapLauncher.java:69) [bootstraplauncher-2.0.2.jar:?]
	at java.base/jdk.internal.reflect.DirectMethodHandleAccessor.invoke(DirectMethodHandleAccessor.java:103) ~[?:?]
	at java.base/java.lang.reflect.Method.invoke(Method.java:580) ~[?:?]
	at net.neoforged.devlaunch.Main.main(Main.java:57) [DevLaunch-1.0.2.jar:?]
[18мар.2026 16:04:08.623] [Server thread/INFO] [net.minecraft.server.MinecraftServer/]: [★★ Dev [0]: Уровень игрока Dev изменен на 20 (Макс: 20)]
[18мар.2026 16:04:08.632] [Render thread/INFO] [net.minecraft.client.gui.components.ChatComponent/]: [System] [CHAT] Уровень игрока Dev изменен на 20 (Макс: 20)
[18мар.2026 16:04:09.562] [Server thread/INFO] [net.minecraft.server.MinecraftServer/]: [★★ Dev [20]: Ранг игрока Dev изменен на ★★★★★★★ (7)]
[18мар.2026 16:04:09.562] [Render thread/INFO] [net.minecraft.client.gui.components.ChatComponent/]: [System] [CHAT] Ранг игрока Dev изменен на ★★★★★★★ (7)
[18мар.2026 16:04:11.445] [Render thread/WARN] [net.minecraft.client.renderer.texture.TextureManager/]: Failed to load texture: lvluping:textures/gui/talents/m_summoner_base.png
java.io.FileNotFoundException: lvluping:textures/gui/talents/m_summoner_base.png
	at TRANSFORMER/minecraft@1.21.1/net.minecraft.server.packs.resources.ResourceProvider.lambda$getResourceOrThrow$1(ResourceProvider.java:18) ~[neoforge-21.1.214.jar%23192!/:?]
	at java.base/java.util.Optional.orElseThrow(Optional.java:403) ~[?:?]
	at TRANSFORMER/minecraft@1.21.1/net.minecraft.server.packs.resources.ResourceProvider.getResourceOrThrow(ResourceProvider.java:18) ~[neoforge-21.1.214.jar%23192!/:?]
	at TRANSFORMER/geckolib@4.8.2/software.bernie.geckolib.cache.texture.AnimatableTexture.load(AnimatableTexture.java:40) ~[geckolib-neoforge-1.21.1-4.8.2.jar%23196!/:4.8.2]
	at TRANSFORMER/minecraft@1.21.1/net.minecraft.client.renderer.texture.TextureManager.loadTexture(TextureManager.java:92) ~[neoforge-21.1.214.jar%23192!/:?]
	at TRANSFORMER/minecraft@1.21.1/net.minecraft.client.renderer.texture.TextureManager.register(TextureManager.java:63) ~[neoforge-21.1.214.jar%23192!/:?]
	at TRANSFORMER/minecraft@1.21.1/net.minecraft.client.renderer.texture.TextureManager.wrapOperation$zbc000$geckolib$replaceAnimatableTexture(TextureManager.java:531) ~[neoforge-21.1.214.jar%23192!/:?]
	at TRANSFORMER/minecraft@1.21.1/net.minecraft.client.renderer.texture.TextureManager.getTexture(TextureManager.java:112) ~[neoforge-21.1.214.jar%23192!/:?]
	at TRANSFORMER/minecraft@1.21.1/com.mojang.blaze3d.systems.RenderSystem._setShaderTexture(RenderSystem.java:725) ~[neoforge-21.1.214.jar%23192!/:?]
	at TRANSFORMER/minecraft@1.21.1/com.mojang.blaze3d.systems.RenderSystem.setShaderTexture(RenderSystem.java:718) ~[neoforge-21.1.214.jar%23192!/:?]
	at TRANSFORMER/minecraft@1.21.1/net.minecraft.client.gui.GuiGraphics.innerBlit(GuiGraphics.java:965) ~[neoforge-21.1.214.jar%23192!/:?]
	at TRANSFORMER/minecraft@1.21.1/net.minecraft.client.gui.GuiGraphics.blit(GuiGraphics.java:923) ~[neoforge-21.1.214.jar%23192!/:?]
	at TRANSFORMER/minecraft@1.21.1/net.minecraft.client.gui.GuiGraphics.blit(GuiGraphics.java:865) ~[neoforge-21.1.214.jar%23192!/:?]
	at TRANSFORMER/minecraft@1.21.1/net.minecraft.client.gui.GuiGraphics.blit(GuiGraphics.java:888) ~[neoforge-21.1.214.jar%23192!/:?]
	at TRANSFORMER/lvluping@0.7/org.mrutcka.lvluping.client.TalentScreen.renderTalentsArea(TalentScreen.java:109) ~[%23197!/:?]
	at TRANSFORMER/lvluping@0.7/org.mrutcka.lvluping.client.TalentScreen.render(TalentScreen.java:48) ~[%23197!/:?]
	at TRANSFORMER/minecraft@1.21.1/net.minecraft.client.gui.screens.Screen.renderWithTooltip(Screen.java:112) ~[neoforge-21.1.214.jar%23192!/:?]
	at TRANSFORMER/neoforge@21.1.214/net.neoforged.neoforge.client.ClientHooks.drawScreenInternal(ClientHooks.java:429) ~[neoforge-21.1.214.jar%23193!/:?]
	at TRANSFORMER/neoforge@21.1.214/net.neoforged.neoforge.client.ClientHooks.drawScreen(ClientHooks.java:423) ~[neoforge-21.1.214.jar%23193!/:?]
	at TRANSFORMER/minecraft@1.21.1/net.minecraft.client.renderer.GameRenderer.render(GameRenderer.java:1098) ~[neoforge-21.1.214.jar%23192!/:?]
	at TRANSFORMER/minecraft@1.21.1/net.minecraft.client.Minecraft.runTick(Minecraft.java:1201) ~[neoforge-21.1.214.jar%23192!/:?]
	at TRANSFORMER/minecraft@1.21.1/net.minecraft.client.Minecraft.run(Minecraft.java:813) ~[neoforge-21.1.214.jar%23192!/:?]
	at TRANSFORMER/minecraft@1.21.1/net.minecraft.client.main.Main.main(Main.java:230) ~[neoforge-21.1.214.jar%23192!/:?]
	at java.base/jdk.internal.reflect.DirectMethodHandleAccessor.invoke(DirectMethodHandleAccessor.java:103) ~[?:?]
	at java.base/java.lang.reflect.Method.invoke(Method.java:580) ~[?:?]
	at MC-BOOTSTRAP/fml_loader@4.0.42/net.neoforged.fml.loading.targets.CommonLaunchHandler.runTarget(CommonLaunchHandler.java:136) ~[loader-4.0.42.jar%23146!/:4.0]
	at MC-BOOTSTRAP/fml_loader@4.0.42/net.neoforged.fml.loading.targets.CommonLaunchHandler.clientService(CommonLaunchHandler.java:124) ~[loader-4.0.42.jar%23146!/:4.0]
	at MC-BOOTSTRAP/fml_loader@4.0.42/net.neoforged.fml.loading.targets.NeoForgeClientDevLaunchHandler.runService(NeoForgeClientDevLaunchHandler.java:23) ~[loader-4.0.42.jar%23146!/:4.0]
	at MC-BOOTSTRAP/fml_loader@4.0.42/net.neoforged.fml.loading.targets.CommonLaunchHandler.lambda$launchService$4(CommonLaunchHandler.java:118) ~[loader-4.0.42.jar%23146!/:4.0]
	at MC-BOOTSTRAP/cpw.mods.modlauncher@11.0.5/cpw.mods.modlauncher.LaunchServiceHandlerDecorator.launch(LaunchServiceHandlerDecorator.java:30) [modlauncher-11.0.5.jar%23128!/:?]
	at MC-BOOTSTRAP/cpw.mods.modlauncher@11.0.5/cpw.mods.modlauncher.LaunchServiceHandler.launch(LaunchServiceHandler.java:53) [modlauncher-11.0.5.jar%23128!/:?]
	at MC-BOOTSTRAP/cpw.mods.modlauncher@11.0.5/cpw.mods.modlauncher.LaunchServiceHandler.launch(LaunchServiceHandler.java:71) [modlauncher-11.0.5.jar%23128!/:?]
	at MC-BOOTSTRAP/cpw.mods.modlauncher@11.0.5/cpw.mods.modlauncher.Launcher.run(Launcher.java:103) [modlauncher-11.0.5.jar%23128!/:?]
	at MC-BOOTSTRAP/cpw.mods.modlauncher@11.0.5/cpw.mods.modlauncher.Launcher.main(Launcher.java:74) [modlauncher-11.0.5.jar%23128!/:?]
	at MC-BOOTSTRAP/cpw.mods.modlauncher@11.0.5/cpw.mods.modlauncher.BootstrapLaunchConsumer.accept(BootstrapLaunchConsumer.java:26) [modlauncher-11.0.5.jar%23128!/:?]
	at MC-BOOTSTRAP/cpw.mods.modlauncher@11.0.5/cpw.mods.modlauncher.BootstrapLaunchConsumer.accept(BootstrapLaunchConsumer.java:23) [modlauncher-11.0.5.jar%23128!/:?]
	at cpw.mods.bootstraplauncher@2.0.2/cpw.mods.bootstraplauncher.BootstrapLauncher.run(BootstrapLauncher.java:210) [bootstraplauncher-2.0.2.jar:?]
	at cpw.mods.bootstraplauncher@2.0.2/cpw.mods.bootstraplauncher.BootstrapLauncher.main(BootstrapLauncher.java:69) [bootstraplauncher-2.0.2.jar:?]
	at java.base/jdk.internal.reflect.DirectMethodHandleAccessor.invoke(DirectMethodHandleAccessor.java:103) ~[?:?]
	at java.base/java.lang.reflect.Method.invoke(Method.java:580) ~[?:?]
	at net.neoforged.devlaunch.Main.main(Main.java:57) [DevLaunch-1.0.2.jar:?]
[18мар.2026 16:04:11.446] [Render thread/WARN] [net.minecraft.client.renderer.texture.TextureManager/]: Failed to load texture: lvluping:textures/gui/talents/m_summoner_base.png
java.io.FileNotFoundException: lvluping:textures/gui/talents/m_summoner_base.png
	at TRANSFORMER/minecraft@1.21.1/net.minecraft.server.packs.resources.ResourceProvider.lambda$getResourceOrThrow$1(ResourceProvider.java:18) ~[neoforge-21.1.214.jar%23192!/:?]
	at java.base/java.util.Optional.orElseThrow(Optional.java:403) ~[?:?]
	at TRANSFORMER/minecraft@1.21.1/net.minecraft.server.packs.resources.ResourceProvider.getResourceOrThrow(ResourceProvider.java:18) ~[neoforge-21.1.214.jar%23192!/:?]
	at TRANSFORMER/minecraft@1.21.1/net.minecraft.client.renderer.texture.SimpleTexture$TextureImage.load(SimpleTexture.java:83) ~[neoforge-21.1.214.jar%23192!/:?]
	at TRANSFORMER/minecraft@1.21.1/net.minecraft.client.renderer.texture.SimpleTexture.getTextureImage(SimpleTexture.java:57) ~[neoforge-21.1.214.jar%23192!/:?]
	at TRANSFORMER/minecraft@1.21.1/net.minecraft.client.renderer.texture.SimpleTexture.load(SimpleTexture.java:30) ~[neoforge-21.1.214.jar%23192!/:?]
	at TRANSFORMER/minecraft@1.21.1/net.minecraft.client.renderer.texture.TextureManager.loadTexture(TextureManager.java:92) ~[neoforge-21.1.214.jar%23192!/:?]
	at TRANSFORMER/minecraft@1.21.1/net.minecraft.client.renderer.texture.TextureManager.register(TextureManager.java:63) ~[neoforge-21.1.214.jar%23192!/:?]
	at TRANSFORMER/minecraft@1.21.1/net.minecraft.client.renderer.texture.TextureManager.getTexture(TextureManager.java:113) ~[neoforge-21.1.214.jar%23192!/:?]
	at TRANSFORMER/minecraft@1.21.1/com.mojang.blaze3d.systems.RenderSystem._setShaderTexture(RenderSystem.java:725) ~[neoforge-21.1.214.jar%23192!/:?]
	at TRANSFORMER/minecraft@1.21.1/com.mojang.blaze3d.systems.RenderSystem.setShaderTexture(RenderSystem.java:718) ~[neoforge-21.1.214.jar%23192!/:?]
	at TRANSFORMER/minecraft@1.21.1/net.minecraft.client.gui.GuiGraphics.innerBlit(GuiGraphics.java:965) ~[neoforge-21.1.214.jar%23192!/:?]
	at TRANSFORMER/minecraft@1.21.1/net.minecraft.client.gui.GuiGraphics.blit(GuiGraphics.java:923) ~[neoforge-21.1.214.jar%23192!/:?]
	at TRANSFORMER/minecraft@1.21.1/net.minecraft.client.gui.GuiGraphics.blit(GuiGraphics.java:865) ~[neoforge-21.1.214.jar%23192!/:?]
	at TRANSFORMER/minecraft@1.21.1/net.minecraft.client.gui.GuiGraphics.blit(GuiGraphics.java:888) ~[neoforge-21.1.214.jar%23192!/:?]
	at TRANSFORMER/lvluping@0.7/org.mrutcka.lvluping.client.TalentScreen.renderTalentsArea(TalentScreen.java:109) ~[%23197!/:?]
	at TRANSFORMER/lvluping@0.7/org.mrutcka.lvluping.client.TalentScreen.render(TalentScreen.java:48) ~[%23197!/:?]
	at TRANSFORMER/minecraft@1.21.1/net.minecraft.client.gui.screens.Screen.renderWithTooltip(Screen.java:112) ~[neoforge-21.1.214.jar%23192!/:?]
	at TRANSFORMER/neoforge@21.1.214/net.neoforged.neoforge.client.ClientHooks.drawScreenInternal(ClientHooks.java:429) ~[neoforge-21.1.214.jar%23193!/:?]
	at TRANSFORMER/neoforge@21.1.214/net.neoforged.neoforge.client.ClientHooks.drawScreen(ClientHooks.java:423) ~[neoforge-21.1.214.jar%23193!/:?]
	at TRANSFORMER/minecraft@1.21.1/net.minecraft.client.renderer.GameRenderer.render(GameRenderer.java:1098) ~[neoforge-21.1.214.jar%23192!/:?]
	at TRANSFORMER/minecraft@1.21.1/net.minecraft.client.Minecraft.runTick(Minecraft.java:1201) ~[neoforge-21.1.214.jar%23192!/:?]
	at TRANSFORMER/minecraft@1.21.1/net.minecraft.client.Minecraft.run(Minecraft.java:813) ~[neoforge-21.1.214.jar%23192!/:?]
	at TRANSFORMER/minecraft@1.21.1/net.minecraft.client.main.Main.main(Main.java:230) ~[neoforge-21.1.214.jar%23192!/:?]
	at java.base/jdk.internal.reflect.DirectMethodHandleAccessor.invoke(DirectMethodHandleAccessor.java:103) ~[?:?]
	at java.base/java.lang.reflect.Method.invoke(Method.java:580) ~[?:?]
	at MC-BOOTSTRAP/fml_loader@4.0.42/net.neoforged.fml.loading.targets.CommonLaunchHandler.runTarget(CommonLaunchHandler.java:136) ~[loader-4.0.42.jar%23146!/:4.0]
	at MC-BOOTSTRAP/fml_loader@4.0.42/net.neoforged.fml.loading.targets.CommonLaunchHandler.clientService(CommonLaunchHandler.java:124) ~[loader-4.0.42.jar%23146!/:4.0]
	at MC-BOOTSTRAP/fml_loader@4.0.42/net.neoforged.fml.loading.targets.NeoForgeClientDevLaunchHandler.runService(NeoForgeClientDevLaunchHandler.java:23) ~[loader-4.0.42.jar%23146!/:4.0]
	at MC-BOOTSTRAP/fml_loader@4.0.42/net.neoforged.fml.loading.targets.CommonLaunchHandler.lambda$launchService$4(CommonLaunchHandler.java:118) ~[loader-4.0.42.jar%23146!/:4.0]
	at MC-BOOTSTRAP/cpw.mods.modlauncher@11.0.5/cpw.mods.modlauncher.LaunchServiceHandlerDecorator.launch(LaunchServiceHandlerDecorator.java:30) [modlauncher-11.0.5.jar%23128!/:?]
	at MC-BOOTSTRAP/cpw.mods.modlauncher@11.0.5/cpw.mods.modlauncher.LaunchServiceHandler.launch(LaunchServiceHandler.java:53) [modlauncher-11.0.5.jar%23128!/:?]
	at MC-BOOTSTRAP/cpw.mods.modlauncher@11.0.5/cpw.mods.modlauncher.LaunchServiceHandler.launch(LaunchServiceHandler.java:71) [modlauncher-11.0.5.jar%23128!/:?]
	at MC-BOOTSTRAP/cpw.mods.modlauncher@11.0.5/cpw.mods.modlauncher.Launcher.run(Launcher.java:103) [modlauncher-11.0.5.jar%23128!/:?]
	at MC-BOOTSTRAP/cpw.mods.modlauncher@11.0.5/cpw.mods.modlauncher.Launcher.main(Launcher.java:74) [modlauncher-11.0.5.jar%23128!/:?]
	at MC-BOOTSTRAP/cpw.mods.modlauncher@11.0.5/cpw.mods.modlauncher.BootstrapLaunchConsumer.accept(BootstrapLaunchConsumer.java:26) [modlauncher-11.0.5.jar%23128!/:?]
	at MC-BOOTSTRAP/cpw.mods.modlauncher@11.0.5/cpw.mods.modlauncher.BootstrapLaunchConsumer.accept(BootstrapLaunchConsumer.java:23) [modlauncher-11.0.5.jar%23128!/:?]
	at cpw.mods.bootstraplauncher@2.0.2/cpw.mods.bootstraplauncher.BootstrapLauncher.run(BootstrapLauncher.java:210) [bootstraplauncher-2.0.2.jar:?]
	at cpw.mods.bootstraplauncher@2.0.2/cpw.mods.bootstraplauncher.BootstrapLauncher.main(BootstrapLauncher.java:69) [bootstraplauncher-2.0.2.jar:?]
	at java.base/jdk.internal.reflect.DirectMethodHandleAccessor.invoke(DirectMethodHandleAccessor.java:103) ~[?:?]
	at java.base/java.lang.reflect.Method.invoke(Method.java:580) ~[?:?]
	at net.neoforged.devlaunch.Main.main(Main.java:57) [DevLaunch-1.0.2.jar:?]
[18мар.2026 16:04:11.448] [Render thread/WARN] [net.minecraft.client.renderer.texture.TextureManager/]: Failed to load texture: lvluping:textures/gui/talents/m_spellcaster_base.png
java.io.FileNotFoundException: lvluping:textures/gui/talents/m_spellcaster_base.png
	at TRANSFORMER/minecraft@1.21.1/net.minecraft.server.packs.resources.ResourceProvider.lambda$getResourceOrThrow$1(ResourceProvider.java:18) ~[neoforge-21.1.214.jar%23192!/:?]
	at java.base/java.util.Optional.orElseThrow(Optional.java:403) ~[?:?]
	at TRANSFORMER/minecraft@1.21.1/net.minecraft.server.packs.resources.ResourceProvider.getResourceOrThrow(ResourceProvider.java:18) ~[neoforge-21.1.214.jar%23192!/:?]
	at TRANSFORMER/geckolib@4.8.2/software.bernie.geckolib.cache.texture.AnimatableTexture.load(AnimatableTexture.java:40) ~[geckolib-neoforge-1.21.1-4.8.2.jar%23196!/:4.8.2]
	at TRANSFORMER/minecraft@1.21.1/net.minecraft.client.renderer.texture.TextureManager.loadTexture(TextureManager.java:92) ~[neoforge-21.1.214.jar%23192!/:?]
	at TRANSFORMER/minecraft@1.21.1/net.minecraft.client.renderer.texture.TextureManager.register(TextureManager.java:63) ~[neoforge-21.1.214.jar%23192!/:?]
	at TRANSFORMER/minecraft@1.21.1/net.minecraft.client.renderer.texture.TextureManager.wrapOperation$zbc000$geckolib$replaceAnimatableTexture(TextureManager.java:531) ~[neoforge-21.1.214.jar%23192!/:?]
	at TRANSFORMER/minecraft@1.21.1/net.minecraft.client.renderer.texture.TextureManager.getTexture(TextureManager.java:112) ~[neoforge-21.1.214.jar%23192!/:?]
	at TRANSFORMER/minecraft@1.21.1/com.mojang.blaze3d.systems.RenderSystem._setShaderTexture(RenderSystem.java:725) ~[neoforge-21.1.214.jar%23192!/:?]
	at TRANSFORMER/minecraft@1.21.1/com.mojang.blaze3d.systems.RenderSystem.setShaderTexture(RenderSystem.java:718) ~[neoforge-21.1.214.jar%23192!/:?]
	at TRANSFORMER/minecraft@1.21.1/net.minecraft.client.gui.GuiGraphics.innerBlit(GuiGraphics.java:965) ~[neoforge-21.1.214.jar%23192!/:?]
	at TRANSFORMER/minecraft@1.21.1/net.minecraft.client.gui.GuiGraphics.blit(GuiGraphics.java:923) ~[neoforge-21.1.214.jar%23192!/:?]
	at TRANSFORMER/minecraft@1.21.1/net.minecraft.client.gui.GuiGraphics.blit(GuiGraphics.java:865) ~[neoforge-21.1.214.jar%23192!/:?]
	at TRANSFORMER/minecraft@1.21.1/net.minecraft.client.gui.GuiGraphics.blit(GuiGraphics.java:888) ~[neoforge-21.1.214.jar%23192!/:?]
	at TRANSFORMER/lvluping@0.7/org.mrutcka.lvluping.client.TalentScreen.renderTalentsArea(TalentScreen.java:109) ~[%23197!/:?]
	at TRANSFORMER/lvluping@0.7/org.mrutcka.lvluping.client.TalentScreen.render(TalentScreen.java:48) ~[%23197!/:?]
	at TRANSFORMER/minecraft@1.21.1/net.minecraft.client.gui.screens.Screen.renderWithTooltip(Screen.java:112) ~[neoforge-21.1.214.jar%23192!/:?]
	at TRANSFORMER/neoforge@21.1.214/net.neoforged.neoforge.client.ClientHooks.drawScreenInternal(ClientHooks.java:429) ~[neoforge-21.1.214.jar%23193!/:?]
	at TRANSFORMER/neoforge@21.1.214/net.neoforged.neoforge.client.ClientHooks.drawScreen(ClientHooks.java:423) ~[neoforge-21.1.214.jar%23193!/:?]
	at TRANSFORMER/minecraft@1.21.1/net.minecraft.client.renderer.GameRenderer.render(GameRenderer.java:1098) ~[neoforge-21.1.214.jar%23192!/:?]
	at TRANSFORMER/minecraft@1.21.1/net.minecraft.client.Minecraft.runTick(Minecraft.java:1201) ~[neoforge-21.1.214.jar%23192!/:?]
	at TRANSFORMER/minecraft@1.21.1/net.minecraft.client.Minecraft.run(Minecraft.java:813) ~[neoforge-21.1.214.jar%23192!/:?]
	at TRANSFORMER/minecraft@1.21.1/net.minecraft.client.main.Main.main(Main.java:230) ~[neoforge-21.1.214.jar%23192!/:?]
	at java.base/jdk.internal.reflect.DirectMethodHandleAccessor.invoke(DirectMethodHandleAccessor.java:103) ~[?:?]
	at java.base/java.lang.reflect.Method.invoke(Method.java:580) ~[?:?]
	at MC-BOOTSTRAP/fml_loader@4.0.42/net.neoforged.fml.loading.targets.CommonLaunchHandler.runTarget(CommonLaunchHandler.java:136) ~[loader-4.0.42.jar%23146!/:4.0]
	at MC-BOOTSTRAP/fml_loader@4.0.42/net.neoforged.fml.loading.targets.CommonLaunchHandler.clientService(CommonLaunchHandler.java:124) ~[loader-4.0.42.jar%23146!/:4.0]
	at MC-BOOTSTRAP/fml_loader@4.0.42/net.neoforged.fml.loading.targets.NeoForgeClientDevLaunchHandler.runService(NeoForgeClientDevLaunchHandler.java:23) ~[loader-4.0.42.jar%23146!/:4.0]
	at MC-BOOTSTRAP/fml_loader@4.0.42/net.neoforged.fml.loading.targets.CommonLaunchHandler.lambda$launchService$4(CommonLaunchHandler.java:118) ~[loader-4.0.42.jar%23146!/:4.0]
	at MC-BOOTSTRAP/cpw.mods.modlauncher@11.0.5/cpw.mods.modlauncher.LaunchServiceHandlerDecorator.launch(LaunchServiceHandlerDecorator.java:30) [modlauncher-11.0.5.jar%23128!/:?]
	at MC-BOOTSTRAP/cpw.mods.modlauncher@11.0.5/cpw.mods.modlauncher.LaunchServiceHandler.launch(LaunchServiceHandler.java:53) [modlauncher-11.0.5.jar%23128!/:?]
	at MC-BOOTSTRAP/cpw.mods.modlauncher@11.0.5/cpw.mods.modlauncher.LaunchServiceHandler.launch(LaunchServiceHandler.java:71) [modlauncher-11.0.5.jar%23128!/:?]
	at MC-BOOTSTRAP/cpw.mods.modlauncher@11.0.5/cpw.mods.modlauncher.Launcher.run(Launcher.java:103) [modlauncher-11.0.5.jar%23128!/:?]
	at MC-BOOTSTRAP/cpw.mods.modlauncher@11.0.5/cpw.mods.modlauncher.Launcher.main(Launcher.java:74) [modlauncher-11.0.5.jar%23128!/:?]
	at MC-BOOTSTRAP/cpw.mods.modlauncher@11.0.5/cpw.mods.modlauncher.BootstrapLaunchConsumer.accept(BootstrapLaunchConsumer.java:26) [modlauncher-11.0.5.jar%23128!/:?]
	at MC-BOOTSTRAP/cpw.mods.modlauncher@11.0.5/cpw.mods.modlauncher.BootstrapLaunchConsumer.accept(BootstrapLaunchConsumer.java:23) [modlauncher-11.0.5.jar%23128!/:?]
	at cpw.mods.bootstraplauncher@2.0.2/cpw.mods.bootstraplauncher.BootstrapLauncher.run(BootstrapLauncher.java:210) [bootstraplauncher-2.0.2.jar:?]
	at cpw.mods.bootstraplauncher@2.0.2/cpw.mods.bootstraplauncher.BootstrapLauncher.main(BootstrapLauncher.java:69) [bootstraplauncher-2.0.2.jar:?]
	at java.base/jdk.internal.reflect.DirectMethodHandleAccessor.invoke(DirectMethodHandleAccessor.java:103) ~[?:?]
	at java.base/java.lang.reflect.Method.invoke(Method.java:580) ~[?:?]
	at net.neoforged.devlaunch.Main.main(Main.java:57) [DevLaunch-1.0.2.jar:?]
[18мар.2026 16:04:11.450] [Render thread/WARN] [net.minecraft.client.renderer.texture.TextureManager/]: Failed to load texture: lvluping:textures/gui/talents/m_spellcaster_base.png
java.io.FileNotFoundException: lvluping:textures/gui/talents/m_spellcaster_base.png
	at TRANSFORMER/minecraft@1.21.1/net.minecraft.server.packs.resources.ResourceProvider.lambda$getResourceOrThrow$1(ResourceProvider.java:18) ~[neoforge-21.1.214.jar%23192!/:?]
	at java.base/java.util.Optional.orElseThrow(Optional.java:403) ~[?:?]
	at TRANSFORMER/minecraft@1.21.1/net.minecraft.server.packs.resources.ResourceProvider.getResourceOrThrow(ResourceProvider.java:18) ~[neoforge-21.1.214.jar%23192!/:?]
	at TRANSFORMER/minecraft@1.21.1/net.minecraft.client.renderer.texture.SimpleTexture$TextureImage.load(SimpleTexture.java:83) ~[neoforge-21.1.214.jar%23192!/:?]
	at TRANSFORMER/minecraft@1.21.1/net.minecraft.client.renderer.texture.SimpleTexture.getTextureImage(SimpleTexture.java:57) ~[neoforge-21.1.214.jar%23192!/:?]
	at TRANSFORMER/minecraft@1.21.1/net.minecraft.client.renderer.texture.SimpleTexture.load(SimpleTexture.java:30) ~[neoforge-21.1.214.jar%23192!/:?]
	at TRANSFORMER/minecraft@1.21.1/net.minecraft.client.renderer.texture.TextureManager.loadTexture(TextureManager.java:92) ~[neoforge-21.1.214.jar%23192!/:?]
	at TRANSFORMER/minecraft@1.21.1/net.minecraft.client.renderer.texture.TextureManager.register(TextureManager.java:63) ~[neoforge-21.1.214.jar%23192!/:?]
	at TRANSFORMER/minecraft@1.21.1/net.minecraft.client.renderer.texture.TextureManager.getTexture(TextureManager.java:113) ~[neoforge-21.1.214.jar%23192!/:?]
	at TRANSFORMER/minecraft@1.21.1/com.mojang.blaze3d.systems.RenderSystem._setShaderTexture(RenderSystem.java:725) ~[neoforge-21.1.214.jar%23192!/:?]
	at TRANSFORMER/minecraft@1.21.1/com.mojang.blaze3d.systems.RenderSystem.setShaderTexture(RenderSystem.java:718) ~[neoforge-21.1.214.jar%23192!/:?]
	at TRANSFORMER/minecraft@1.21.1/net.minecraft.client.gui.GuiGraphics.innerBlit(GuiGraphics.java:965) ~[neoforge-21.1.214.jar%23192!/:?]
	at TRANSFORMER/minecraft@1.21.1/net.minecraft.client.gui.GuiGraphics.blit(GuiGraphics.java:923) ~[neoforge-21.1.214.jar%23192!/:?]
	at TRANSFORMER/minecraft@1.21.1/net.minecraft.client.gui.GuiGraphics.blit(GuiGraphics.java:865) ~[neoforge-21.1.214.jar%23192!/:?]
	at TRANSFORMER/minecraft@1.21.1/net.minecraft.client.gui.GuiGraphics.blit(GuiGraphics.java:888) ~[neoforge-21.1.214.jar%23192!/:?]
	at TRANSFORMER/lvluping@0.7/org.mrutcka.lvluping.client.TalentScreen.renderTalentsArea(TalentScreen.java:109) ~[%23197!/:?]
	at TRANSFORMER/lvluping@0.7/org.mrutcka.lvluping.client.TalentScreen.render(TalentScreen.java:48) ~[%23197!/:?]
	at TRANSFORMER/minecraft@1.21.1/net.minecraft.client.gui.screens.Screen.renderWithTooltip(Screen.java:112) ~[neoforge-21.1.214.jar%23192!/:?]
	at TRANSFORMER/neoforge@21.1.214/net.neoforged.neoforge.client.ClientHooks.drawScreenInternal(ClientHooks.java:429) ~[neoforge-21.1.214.jar%23193!/:?]
	at TRANSFORMER/neoforge@21.1.214/net.neoforged.neoforge.client.ClientHooks.drawScreen(ClientHooks.java:423) ~[neoforge-21.1.214.jar%23193!/:?]
	at TRANSFORMER/minecraft@1.21.1/net.minecraft.client.renderer.GameRenderer.render(GameRenderer.java:1098) ~[neoforge-21.1.214.jar%23192!/:?]
	at TRANSFORMER/minecraft@1.21.1/net.minecraft.client.Minecraft.runTick(Minecraft.java:1201) ~[neoforge-21.1.214.jar%23192!/:?]
	at TRANSFORMER/minecraft@1.21.1/net.minecraft.client.Minecraft.run(Minecraft.java:813) ~[neoforge-21.1.214.jar%23192!/:?]
	at TRANSFORMER/minecraft@1.21.1/net.minecraft.client.main.Main.main(Main.java:230) ~[neoforge-21.1.214.jar%23192!/:?]
	at java.base/jdk.internal.reflect.DirectMethodHandleAccessor.invoke(DirectMethodHandleAccessor.java:103) ~[?:?]
	at java.base/java.lang.reflect.Method.invoke(Method.java:580) ~[?:?]
	at MC-BOOTSTRAP/fml_loader@4.0.42/net.neoforged.fml.loading.targets.CommonLaunchHandler.runTarget(CommonLaunchHandler.java:136) ~[loader-4.0.42.jar%23146!/:4.0]
	at MC-BOOTSTRAP/fml_loader@4.0.42/net.neoforged.fml.loading.targets.CommonLaunchHandler.clientService(CommonLaunchHandler.java:124) ~[loader-4.0.42.jar%23146!/:4.0]
	at MC-BOOTSTRAP/fml_loader@4.0.42/net.neoforged.fml.loading.targets.NeoForgeClientDevLaunchHandler.runService(NeoForgeClientDevLaunchHandler.java:23) ~[loader-4.0.42.jar%23146!/:4.0]
	at MC-BOOTSTRAP/fml_loader@4.0.42/net.neoforged.fml.loading.targets.CommonLaunchHandler.lambda$launchService$4(CommonLaunchHandler.java:118) ~[loader-4.0.42.jar%23146!/:4.0]
	at MC-BOOTSTRAP/cpw.mods.modlauncher@11.0.5/cpw.mods.modlauncher.LaunchServiceHandlerDecorator.launch(LaunchServiceHandlerDecorator.java:30) [modlauncher-11.0.5.jar%23128!/:?]
	at MC-BOOTSTRAP/cpw.mods.modlauncher@11.0.5/cpw.mods.modlauncher.LaunchServiceHandler.launch(LaunchServiceHandler.java:53) [modlauncher-11.0.5.jar%23128!/:?]
	at MC-BOOTSTRAP/cpw.mods.modlauncher@11.0.5/cpw.mods.modlauncher.LaunchServiceHandler.launch(LaunchServiceHandler.java:71) [modlauncher-11.0.5.jar%23128!/:?]
	at MC-BOOTSTRAP/cpw.mods.modlauncher@11.0.5/cpw.mods.modlauncher.Launcher.run(Launcher.java:103) [modlauncher-11.0.5.jar%23128!/:?]
	at MC-BOOTSTRAP/cpw.mods.modlauncher@11.0.5/cpw.mods.modlauncher.Launcher.main(Launcher.java:74) [modlauncher-11.0.5.jar%23128!/:?]
	at MC-BOOTSTRAP/cpw.mods.modlauncher@11.0.5/cpw.mods.modlauncher.BootstrapLaunchConsumer.accept(BootstrapLaunchConsumer.java:26) [modlauncher-11.0.5.jar%23128!/:?]
	at MC-BOOTSTRAP/cpw.mods.modlauncher@11.0.5/cpw.mods.modlauncher.BootstrapLaunchConsumer.accept(BootstrapLaunchConsumer.java:23) [modlauncher-11.0.5.jar%23128!/:?]
	at cpw.mods.bootstraplauncher@2.0.2/cpw.mods.bootstraplauncher.BootstrapLauncher.run(BootstrapLauncher.java:210) [bootstraplauncher-2.0.2.jar:?]
	at cpw.mods.bootstraplauncher@2.0.2/cpw.mods.bootstraplauncher.BootstrapLauncher.main(BootstrapLauncher.java:69) [bootstraplauncher-2.0.2.jar:?]
	at java.base/jdk.internal.reflect.DirectMethodHandleAccessor.invoke(DirectMethodHandleAccessor.java:103) ~[?:?]
	at java.base/java.lang.reflect.Method.invoke(Method.java:580) ~[?:?]
	at net.neoforged.devlaunch.Main.main(Main.java:57) [DevLaunch-1.0.2.jar:?]
[18мар.2026 16:04:15.723] [Render thread/WARN] [net.minecraft.client.renderer.texture.TextureManager/]: Failed to load texture: lvluping:textures/gui/talents/m_summon_servant.png
java.io.FileNotFoundException: lvluping:textures/gui/talents/m_summon_servant.png
	at TRANSFORMER/minecraft@1.21.1/net.minecraft.server.packs.resources.ResourceProvider.lambda$getResourceOrThrow$1(ResourceProvider.java:18) ~[neoforge-21.1.214.jar%23192!/:?]
	at java.base/java.util.Optional.orElseThrow(Optional.java:403) ~[?:?]
	at TRANSFORMER/minecraft@1.21.1/net.minecraft.server.packs.resources.ResourceProvider.getResourceOrThrow(ResourceProvider.java:18) ~[neoforge-21.1.214.jar%23192!/:?]
	at TRANSFORMER/geckolib@4.8.2/software.bernie.geckolib.cache.texture.AnimatableTexture.load(AnimatableTexture.java:40) ~[geckolib-neoforge-1.21.1-4.8.2.jar%23196!/:4.8.2]
	at TRANSFORMER/minecraft@1.21.1/net.minecraft.client.renderer.texture.TextureManager.loadTexture(TextureManager.java:92) ~[neoforge-21.1.214.jar%23192!/:?]
	at TRANSFORMER/minecraft@1.21.1/net.minecraft.client.renderer.texture.TextureManager.register(TextureManager.java:63) ~[neoforge-21.1.214.jar%23192!/:?]
	at TRANSFORMER/minecraft@1.21.1/net.minecraft.client.renderer.texture.TextureManager.wrapOperation$zbc000$geckolib$replaceAnimatableTexture(TextureManager.java:531) ~[neoforge-21.1.214.jar%23192!/:?]
	at TRANSFORMER/minecraft@1.21.1/net.minecraft.client.renderer.texture.TextureManager.getTexture(TextureManager.java:112) ~[neoforge-21.1.214.jar%23192!/:?]
	at TRANSFORMER/minecraft@1.21.1/com.mojang.blaze3d.systems.RenderSystem._setShaderTexture(RenderSystem.java:725) ~[neoforge-21.1.214.jar%23192!/:?]
	at TRANSFORMER/minecraft@1.21.1/com.mojang.blaze3d.systems.RenderSystem.setShaderTexture(RenderSystem.java:718) ~[neoforge-21.1.214.jar%23192!/:?]
	at TRANSFORMER/minecraft@1.21.1/net.minecraft.client.gui.GuiGraphics.innerBlit(GuiGraphics.java:965) ~[neoforge-21.1.214.jar%23192!/:?]
	at TRANSFORMER/minecraft@1.21.1/net.minecraft.client.gui.GuiGraphics.blit(GuiGraphics.java:923) ~[neoforge-21.1.214.jar%23192!/:?]
	at TRANSFORMER/minecraft@1.21.1/net.minecraft.client.gui.GuiGraphics.blit(GuiGraphics.java:865) ~[neoforge-21.1.214.jar%23192!/:?]
	at TRANSFORMER/minecraft@1.21.1/net.minecraft.client.gui.GuiGraphics.blit(GuiGraphics.java:888) ~[neoforge-21.1.214.jar%23192!/:?]
	at TRANSFORMER/lvluping@0.7/org.mrutcka.lvluping.client.TalentScreen.renderTalentsArea(TalentScreen.java:109) ~[%23197!/:?]
	at TRANSFORMER/lvluping@0.7/org.mrutcka.lvluping.client.TalentScreen.render(TalentScreen.java:48) ~[%23197!/:?]
	at TRANSFORMER/minecraft@1.21.1/net.minecraft.client.gui.screens.Screen.renderWithTooltip(Screen.java:112) ~[neoforge-21.1.214.jar%23192!/:?]
	at TRANSFORMER/neoforge@21.1.214/net.neoforged.neoforge.client.ClientHooks.drawScreenInternal(ClientHooks.java:429) ~[neoforge-21.1.214.jar%23193!/:?]
	at TRANSFORMER/neoforge@21.1.214/net.neoforged.neoforge.client.ClientHooks.drawScreen(ClientHooks.java:423) ~[neoforge-21.1.214.jar%23193!/:?]
	at TRANSFORMER/minecraft@1.21.1/net.minecraft.client.renderer.GameRenderer.render(GameRenderer.java:1098) ~[neoforge-21.1.214.jar%23192!/:?]
	at TRANSFORMER/minecraft@1.21.1/net.minecraft.client.Minecraft.runTick(Minecraft.java:1201) ~[neoforge-21.1.214.jar%23192!/:?]
	at TRANSFORMER/minecraft@1.21.1/net.minecraft.client.Minecraft.run(Minecraft.java:813) ~[neoforge-21.1.214.jar%23192!/:?]
	at TRANSFORMER/minecraft@1.21.1/net.minecraft.client.main.Main.main(Main.java:230) ~[neoforge-21.1.214.jar%23192!/:?]
	at java.base/jdk.internal.reflect.DirectMethodHandleAccessor.invoke(DirectMethodHandleAccessor.java:103) ~[?:?]
	at java.base/java.lang.reflect.Method.invoke(Method.java:580) ~[?:?]
	at MC-BOOTSTRAP/fml_loader@4.0.42/net.neoforged.fml.loading.targets.CommonLaunchHandler.runTarget(CommonLaunchHandler.java:136) ~[loader-4.0.42.jar%23146!/:4.0]
	at MC-BOOTSTRAP/fml_loader@4.0.42/net.neoforged.fml.loading.targets.CommonLaunchHandler.clientService(CommonLaunchHandler.java:124) ~[loader-4.0.42.jar%23146!/:4.0]
	at MC-BOOTSTRAP/fml_loader@4.0.42/net.neoforged.fml.loading.targets.NeoForgeClientDevLaunchHandler.runService(NeoForgeClientDevLaunchHandler.java:23) ~[loader-4.0.42.jar%23146!/:4.0]
	at MC-BOOTSTRAP/fml_loader@4.0.42/net.neoforged.fml.loading.targets.CommonLaunchHandler.lambda$launchService$4(CommonLaunchHandler.java:118) ~[loader-4.0.42.jar%23146!/:4.0]
	at MC-BOOTSTRAP/cpw.mods.modlauncher@11.0.5/cpw.mods.modlauncher.LaunchServiceHandlerDecorator.launch(LaunchServiceHandlerDecorator.java:30) [modlauncher-11.0.5.jar%23128!/:?]
	at MC-BOOTSTRAP/cpw.mods.modlauncher@11.0.5/cpw.mods.modlauncher.LaunchServiceHandler.launch(LaunchServiceHandler.java:53) [modlauncher-11.0.5.jar%23128!/:?]
	at MC-BOOTSTRAP/cpw.mods.modlauncher@11.0.5/cpw.mods.modlauncher.LaunchServiceHandler.launch(LaunchServiceHandler.java:71) [modlauncher-11.0.5.jar%23128!/:?]
	at MC-BOOTSTRAP/cpw.mods.modlauncher@11.0.5/cpw.mods.modlauncher.Launcher.run(Launcher.java:103) [modlauncher-11.0.5.jar%23128!/:?]
	at MC-BOOTSTRAP/cpw.mods.modlauncher@11.0.5/cpw.mods.modlauncher.Launcher.main(Launcher.java:74) [modlauncher-11.0.5.jar%23128!/:?]
	at MC-BOOTSTRAP/cpw.mods.modlauncher@11.0.5/cpw.mods.modlauncher.BootstrapLaunchConsumer.accept(BootstrapLaunchConsumer.java:26) [modlauncher-11.0.5.jar%23128!/:?]
	at MC-BOOTSTRAP/cpw.mods.modlauncher@11.0.5/cpw.mods.modlauncher.BootstrapLaunchConsumer.accept(BootstrapLaunchConsumer.java:23) [modlauncher-11.0.5.jar%23128!/:?]
	at cpw.mods.bootstraplauncher@2.0.2/cpw.mods.bootstraplauncher.BootstrapLauncher.run(BootstrapLauncher.java:210) [bootstraplauncher-2.0.2.jar:?]
	at cpw.mods.bootstraplauncher@2.0.2/cpw.mods.bootstraplauncher.BootstrapLauncher.main(BootstrapLauncher.java:69) [bootstraplauncher-2.0.2.jar:?]
	at java.base/jdk.internal.reflect.DirectMethodHandleAccessor.invoke(DirectMethodHandleAccessor.java:103) ~[?:?]
	at java.base/java.lang.reflect.Method.invoke(Method.java:580) ~[?:?]
	at net.neoforged.devlaunch.Main.main(Main.java:57) [DevLaunch-1.0.2.jar:?]
[18мар.2026 16:04:15.724] [Render thread/WARN] [net.minecraft.client.renderer.texture.TextureManager/]: Failed to load texture: lvluping:textures/gui/talents/m_summon_servant.png
java.io.FileNotFoundException: lvluping:textures/gui/talents/m_summon_servant.png
	at TRANSFORMER/minecraft@1.21.1/net.minecraft.server.packs.resources.ResourceProvider.lambda$getResourceOrThrow$1(ResourceProvider.java:18) ~[neoforge-21.1.214.jar%23192!/:?]
	at java.base/java.util.Optional.orElseThrow(Optional.java:403) ~[?:?]
	at TRANSFORMER/minecraft@1.21.1/net.minecraft.server.packs.resources.ResourceProvider.getResourceOrThrow(ResourceProvider.java:18) ~[neoforge-21.1.214.jar%23192!/:?]
	at TRANSFORMER/minecraft@1.21.1/net.minecraft.client.renderer.texture.SimpleTexture$TextureImage.load(SimpleTexture.java:83) ~[neoforge-21.1.214.jar%23192!/:?]
	at TRANSFORMER/minecraft@1.21.1/net.minecraft.client.renderer.texture.SimpleTexture.getTextureImage(SimpleTexture.java:57) ~[neoforge-21.1.214.jar%23192!/:?]
	at TRANSFORMER/minecraft@1.21.1/net.minecraft.client.renderer.texture.SimpleTexture.load(SimpleTexture.java:30) ~[neoforge-21.1.214.jar%23192!/:?]
	at TRANSFORMER/minecraft@1.21.1/net.minecraft.client.renderer.texture.TextureManager.loadTexture(TextureManager.java:92) ~[neoforge-21.1.214.jar%23192!/:?]
	at TRANSFORMER/minecraft@1.21.1/net.minecraft.client.renderer.texture.TextureManager.register(TextureManager.java:63) ~[neoforge-21.1.214.jar%23192!/:?]
	at TRANSFORMER/minecraft@1.21.1/net.minecraft.client.renderer.texture.TextureManager.getTexture(TextureManager.java:113) ~[neoforge-21.1.214.jar%23192!/:?]
	at TRANSFORMER/minecraft@1.21.1/com.mojang.blaze3d.systems.RenderSystem._setShaderTexture(RenderSystem.java:725) ~[neoforge-21.1.214.jar%23192!/:?]
	at TRANSFORMER/minecraft@1.21.1/com.mojang.blaze3d.systems.RenderSystem.setShaderTexture(RenderSystem.java:718) ~[neoforge-21.1.214.jar%23192!/:?]
	at TRANSFORMER/minecraft@1.21.1/net.minecraft.client.gui.GuiGraphics.innerBlit(GuiGraphics.java:965) ~[neoforge-21.1.214.jar%23192!/:?]
	at TRANSFORMER/minecraft@1.21.1/net.minecraft.client.gui.GuiGraphics.blit(GuiGraphics.java:923) ~[neoforge-21.1.214.jar%23192!/:?]
	at TRANSFORMER/minecraft@1.21.1/net.minecraft.client.gui.GuiGraphics.blit(GuiGraphics.java:865) ~[neoforge-21.1.214.jar%23192!/:?]
	at TRANSFORMER/minecraft@1.21.1/net.minecraft.client.gui.GuiGraphics.blit(GuiGraphics.java:888) ~[neoforge-21.1.214.jar%23192!/:?]
	at TRANSFORMER/lvluping@0.7/org.mrutcka.lvluping.client.TalentScreen.renderTalentsArea(TalentScreen.java:109) ~[%23197!/:?]
	at TRANSFORMER/lvluping@0.7/org.mrutcka.lvluping.client.TalentScreen.render(TalentScreen.java:48) ~[%23197!/:?]
	at TRANSFORMER/minecraft@1.21.1/net.minecraft.client.gui.screens.Screen.renderWithTooltip(Screen.java:112) ~[neoforge-21.1.214.jar%23192!/:?]
	at TRANSFORMER/neoforge@21.1.214/net.neoforged.neoforge.client.ClientHooks.drawScreenInternal(ClientHooks.java:429) ~[neoforge-21.1.214.jar%23193!/:?]
	at TRANSFORMER/neoforge@21.1.214/net.neoforged.neoforge.client.ClientHooks.drawScreen(ClientHooks.java:423) ~[neoforge-21.1.214.jar%23193!/:?]
	at TRANSFORMER/minecraft@1.21.1/net.minecraft.client.renderer.GameRenderer.render(GameRenderer.java:1098) ~[neoforge-21.1.214.jar%23192!/:?]
	at TRANSFORMER/minecraft@1.21.1/net.minecraft.client.Minecraft.runTick(Minecraft.java:1201) ~[neoforge-21.1.214.jar%23192!/:?]
	at TRANSFORMER/minecraft@1.21.1/net.minecraft.client.Minecraft.run(Minecraft.java:813) ~[neoforge-21.1.214.jar%23192!/:?]
	at TRANSFORMER/minecraft@1.21.1/net.minecraft.client.main.Main.main(Main.java:230) ~[neoforge-21.1.214.jar%23192!/:?]
	at java.base/jdk.internal.reflect.DirectMethodHandleAccessor.invoke(DirectMethodHandleAccessor.java:103) ~[?:?]
	at java.base/java.lang.reflect.Method.invoke(Method.java:580) ~[?:?]
	at MC-BOOTSTRAP/fml_loader@4.0.42/net.neoforged.fml.loading.targets.CommonLaunchHandler.runTarget(CommonLaunchHandler.java:136) ~[loader-4.0.42.jar%23146!/:4.0]
	at MC-BOOTSTRAP/fml_loader@4.0.42/net.neoforged.fml.loading.targets.CommonLaunchHandler.clientService(CommonLaunchHandler.java:124) ~[loader-4.0.42.jar%23146!/:4.0]
	at MC-BOOTSTRAP/fml_loader@4.0.42/net.neoforged.fml.loading.targets.NeoForgeClientDevLaunchHandler.runService(NeoForgeClientDevLaunchHandler.java:23) ~[loader-4.0.42.jar%23146!/:4.0]
	at MC-BOOTSTRAP/fml_loader@4.0.42/net.neoforged.fml.loading.targets.CommonLaunchHandler.lambda$launchService$4(CommonLaunchHandler.java:118) ~[loader-4.0.42.jar%23146!/:4.0]
	at MC-BOOTSTRAP/cpw.mods.modlauncher@11.0.5/cpw.mods.modlauncher.LaunchServiceHandlerDecorator.launch(LaunchServiceHandlerDecorator.java:30) [modlauncher-11.0.5.jar%23128!/:?]
	at MC-BOOTSTRAP/cpw.mods.modlauncher@11.0.5/cpw.mods.modlauncher.LaunchServiceHandler.launch(LaunchServiceHandler.java:53) [modlauncher-11.0.5.jar%23128!/:?]
	at MC-BOOTSTRAP/cpw.mods.modlauncher@11.0.5/cpw.mods.modlauncher.LaunchServiceHandler.launch(LaunchServiceHandler.java:71) [modlauncher-11.0.5.jar%23128!/:?]
	at MC-BOOTSTRAP/cpw.mods.modlauncher@11.0.5/cpw.mods.modlauncher.Launcher.run(Launcher.java:103) [modlauncher-11.0.5.jar%23128!/:?]
	at MC-BOOTSTRAP/cpw.mods.modlauncher@11.0.5/cpw.mods.modlauncher.Launcher.main(Launcher.java:74) [modlauncher-11.0.5.jar%23128!/:?]
	at MC-BOOTSTRAP/cpw.mods.modlauncher@11.0.5/cpw.mods.modlauncher.BootstrapLaunchConsumer.accept(BootstrapLaunchConsumer.java:26) [modlauncher-11.0.5.jar%23128!/:?]
	at MC-BOOTSTRAP/cpw.mods.modlauncher@11.0.5/cpw.mods.modlauncher.BootstrapLaunchConsumer.accept(BootstrapLaunchConsumer.java:23) [modlauncher-11.0.5.jar%23128!/:?]
	at cpw.mods.bootstraplauncher@2.0.2/cpw.mods.bootstraplauncher.BootstrapLauncher.run(BootstrapLauncher.java:210) [bootstraplauncher-2.0.2.jar:?]
	at cpw.mods.bootstraplauncher@2.0.2/cpw.mods.bootstraplauncher.BootstrapLauncher.main(BootstrapLauncher.java:69) [bootstraplauncher-2.0.2.jar:?]
	at java.base/jdk.internal.reflect.DirectMethodHandleAccessor.invoke(DirectMethodHandleAccessor.java:103) ~[?:?]
	at java.base/java.lang.reflect.Method.invoke(Method.java:580) ~[?:?]
	at net.neoforged.devlaunch.Main.main(Main.java:57) [DevLaunch-1.0.2.jar:?]
[18мар.2026 16:04:22.786] [Render thread/WARN] [net.minecraft.client.renderer.texture.TextureManager/]: Failed to load texture: lvluping:textures/gui/talents/m_summon_sacrifice.png
java.io.FileNotFoundException: lvluping:textures/gui/talents/m_summon_sacrifice.png
	at TRANSFORMER/minecraft@1.21.1/net.minecraft.server.packs.resources.ResourceProvider.lambda$getResourceOrThrow$1(ResourceProvider.java:18) ~[neoforge-21.1.214.jar%23192!/:?]
	at java.base/java.util.Optional.orElseThrow(Optional.java:403) ~[?:?]
	at TRANSFORMER/minecraft@1.21.1/net.minecraft.server.packs.resources.ResourceProvider.getResourceOrThrow(ResourceProvider.java:18) ~[neoforge-21.1.214.jar%23192!/:?]
	at TRANSFORMER/geckolib@4.8.2/software.bernie.geckolib.cache.texture.AnimatableTexture.load(AnimatableTexture.java:40) ~[geckolib-neoforge-1.21.1-4.8.2.jar%23196!/:4.8.2]
	at TRANSFORMER/minecraft@1.21.1/net.minecraft.client.renderer.texture.TextureManager.loadTexture(TextureManager.java:92) ~[neoforge-21.1.214.jar%23192!/:?]
	at TRANSFORMER/minecraft@1.21.1/net.minecraft.client.renderer.texture.TextureManager.register(TextureManager.java:63) ~[neoforge-21.1.214.jar%23192!/:?]
	at TRANSFORMER/minecraft@1.21.1/net.minecraft.client.renderer.texture.TextureManager.wrapOperation$zbc000$geckolib$replaceAnimatableTexture(TextureManager.java:531) ~[neoforge-21.1.214.jar%23192!/:?]
	at TRANSFORMER/minecraft@1.21.1/net.minecraft.client.renderer.texture.TextureManager.getTexture(TextureManager.java:112) ~[neoforge-21.1.214.jar%23192!/:?]
	at TRANSFORMER/minecraft@1.21.1/com.mojang.blaze3d.systems.RenderSystem._setShaderTexture(RenderSystem.java:725) ~[neoforge-21.1.214.jar%23192!/:?]
	at TRANSFORMER/minecraft@1.21.1/com.mojang.blaze3d.systems.RenderSystem.setShaderTexture(RenderSystem.java:718) ~[neoforge-21.1.214.jar%23192!/:?]
	at TRANSFORMER/minecraft@1.21.1/net.minecraft.client.gui.GuiGraphics.innerBlit(GuiGraphics.java:965) ~[neoforge-21.1.214.jar%23192!/:?]
	at TRANSFORMER/minecraft@1.21.1/net.minecraft.client.gui.GuiGraphics.blit(GuiGraphics.java:923) ~[neoforge-21.1.214.jar%23192!/:?]
	at TRANSFORMER/minecraft@1.21.1/net.minecraft.client.gui.GuiGraphics.blit(GuiGraphics.java:865) ~[neoforge-21.1.214.jar%23192!/:?]
	at TRANSFORMER/minecraft@1.21.1/net.minecraft.client.gui.GuiGraphics.blit(GuiGraphics.java:888) ~[neoforge-21.1.214.jar%23192!/:?]
	at TRANSFORMER/lvluping@0.7/org.mrutcka.lvluping.client.TalentScreen.renderTalentsArea(TalentScreen.java:109) ~[%23197!/:?]
	at TRANSFORMER/lvluping@0.7/org.mrutcka.lvluping.client.TalentScreen.render(TalentScreen.java:48) ~[%23197!/:?]
	at TRANSFORMER/minecraft@1.21.1/net.minecraft.client.gui.screens.Screen.renderWithTooltip(Screen.java:112) ~[neoforge-21.1.214.jar%23192!/:?]
	at TRANSFORMER/neoforge@21.1.214/net.neoforged.neoforge.client.ClientHooks.drawScreenInternal(ClientHooks.java:429) ~[neoforge-21.1.214.jar%23193!/:?]
	at TRANSFORMER/neoforge@21.1.214/net.neoforged.neoforge.client.ClientHooks.drawScreen(ClientHooks.java:423) ~[neoforge-21.1.214.jar%23193!/:?]
	at TRANSFORMER/minecraft@1.21.1/net.minecraft.client.renderer.GameRenderer.render(GameRenderer.java:1098) ~[neoforge-21.1.214.jar%23192!/:?]
	at TRANSFORMER/minecraft@1.21.1/net.minecraft.client.Minecraft.runTick(Minecraft.java:1201) ~[neoforge-21.1.214.jar%23192!/:?]
	at TRANSFORMER/minecraft@1.21.1/net.minecraft.client.Minecraft.run(Minecraft.java:813) ~[neoforge-21.1.214.jar%23192!/:?]
	at TRANSFORMER/minecraft@1.21.1/net.minecraft.client.main.Main.main(Main.java:230) ~[neoforge-21.1.214.jar%23192!/:?]
	at java.base/jdk.internal.reflect.DirectMethodHandleAccessor.invoke(DirectMethodHandleAccessor.java:103) ~[?:?]
	at java.base/java.lang.reflect.Method.invoke(Method.java:580) ~[?:?]
	at MC-BOOTSTRAP/fml_loader@4.0.42/net.neoforged.fml.loading.targets.CommonLaunchHandler.runTarget(CommonLaunchHandler.java:136) ~[loader-4.0.42.jar%23146!/:4.0]
	at MC-BOOTSTRAP/fml_loader@4.0.42/net.neoforged.fml.loading.targets.CommonLaunchHandler.clientService(CommonLaunchHandler.java:124) ~[loader-4.0.42.jar%23146!/:4.0]
	at MC-BOOTSTRAP/fml_loader@4.0.42/net.neoforged.fml.loading.targets.NeoForgeClientDevLaunchHandler.runService(NeoForgeClientDevLaunchHandler.java:23) ~[loader-4.0.42.jar%23146!/:4.0]
	at MC-BOOTSTRAP/fml_loader@4.0.42/net.neoforged.fml.loading.targets.CommonLaunchHandler.lambda$launchService$4(CommonLaunchHandler.java:118) ~[loader-4.0.42.jar%23146!/:4.0]
	at MC-BOOTSTRAP/cpw.mods.modlauncher@11.0.5/cpw.mods.modlauncher.LaunchServiceHandlerDecorator.launch(LaunchServiceHandlerDecorator.java:30) [modlauncher-11.0.5.jar%23128!/:?]
	at MC-BOOTSTRAP/cpw.mods.modlauncher@11.0.5/cpw.mods.modlauncher.LaunchServiceHandler.launch(LaunchServiceHandler.java:53) [modlauncher-11.0.5.jar%23128!/:?]
	at MC-BOOTSTRAP/cpw.mods.modlauncher@11.0.5/cpw.mods.modlauncher.LaunchServiceHandler.launch(LaunchServiceHandler.java:71) [modlauncher-11.0.5.jar%23128!/:?]
	at MC-BOOTSTRAP/cpw.mods.modlauncher@11.0.5/cpw.mods.modlauncher.Launcher.run(Launcher.java:103) [modlauncher-11.0.5.jar%23128!/:?]
	at MC-BOOTSTRAP/cpw.mods.modlauncher@11.0.5/cpw.mods.modlauncher.Launcher.main(Launcher.java:74) [modlauncher-11.0.5.jar%23128!/:?]
	at MC-BOOTSTRAP/cpw.mods.modlauncher@11.0.5/cpw.mods.modlauncher.BootstrapLaunchConsumer.accept(BootstrapLaunchConsumer.java:26) [modlauncher-11.0.5.jar%23128!/:?]
	at MC-BOOTSTRAP/cpw.mods.modlauncher@11.0.5/cpw.mods.modlauncher.BootstrapLaunchConsumer.accept(BootstrapLaunchConsumer.java:23) [modlauncher-11.0.5.jar%23128!/:?]
	at cpw.mods.bootstraplauncher@2.0.2/cpw.mods.bootstraplauncher.BootstrapLauncher.run(BootstrapLauncher.java:210) [bootstraplauncher-2.0.2.jar:?]
	at cpw.mods.bootstraplauncher@2.0.2/cpw.mods.bootstraplauncher.BootstrapLauncher.main(BootstrapLauncher.java:69) [bootstraplauncher-2.0.2.jar:?]
	at java.base/jdk.internal.reflect.DirectMethodHandleAccessor.invoke(DirectMethodHandleAccessor.java:103) ~[?:?]
	at java.base/java.lang.reflect.Method.invoke(Method.java:580) ~[?:?]
	at net.neoforged.devlaunch.Main.main(Main.java:57) [DevLaunch-1.0.2.jar:?]
[18мар.2026 16:04:22.787] [Render thread/WARN] [net.minecraft.client.renderer.texture.TextureManager/]: Failed to load texture: lvluping:textures/gui/talents/m_summon_sacrifice.png
java.io.FileNotFoundException: lvluping:textures/gui/talents/m_summon_sacrifice.png
	at TRANSFORMER/minecraft@1.21.1/net.minecraft.server.packs.resources.ResourceProvider.lambda$getResourceOrThrow$1(ResourceProvider.java:18) ~[neoforge-21.1.214.jar%23192!/:?]
	at java.base/java.util.Optional.orElseThrow(Optional.java:403) ~[?:?]
	at TRANSFORMER/minecraft@1.21.1/net.minecraft.server.packs.resources.ResourceProvider.getResourceOrThrow(ResourceProvider.java:18) ~[neoforge-21.1.214.jar%23192!/:?]
	at TRANSFORMER/minecraft@1.21.1/net.minecraft.client.renderer.texture.SimpleTexture$TextureImage.load(SimpleTexture.java:83) ~[neoforge-21.1.214.jar%23192!/:?]
	at TRANSFORMER/minecraft@1.21.1/net.minecraft.client.renderer.texture.SimpleTexture.getTextureImage(SimpleTexture.java:57) ~[neoforge-21.1.214.jar%23192!/:?]
	at TRANSFORMER/minecraft@1.21.1/net.minecraft.client.renderer.texture.SimpleTexture.load(SimpleTexture.java:30) ~[neoforge-21.1.214.jar%23192!/:?]
	at TRANSFORMER/minecraft@1.21.1/net.minecraft.client.renderer.texture.TextureManager.loadTexture(TextureManager.java:92) ~[neoforge-21.1.214.jar%23192!/:?]
	at TRANSFORMER/minecraft@1.21.1/net.minecraft.client.renderer.texture.TextureManager.register(TextureManager.java:63) ~[neoforge-21.1.214.jar%23192!/:?]
	at TRANSFORMER/minecraft@1.21.1/net.minecraft.client.renderer.texture.TextureManager.getTexture(TextureManager.java:113) ~[neoforge-21.1.214.jar%23192!/:?]
	at TRANSFORMER/minecraft@1.21.1/com.mojang.blaze3d.systems.RenderSystem._setShaderTexture(RenderSystem.java:725) ~[neoforge-21.1.214.jar%23192!/:?]
	at TRANSFORMER/minecraft@1.21.1/com.mojang.blaze3d.systems.RenderSystem.setShaderTexture(RenderSystem.java:718) ~[neoforge-21.1.214.jar%23192!/:?]
	at TRANSFORMER/minecraft@1.21.1/net.minecraft.client.gui.GuiGraphics.innerBlit(GuiGraphics.java:965) ~[neoforge-21.1.214.jar%23192!/:?]
	at TRANSFORMER/minecraft@1.21.1/net.minecraft.client.gui.GuiGraphics.blit(GuiGraphics.java:923) ~[neoforge-21.1.214.jar%23192!/:?]
	at TRANSFORMER/minecraft@1.21.1/net.minecraft.client.gui.GuiGraphics.blit(GuiGraphics.java:865) ~[neoforge-21.1.214.jar%23192!/:?]
	at TRANSFORMER/minecraft@1.21.1/net.minecraft.client.gui.GuiGraphics.blit(GuiGraphics.java:888) ~[neoforge-21.1.214.jar%23192!/:?]
	at TRANSFORMER/lvluping@0.7/org.mrutcka.lvluping.client.TalentScreen.renderTalentsArea(TalentScreen.java:109) ~[%23197!/:?]
	at TRANSFORMER/lvluping@0.7/org.mrutcka.lvluping.client.TalentScreen.render(TalentScreen.java:48) ~[%23197!/:?]
	at TRANSFORMER/minecraft@1.21.1/net.minecraft.client.gui.screens.Screen.renderWithTooltip(Screen.java:112) ~[neoforge-21.1.214.jar%23192!/:?]
	at TRANSFORMER/neoforge@21.1.214/net.neoforged.neoforge.client.ClientHooks.drawScreenInternal(ClientHooks.java:429) ~[neoforge-21.1.214.jar%23193!/:?]
	at TRANSFORMER/neoforge@21.1.214/net.neoforged.neoforge.client.ClientHooks.drawScreen(ClientHooks.java:423) ~[neoforge-21.1.214.jar%23193!/:?]
	at TRANSFORMER/minecraft@1.21.1/net.minecraft.client.renderer.GameRenderer.render(GameRenderer.java:1098) ~[neoforge-21.1.214.jar%23192!/:?]
	at TRANSFORMER/minecraft@1.21.1/net.minecraft.client.Minecraft.runTick(Minecraft.java:1201) ~[neoforge-21.1.214.jar%23192!/:?]
	at TRANSFORMER/minecraft@1.21.1/net.minecraft.client.Minecraft.run(Minecraft.java:813) ~[neoforge-21.1.214.jar%23192!/:?]
	at TRANSFORMER/minecraft@1.21.1/net.minecraft.client.main.Main.main(Main.java:230) ~[neoforge-21.1.214.jar%23192!/:?]
	at java.base/jdk.internal.reflect.DirectMethodHandleAccessor.invoke(DirectMethodHandleAccessor.java:103) ~[?:?]
	at java.base/java.lang.reflect.Method.invoke(Method.java:580) ~[?:?]
	at MC-BOOTSTRAP/fml_loader@4.0.42/net.neoforged.fml.loading.targets.CommonLaunchHandler.runTarget(CommonLaunchHandler.java:136) ~[loader-4.0.42.jar%23146!/:4.0]
	at MC-BOOTSTRAP/fml_loader@4.0.42/net.neoforged.fml.loading.targets.CommonLaunchHandler.clientService(CommonLaunchHandler.java:124) ~[loader-4.0.42.jar%23146!/:4.0]
	at MC-BOOTSTRAP/fml_loader@4.0.42/net.neoforged.fml.loading.targets.NeoForgeClientDevLaunchHandler.runService(NeoForgeClientDevLaunchHandler.java:23) ~[loader-4.0.42.jar%23146!/:4.0]
	at MC-BOOTSTRAP/fml_loader@4.0.42/net.neoforged.fml.loading.targets.CommonLaunchHandler.lambda$launchService$4(CommonLaunchHandler.java:118) ~[loader-4.0.42.jar%23146!/:4.0]
	at MC-BOOTSTRAP/cpw.mods.modlauncher@11.0.5/cpw.mods.modlauncher.LaunchServiceHandlerDecorator.launch(LaunchServiceHandlerDecorator.java:30) [modlauncher-11.0.5.jar%23128!/:?]
	at MC-BOOTSTRAP/cpw.mods.modlauncher@11.0.5/cpw.mods.modlauncher.LaunchServiceHandler.launch(LaunchServiceHandler.java:53) [modlauncher-11.0.5.jar%23128!/:?]
	at MC-BOOTSTRAP/cpw.mods.modlauncher@11.0.5/cpw.mods.modlauncher.LaunchServiceHandler.launch(LaunchServiceHandler.java:71) [modlauncher-11.0.5.jar%23128!/:?]
	at MC-BOOTSTRAP/cpw.mods.modlauncher@11.0.5/cpw.mods.modlauncher.Launcher.run(Launcher.java:103) [modlauncher-11.0.5.jar%23128!/:?]
	at MC-BOOTSTRAP/cpw.mods.modlauncher@11.0.5/cpw.mods.modlauncher.Launcher.main(Launcher.java:74) [modlauncher-11.0.5.jar%23128!/:?]
	at MC-BOOTSTRAP/cpw.mods.modlauncher@11.0.5/cpw.mods.modlauncher.BootstrapLaunchConsumer.accept(BootstrapLaunchConsumer.java:26) [modlauncher-11.0.5.jar%23128!/:?]
	at MC-BOOTSTRAP/cpw.mods.modlauncher@11.0.5/cpw.mods.modlauncher.BootstrapLaunchConsumer.accept(BootstrapLaunchConsumer.java:23) [modlauncher-11.0.5.jar%23128!/:?]
	at cpw.mods.bootstraplauncher@2.0.2/cpw.mods.bootstraplauncher.BootstrapLauncher.run(BootstrapLauncher.java:210) [bootstraplauncher-2.0.2.jar:?]
	at cpw.mods.bootstraplauncher@2.0.2/cpw.mods.bootstraplauncher.BootstrapLauncher.main(BootstrapLauncher.java:69) [bootstraplauncher-2.0.2.jar:?]
	at java.base/jdk.internal.reflect.DirectMethodHandleAccessor.invoke(DirectMethodHandleAccessor.java:103) ~[?:?]
	at java.base/java.lang.reflect.Method.invoke(Method.java:580) ~[?:?]
	at net.neoforged.devlaunch.Main.main(Main.java:57) [DevLaunch-1.0.2.jar:?]
[18мар.2026 16:04:23.613] [Render thread/WARN] [net.minecraft.client.renderer.texture.TextureManager/]: Failed to load texture: lvluping:textures/gui/talents/m_summon_command.png
java.io.FileNotFoundException: lvluping:textures/gui/talents/m_summon_command.png
	at TRANSFORMER/minecraft@1.21.1/net.minecraft.server.packs.resources.ResourceProvider.lambda$getResourceOrThrow$1(ResourceProvider.java:18) ~[neoforge-21.1.214.jar%23192!/:?]
	at java.base/java.util.Optional.orElseThrow(Optional.java:403) ~[?:?]
	at TRANSFORMER/minecraft@1.21.1/net.minecraft.server.packs.resources.ResourceProvider.getResourceOrThrow(ResourceProvider.java:18) ~[neoforge-21.1.214.jar%23192!/:?]
	at TRANSFORMER/geckolib@4.8.2/software.bernie.geckolib.cache.texture.AnimatableTexture.load(AnimatableTexture.java:40) ~[geckolib-neoforge-1.21.1-4.8.2.jar%23196!/:4.8.2]
	at TRANSFORMER/minecraft@1.21.1/net.minecraft.client.renderer.texture.TextureManager.loadTexture(TextureManager.java:92) ~[neoforge-21.1.214.jar%23192!/:?]
	at TRANSFORMER/minecraft@1.21.1/net.minecraft.client.renderer.texture.TextureManager.register(TextureManager.java:63) ~[neoforge-21.1.214.jar%23192!/:?]
	at TRANSFORMER/minecraft@1.21.1/net.minecraft.client.renderer.texture.TextureManager.wrapOperation$zbc000$geckolib$replaceAnimatableTexture(TextureManager.java:531) ~[neoforge-21.1.214.jar%23192!/:?]
	at TRANSFORMER/minecraft@1.21.1/net.minecraft.client.renderer.texture.TextureManager.getTexture(TextureManager.java:112) ~[neoforge-21.1.214.jar%23192!/:?]
	at TRANSFORMER/minecraft@1.21.1/com.mojang.blaze3d.systems.RenderSystem._setShaderTexture(RenderSystem.java:725) ~[neoforge-21.1.214.jar%23192!/:?]
	at TRANSFORMER/minecraft@1.21.1/com.mojang.blaze3d.systems.RenderSystem.setShaderTexture(RenderSystem.java:718) ~[neoforge-21.1.214.jar%23192!/:?]
	at TRANSFORMER/minecraft@1.21.1/net.minecraft.client.gui.GuiGraphics.innerBlit(GuiGraphics.java:965) ~[neoforge-21.1.214.jar%23192!/:?]
	at TRANSFORMER/minecraft@1.21.1/net.minecraft.client.gui.GuiGraphics.blit(GuiGraphics.java:923) ~[neoforge-21.1.214.jar%23192!/:?]
	at TRANSFORMER/minecraft@1.21.1/net.minecraft.client.gui.GuiGraphics.blit(GuiGraphics.java:865) ~[neoforge-21.1.214.jar%23192!/:?]
	at TRANSFORMER/minecraft@1.21.1/net.minecraft.client.gui.GuiGraphics.blit(GuiGraphics.java:888) ~[neoforge-21.1.214.jar%23192!/:?]
	at TRANSFORMER/lvluping@0.7/org.mrutcka.lvluping.client.TalentScreen.renderTalentsArea(TalentScreen.java:109) ~[%23197!/:?]
	at TRANSFORMER/lvluping@0.7/org.mrutcka.lvluping.client.TalentScreen.render(TalentScreen.java:48) ~[%23197!/:?]
	at TRANSFORMER/minecraft@1.21.1/net.minecraft.client.gui.screens.Screen.renderWithTooltip(Screen.java:112) ~[neoforge-21.1.214.jar%23192!/:?]
	at TRANSFORMER/neoforge@21.1.214/net.neoforged.neoforge.client.ClientHooks.drawScreenInternal(ClientHooks.java:429) ~[neoforge-21.1.214.jar%23193!/:?]
	at TRANSFORMER/neoforge@21.1.214/net.neoforged.neoforge.client.ClientHooks.drawScreen(ClientHooks.java:423) ~[neoforge-21.1.214.jar%23193!/:?]
	at TRANSFORMER/minecraft@1.21.1/net.minecraft.client.renderer.GameRenderer.render(GameRenderer.java:1098) ~[neoforge-21.1.214.jar%23192!/:?]
	at TRANSFORMER/minecraft@1.21.1/net.minecraft.client.Minecraft.runTick(Minecraft.java:1201) ~[neoforge-21.1.214.jar%23192!/:?]
	at TRANSFORMER/minecraft@1.21.1/net.minecraft.client.Minecraft.run(Minecraft.java:813) ~[neoforge-21.1.214.jar%23192!/:?]
	at TRANSFORMER/minecraft@1.21.1/net.minecraft.client.main.Main.main(Main.java:230) ~[neoforge-21.1.214.jar%23192!/:?]
	at java.base/jdk.internal.reflect.DirectMethodHandleAccessor.invoke(DirectMethodHandleAccessor.java:103) ~[?:?]
	at java.base/java.lang.reflect.Method.invoke(Method.java:580) ~[?:?]
	at MC-BOOTSTRAP/fml_loader@4.0.42/net.neoforged.fml.loading.targets.CommonLaunchHandler.runTarget(CommonLaunchHandler.java:136) ~[loader-4.0.42.jar%23146!/:4.0]
	at MC-BOOTSTRAP/fml_loader@4.0.42/net.neoforged.fml.loading.targets.CommonLaunchHandler.clientService(CommonLaunchHandler.java:124) ~[loader-4.0.42.jar%23146!/:4.0]
	at MC-BOOTSTRAP/fml_loader@4.0.42/net.neoforged.fml.loading.targets.NeoForgeClientDevLaunchHandler.runService(NeoForgeClientDevLaunchHandler.java:23) ~[loader-4.0.42.jar%23146!/:4.0]
	at MC-BOOTSTRAP/fml_loader@4.0.42/net.neoforged.fml.loading.targets.CommonLaunchHandler.lambda$launchService$4(CommonLaunchHandler.java:118) ~[loader-4.0.42.jar%23146!/:4.0]
	at MC-BOOTSTRAP/cpw.mods.modlauncher@11.0.5/cpw.mods.modlauncher.LaunchServiceHandlerDecorator.launch(LaunchServiceHandlerDecorator.java:30) [modlauncher-11.0.5.jar%23128!/:?]
	at MC-BOOTSTRAP/cpw.mods.modlauncher@11.0.5/cpw.mods.modlauncher.LaunchServiceHandler.launch(LaunchServiceHandler.java:53) [modlauncher-11.0.5.jar%23128!/:?]
	at MC-BOOTSTRAP/cpw.mods.modlauncher@11.0.5/cpw.mods.modlauncher.LaunchServiceHandler.launch(LaunchServiceHandler.java:71) [modlauncher-11.0.5.jar%23128!/:?]
	at MC-BOOTSTRAP/cpw.mods.modlauncher@11.0.5/cpw.mods.modlauncher.Launcher.run(Launcher.java:103) [modlauncher-11.0.5.jar%23128!/:?]
	at MC-BOOTSTRAP/cpw.mods.modlauncher@11.0.5/cpw.mods.modlauncher.Launcher.main(Launcher.java:74) [modlauncher-11.0.5.jar%23128!/:?]
	at MC-BOOTSTRAP/cpw.mods.modlauncher@11.0.5/cpw.mods.modlauncher.BootstrapLaunchConsumer.accept(BootstrapLaunchConsumer.java:26) [modlauncher-11.0.5.jar%23128!/:?]
	at MC-BOOTSTRAP/cpw.mods.modlauncher@11.0.5/cpw.mods.modlauncher.BootstrapLaunchConsumer.accept(BootstrapLaunchConsumer.java:23) [modlauncher-11.0.5.jar%23128!/:?]
	at cpw.mods.bootstraplauncher@2.0.2/cpw.mods.bootstraplauncher.BootstrapLauncher.run(BootstrapLauncher.java:210) [bootstraplauncher-2.0.2.jar:?]
	at cpw.mods.bootstraplauncher@2.0.2/cpw.mods.bootstraplauncher.BootstrapLauncher.main(BootstrapLauncher.java:69) [bootstraplauncher-2.0.2.jar:?]
	at java.base/jdk.internal.reflect.DirectMethodHandleAccessor.invoke(DirectMethodHandleAccessor.java:103) ~[?:?]
	at java.base/java.lang.reflect.Method.invoke(Method.java:580) ~[?:?]
	at net.neoforged.devlaunch.Main.main(Main.java:57) [DevLaunch-1.0.2.jar:?]
[18мар.2026 16:04:23.615] [Render thread/WARN] [net.minecraft.client.renderer.texture.TextureManager/]: Failed to load texture: lvluping:textures/gui/talents/m_summon_command.png
java.io.FileNotFoundException: lvluping:textures/gui/talents/m_summon_command.png
	at TRANSFORMER/minecraft@1.21.1/net.minecraft.server.packs.resources.ResourceProvider.lambda$getResourceOrThrow$1(ResourceProvider.java:18) ~[neoforge-21.1.214.jar%23192!/:?]
	at java.base/java.util.Optional.orElseThrow(Optional.java:403) ~[?:?]
	at TRANSFORMER/minecraft@1.21.1/net.minecraft.server.packs.resources.ResourceProvider.getResourceOrThrow(ResourceProvider.java:18) ~[neoforge-21.1.214.jar%23192!/:?]
	at TRANSFORMER/minecraft@1.21.1/net.minecraft.client.renderer.texture.SimpleTexture$TextureImage.load(SimpleTexture.java:83) ~[neoforge-21.1.214.jar%23192!/:?]
	at TRANSFORMER/minecraft@1.21.1/net.minecraft.client.renderer.texture.SimpleTexture.getTextureImage(SimpleTexture.java:57) ~[neoforge-21.1.214.jar%23192!/:?]
	at TRANSFORMER/minecraft@1.21.1/net.minecraft.client.renderer.texture.SimpleTexture.load(SimpleTexture.java:30) ~[neoforge-21.1.214.jar%23192!/:?]
	at TRANSFORMER/minecraft@1.21.1/net.minecraft.client.renderer.texture.TextureManager.loadTexture(TextureManager.java:92) ~[neoforge-21.1.214.jar%23192!/:?]
	at TRANSFORMER/minecraft@1.21.1/net.minecraft.client.renderer.texture.TextureManager.register(TextureManager.java:63) ~[neoforge-21.1.214.jar%23192!/:?]
	at TRANSFORMER/minecraft@1.21.1/net.minecraft.client.renderer.texture.TextureManager.getTexture(TextureManager.java:113) ~[neoforge-21.1.214.jar%23192!/:?]
	at TRANSFORMER/minecraft@1.21.1/com.mojang.blaze3d.systems.RenderSystem._setShaderTexture(RenderSystem.java:725) ~[neoforge-21.1.214.jar%23192!/:?]
	at TRANSFORMER/minecraft@1.21.1/com.mojang.blaze3d.systems.RenderSystem.setShaderTexture(RenderSystem.java:718) ~[neoforge-21.1.214.jar%23192!/:?]
	at TRANSFORMER/minecraft@1.21.1/net.minecraft.client.gui.GuiGraphics.innerBlit(GuiGraphics.java:965) ~[neoforge-21.1.214.jar%23192!/:?]
	at TRANSFORMER/minecraft@1.21.1/net.minecraft.client.gui.GuiGraphics.blit(GuiGraphics.java:923) ~[neoforge-21.1.214.jar%23192!/:?]
	at TRANSFORMER/minecraft@1.21.1/net.minecraft.client.gui.GuiGraphics.blit(GuiGraphics.java:865) ~[neoforge-21.1.214.jar%23192!/:?]
	at TRANSFORMER/minecraft@1.21.1/net.minecraft.client.gui.GuiGraphics.blit(GuiGraphics.java:888) ~[neoforge-21.1.214.jar%23192!/:?]
	at TRANSFORMER/lvluping@0.7/org.mrutcka.lvluping.client.TalentScreen.renderTalentsArea(TalentScreen.java:109) ~[%23197!/:?]
	at TRANSFORMER/lvluping@0.7/org.mrutcka.lvluping.client.TalentScreen.render(TalentScreen.java:48) ~[%23197!/:?]
	at TRANSFORMER/minecraft@1.21.1/net.minecraft.client.gui.screens.Screen.renderWithTooltip(Screen.java:112) ~[neoforge-21.1.214.jar%23192!/:?]
	at TRANSFORMER/neoforge@21.1.214/net.neoforged.neoforge.client.ClientHooks.drawScreenInternal(ClientHooks.java:429) ~[neoforge-21.1.214.jar%23193!/:?]
	at TRANSFORMER/neoforge@21.1.214/net.neoforged.neoforge.client.ClientHooks.drawScreen(ClientHooks.java:423) ~[neoforge-21.1.214.jar%23193!/:?]
	at TRANSFORMER/minecraft@1.21.1/net.minecraft.client.renderer.GameRenderer.render(GameRenderer.java:1098) ~[neoforge-21.1.214.jar%23192!/:?]
	at TRANSFORMER/minecraft@1.21.1/net.minecraft.client.Minecraft.runTick(Minecraft.java:1201) ~[neoforge-21.1.214.jar%23192!/:?]
	at TRANSFORMER/minecraft@1.21.1/net.minecraft.client.Minecraft.run(Minecraft.java:813) ~[neoforge-21.1.214.jar%23192!/:?]
	at TRANSFORMER/minecraft@1.21.1/net.minecraft.client.main.Main.main(Main.java:230) ~[neoforge-21.1.214.jar%23192!/:?]
	at java.base/jdk.internal.reflect.DirectMethodHandleAccessor.invoke(DirectMethodHandleAccessor.java:103) ~[?:?]
	at java.base/java.lang.reflect.Method.invoke(Method.java:580) ~[?:?]
	at MC-BOOTSTRAP/fml_loader@4.0.42/net.neoforged.fml.loading.targets.CommonLaunchHandler.runTarget(CommonLaunchHandler.java:136) ~[loader-4.0.42.jar%23146!/:4.0]
	at MC-BOOTSTRAP/fml_loader@4.0.42/net.neoforged.fml.loading.targets.CommonLaunchHandler.clientService(CommonLaunchHandler.java:124) ~[loader-4.0.42.jar%23146!/:4.0]
	at MC-BOOTSTRAP/fml_loader@4.0.42/net.neoforged.fml.loading.targets.NeoForgeClientDevLaunchHandler.runService(NeoForgeClientDevLaunchHandler.java:23) ~[loader-4.0.42.jar%23146!/:4.0]
	at MC-BOOTSTRAP/fml_loader@4.0.42/net.neoforged.fml.loading.targets.CommonLaunchHandler.lambda$launchService$4(CommonLaunchHandler.java:118) ~[loader-4.0.42.jar%23146!/:4.0]
	at MC-BOOTSTRAP/cpw.mods.modlauncher@11.0.5/cpw.mods.modlauncher.LaunchServiceHandlerDecorator.launch(LaunchServiceHandlerDecorator.java:30) [modlauncher-11.0.5.jar%23128!/:?]
	at MC-BOOTSTRAP/cpw.mods.modlauncher@11.0.5/cpw.mods.modlauncher.LaunchServiceHandler.launch(LaunchServiceHandler.java:53) [modlauncher-11.0.5.jar%23128!/:?]
	at MC-BOOTSTRAP/cpw.mods.modlauncher@11.0.5/cpw.mods.modlauncher.LaunchServiceHandler.launch(LaunchServiceHandler.java:71) [modlauncher-11.0.5.jar%23128!/:?]
	at MC-BOOTSTRAP/cpw.mods.modlauncher@11.0.5/cpw.mods.modlauncher.Launcher.run(Launcher.java:103) [modlauncher-11.0.5.jar%23128!/:?]
	at MC-BOOTSTRAP/cpw.mods.modlauncher@11.0.5/cpw.mods.modlauncher.Launcher.main(Launcher.java:74) [modlauncher-11.0.5.jar%23128!/:?]
	at MC-BOOTSTRAP/cpw.mods.modlauncher@11.0.5/cpw.mods.modlauncher.BootstrapLaunchConsumer.accept(BootstrapLaunchConsumer.java:26) [modlauncher-11.0.5.jar%23128!/:?]
	at MC-BOOTSTRAP/cpw.mods.modlauncher@11.0.5/cpw.mods.modlauncher.BootstrapLaunchConsumer.accept(BootstrapLaunchConsumer.java:23) [modlauncher-11.0.5.jar%23128!/:?]
	at cpw.mods.bootstraplauncher@2.0.2/cpw.mods.bootstraplauncher.BootstrapLauncher.run(BootstrapLauncher.java:210) [bootstraplauncher-2.0.2.jar:?]
	at cpw.mods.bootstraplauncher@2.0.2/cpw.mods.bootstraplauncher.BootstrapLauncher.main(BootstrapLauncher.java:69) [bootstraplauncher-2.0.2.jar:?]
	at java.base/jdk.internal.reflect.DirectMethodHandleAccessor.invoke(DirectMethodHandleAccessor.java:103) ~[?:?]
	at java.base/java.lang.reflect.Method.invoke(Method.java:580) ~[?:?]
	at net.neoforged.devlaunch.Main.main(Main.java:57) [DevLaunch-1.0.2.jar:?]
[18мар.2026 16:04:40.585] [Server thread/WARN] [net.minecraft.server.MinecraftServer/]: Can't keep up! Is the server overloaded? Running 3390ms or 67 ticks behind
[18мар.2026 16:04:55.255] [Server thread/INFO] [net.minecraft.server.MinecraftServer/]: ★★★★★★★ Dev [20] has made the advancement [Monster Hunter]
[18мар.2026 16:04:55.276] [Render thread/INFO] [net.minecraft.client.gui.components.ChatComponent/]: [System] [CHAT] ★★★★★★★ Dev [20] has made the advancement [Monster Hunter]
[18мар.2026 16:04:55.317] [Render thread/INFO] [net.minecraft.advancements.AdvancementTree/]: Loaded 369 advancements
[18мар.2026 16:04:59.096] [Server thread/INFO] [net.minecraft.client.server.IntegratedServer/]: Saving and pausing game...
[18мар.2026 16:04:59.131] [Server thread/INFO] [net.minecraft.server.MinecraftServer/]: Saving chunks for level 'ServerLevel[New World]'/minecraft:overworld
[18мар.2026 16:04:59.161] [Server thread/INFO] [net.minecraft.server.MinecraftServer/]: Saving chunks for level 'ServerLevel[New World]'/minecraft:the_nether
[18мар.2026 16:04:59.163] [Server thread/INFO] [net.minecraft.server.MinecraftServer/]: Saving chunks for level 'ServerLevel[New World]'/minecraft:the_end
[18мар.2026 16:05:15.158] [Server thread/INFO] [net.minecraft.server.MinecraftServer/]: [★★★★★★★ Dev [20]: Summoned new Skeleton]
[18мар.2026 16:05:15.160] [Render thread/INFO] [net.minecraft.client.gui.components.ChatComponent/]: [System] [CHAT] Summoned new Skeleton
[18мар.2026 16:05:30.010] [Server thread/INFO] [net.minecraft.server.MinecraftServer/]: [★★★★★★★ Dev [20]: Summoned new Skeleton]
[18мар.2026 16:05:30.013] [Render thread/INFO] [net.minecraft.client.gui.components.ChatComponent/]: [System] [CHAT] Summoned new Skeleton
[18мар.2026 16:05:47.964] [Server thread/INFO] [net.minecraft.server.MinecraftServer/]: [★★★★★★★ Dev [20]: Set own game mode to Survival Mode]
[18мар.2026 16:05:47.965] [Render thread/INFO] [net.minecraft.client.gui.components.ChatComponent/]: [System] [CHAT] Set own game mode to Survival Mode
[18мар.2026 16:05:55.154] [Server thread/INFO] [net.minecraft.client.server.IntegratedServer/]: Saving and pausing game...
[18мар.2026 16:05:55.175] [Server thread/INFO] [net.minecraft.server.MinecraftServer/]: Saving chunks for level 'ServerLevel[New World]'/minecraft:overworld
[18мар.2026 16:05:55.193] [Server thread/INFO] [net.minecraft.server.MinecraftServer/]: Saving chunks for level 'ServerLevel[New World]'/minecraft:the_nether
[18мар.2026 16:05:55.194] [Server thread/INFO] [net.minecraft.server.MinecraftServer/]: Saving chunks for level 'ServerLevel[New World]'/minecraft:the_end
[18мар.2026 16:06:00.696] [Server thread/INFO] [net.minecraft.client.server.IntegratedServer/]: Saving and pausing game...
[18мар.2026 16:06:00.709] [Server thread/INFO] [net.minecraft.server.MinecraftServer/]: Saving chunks for level 'ServerLevel[New World]'/minecraft:overworld
[18мар.2026 16:06:00.723] [Server thread/INFO] [net.minecraft.server.MinecraftServer/]: Saving chunks for level 'ServerLevel[New World]'/minecraft:the_nether
[18мар.2026 16:06:00.724] [Server thread/INFO] [net.minecraft.server.MinecraftServer/]: Saving chunks for level 'ServerLevel[New World]'/minecraft:the_end
[18мар.2026 16:06:01.356] [Server thread/INFO] [net.minecraft.server.network.ServerGamePacketListenerImpl/]: Dev lost connection: Disconnected
[18мар.2026 16:06:01.356] [Server thread/INFO] [net.minecraft.server.MinecraftServer/]: ★★★★★★★ Dev [20] left the game
[18мар.2026 16:06:01.368] [Server thread/INFO] [net.minecraft.server.network.ServerCommonPacketListenerImpl/]: Stopping singleplayer server as player logged out
[18мар.2026 16:06:01.420] [Server thread/INFO] [net.minecraft.server.MinecraftServer/]: Stopping server
[18мар.2026 16:06:01.420] [Server thread/INFO] [net.minecraft.server.MinecraftServer/]: Saving players
[18мар.2026 16:06:01.420] [Server thread/INFO] [net.minecraft.server.MinecraftServer/]: Saving worlds
[18мар.2026 16:06:02.792] [Server thread/INFO] [net.minecraft.server.MinecraftServer/]: Saving chunks for level 'ServerLevel[New World]'/minecraft:overworld
[18мар.2026 16:06:02.871] [Server thread/INFO] [net.minecraft.server.MinecraftServer/]: Saving chunks for level 'ServerLevel[New World]'/minecraft:the_nether
[18мар.2026 16:06:02.877] [Server thread/INFO] [net.minecraft.server.MinecraftServer/]: Saving chunks for level 'ServerLevel[New World]'/minecraft:the_end
[18мар.2026 16:06:02.891] [Server thread/INFO] [net.minecraft.server.MinecraftServer/]: ThreadedAnvilChunkStorage (New World): All chunks are saved
[18мар.2026 16:06:02.891] [Server thread/INFO] [net.minecraft.server.MinecraftServer/]: ThreadedAnvilChunkStorage (DIM-1): All chunks are saved
[18мар.2026 16:06:02.892] [Server thread/INFO] [net.minecraft.server.MinecraftServer/]: ThreadedAnvilChunkStorage (DIM1): All chunks are saved
[18мар.2026 16:06:02.892] [Server thread/INFO] [net.minecraft.server.MinecraftServer/]: ThreadedAnvilChunkStorage: All dimensions are saved
[18мар.2026 16:06:03.470] [Render thread/INFO] [net.minecraft.client.Minecraft/]: Stopping!
